reviewId,country,userName,score,at,title,content,thumbsUpCount,appVersion,category,sentiment,churn_risk,tenure,summary,stars
14458689882,us,SF artist,1,2026-08-22 13:21:17,App broken,Can't open this on any device.  What is wrong with friends today?,0,14.6.0,bugs_performance,negative,False,unknown,App fails to open on any device.,
14456743411,us,HUD reports,4,2026-08-22 00:21:42,Awesome game except for the ads,"Angry Birds friends is really fun and I would highly recommend it to Angry Birds fans but the only problem is it’s just the ads they it’s just so annoying but that doesn’t stop me from playing the game all the time for some people that ads might be annoying and there’s no way to get rid of them so that’s pretty annoying. That’s why I give it four stars but all in all I was still highly recommend this game really fun signed, hud 

 reports",0,14.6.0,ads,neutral,False,unknown,"Fun game but ads are annoying and unavoidable, costing it one star.",
14450017753,us,nobodyisthatfaraway,2,2026-08-20 08:45:44,Level 60 is glitched and has been for years,"The game starts fun but after only a couple levels becomes absurdly difficult. This is not a skill issue, this is Rovio trying to get people to buy microtransactions. 

You can just barely squeak by getting single stars at points and other levels are pretty easy. But you can tell the intricacy of the levels and amount of pigs that Rovio are being manipulative in getting people to get frustrated.

Not to mention the bugs. Some levels have a certain amount of randomness by design. But when things don’t spawn the same way every time you get slightly but noticeably different runs.

It’s fun at first but then you notice how greedy and scummy Rovio is.

It’s a free game but it’s designed to scam kids and people unaware of how it slowly nags at you to buy things, and then gets so difficult you have to spend money. Why make a game that’s fun for a $1 or $5 when you can make money off whales right Rovio? 

Also in my title level 60 is impossible without RNG or purchases due to the level being bugged. I can see why this game is dogged on now.",0,14.6.0,progression_difficulty,negative,False,unknown,"Game becomes absurdly difficult quickly, with bugs and perceived manipulation to push microtransaction spending.",
14441263053,us,Good Suggestion Guy,5,2026-08-18 03:29:30,AB Friends is amazing!,We just need the OG AB back,0,14.6.0,praise,positive,False,unknown,Player loves AB Friends but wants the original Angry Birds back.,
14437541494,us,iaiaie,2,2026-08-17 05:35:09,Impossible?,Level 60 is way to difficult. it makes the game very pay to win if you dont have abilities,0,14.6.0,progression_difficulty,negative,False,unknown,"Level 60 is impossibly difficult without paid abilities, making the game feel pay-to-win.",
14428478732,us,JEFFB1976,5,2026-08-14 22:42:32,Love it!! 😍,I love it so much!!!! You should ad a infinite mode where you can lunch 2000+ possible bird or characters including the original bird the bird from Stella the bird from space and ♾️➕ more random possible bird,0,14.6.0,feature_request,positive,False,unknown,Player loves the game and requests an infinite mode featuring a massive variety of birds.,
14417044172,us,Jdogwazhere,5,2026-08-12 03:10:26,Fun and Addicting,This game is so much like the classic but looks better and is better then Angry Birds 2!!! Rovio well done!!,0,14.6.0,praise,positive,False,unknown,Player finds the game fun and considers it better than Angry Birds 2.,
14409817232,us,BigFatGoose_,5,2026-08-10 09:17:34,BLUES' TALLEST TOWER FLOOR 73-6 Cannot load,"It's a very interesting game. I've been playing the Angry Birds series for over 10 years. abfriends updates levels every day or every few days, which is really great. The new levels are always very fun!",0,14.6.0,live_events,positive,False,veteran,Long-time Angry Birds fan praises the frequent new level updates as fun and engaging.,
14406397350,us,Ropesy,1,2026-08-09 12:13:45,Absolute scam of the year,"This game has a game within it called Blues Tower.  The concept is simple.  Every day you reach a new level, you climb a floor.  Every two weeks, when you reach, let’s say, Floor 615, you get rewards and you strive to reach the next Floor level goal, another two weeks later.  However, this game is rigged.  You don’t progress each day.  You play, and you don’t progress to the next floor.  Or…better yet…the game “allows” you to go up a floor towards your next Floor goal that’ll give you a reward at the end, but suddenly you’re back at Floor 602 and need to work yourself back up to Floor 615.  But you never get there.  You never make any progress.  So what should take you two weeks to reach the next Floor level and gain points will actually take you months.  I would never pay for a game that cheats its players.",0,14.6.0,bugs_performance,negative,True,unknown,"Blues Tower progress resets unexpectedly, making the reward system feel rigged and broken.",
14401108525,us,kaurhrgegegr,4,2026-08-08 01:52:38,It is ok,It is a good game that all,0,14.6.0,praise,neutral,False,unknown,Player finds the game generally good with no further elaboration.,
14401036078,us,Wat teh derp,4,2026-08-08 01:24:19,Wat!,So like today I watched an ad for the double spin on the wheel and like I completed the ad and then it didn’t give me the double spin!!!11😡😡😡😡🤬🤬🤬🤬🤬🤬🤬… but overall a good app.,0,14.6.0,ads,negative,False,unknown,Ad reward for double spin wheel did not deliver after being fully watched.,
14391757343,us,Awesome bird fighting game,5,2026-08-05 17:20:32,So great I don’t even know how to do 110 out of 10,Oh so awesome and very addicted to it. I think my friends will love this. I hope you guys keep making more Angry Birds and I hope you guys also make more more movies too. That’s how great it is. I really love,0,14.5.0,praise,positive,False,unknown,Player is extremely enthusiastic about the game and hopes for more Angry Birds content.,
14389321197,us,Adal MatthewGarcia Martinez,4,2026-08-05 03:14:45,I have Angry Birds,It is a fun game but on my phone it is glitchy but in the meantime it’s fun but I wish they added the titanic,0,14.5.0,bugs_performance,neutral,False,unknown,Game is fun but experiences glitchiness on the player's phone.,
14389081132,us,GaryCooperLB,5,2026-08-05 01:45:08,Cool,It’s so cool I’m happy,0,14.5.0,praise,positive,False,unknown,Player briefly expresses happiness with the game.,
14380845238,us,ballsin78,5,2026-08-03 01:36:54,Love it,Love it,0,14.5.0,praise,positive,False,unknown,Player simply states they love the game.,
14375561671,us,Pls Update The Cookie Chances,4,2026-08-01 17:45:33,Old sounds,I just want the old angry birds sounds back..,0,14.5.0,ux_ui,neutral,False,unknown,Player wants the original Angry Birds sound effects restored.,
14372128915,us,￼Math,5,2026-07-31 21:25:20,I am happy,Good,0,14.5.0,praise,positive,False,unknown,Player is happy with the game.,
14371828535,us,Cream stars,4,2026-07-31 19:37:49,Angry birds 🐦 😡,I love this game it’s amazing,0,14.5.0,praise,positive,False,unknown,Player loves and finds the game amazing.,
14371721659,us,🔴red ball🔴,5,2026-07-31 19:01:22,I give a 5 star,play this it’s the best game ever cuz I love angry birds because it’s the best thing ever in me you start with 616 bird coins if you keeping them then you will have a lot of coins soooo I give it a 5 star cuz I love ANGRY BIRDS that I even have angry bird plushies but not all of them I got the first 3 red bomb and bubbles but for Christmas I got 4 chuck stella blue and a bad…. you got it! it’s a bad piggy!!! so that is all so bye😚🤗🤗,0,14.5.0,praise,positive,False,unknown,"Enthusiastic fan shares love for Angry Birds, mentions starting coins and their plush collection.",
14368246185,us,My reaction 123,3,2026-07-30 22:42:59,Angry bird,It’s ok but uh it’s not the same as angry birds,0,14.5.0,other,neutral,False,unknown,Player finds the game okay but feels it differs from the original Angry Birds experience.,
14367449504,us,89&):,5,2026-07-30 18:02:00,Wow,I love it and I only knew angry birds because of the movies and I’ve recently discovered this game and it’s amazing,0,14.5.0,praise,positive,False,new,New player discovered the game through the movies and finds it amazing.,
14367406498,us,Jenhateschoosingnames,1,2026-07-30 17:48:25,Power ups need a deselect option badly.,You put the power ups in an even worse spot. There needs to be an option to deselect or confirm that you want to use a power up so that way we’re not losing them. as you well know they’re not returned after reporting it in support. It’s not good business period,0,14.5.0,ux_ui,negative,False,unknown,"Power-ups lack a deselect or confirmation option, causing accidental use with no refunds from support.",
14365144587,us,Minkie33,5,2026-07-30 04:56:13,Better than angry birds 2,Game is good as angry birds 2 good gameplay like the og game,0,14.5.0,praise,positive,False,unknown,Player considers the game better than Angry Birds 2 with good classic gameplay.,
14361318323,us,Lun1🐱,1,2026-07-29 06:25:54,"I hate it, I’m sorry.","This was too hard for me. Please bring back all the old Angry Birds games that you removed from the App Store, and please make them free to download.",0,14.5.0,progression_difficulty,negative,True,unknown,Player found the game too hard and requests Rovio restore removed classic Angry Birds titles.,
14361199978,us,JBSpecials,5,2026-07-29 05:35:22,Great,Super,0,14.5.0,praise,positive,False,unknown,Player gives a brief positive rating with no elaboration.,
14355495384,us,Bob spongey,4,2026-07-27 19:15:46,Where’s the original,I only got this one because it’s free and it’s close to the original bring back the original ⭐️⭐️⭐️⭐️,0,14.5.0,feature_request,neutral,False,unknown,Player wants the original Angry Birds game back and only downloaded this as a free alternative.,
14355455584,us,D0noforce,5,2026-07-27 19:02:41,Fun,Good game one of the best ones available,0,14.5.0,praise,positive,False,unknown,Player considers it one of the best games available.,
14352784892,us,Kingnatenate11,5,2026-07-27 03:34:07,This is so cool,Is nostalgic and Kids play this game,0,14.5.0,praise,positive,False,unknown,Player finds the game nostalgic and notes kids enjoy it.,
14351139614,us,Owen Alexander Lawson,5,2026-07-26 17:22:26,How it feels like the classic,The game really feels just like the classic angry birds game I request you to play it,0,14.5.0,praise,positive,False,unknown,Player says the game faithfully captures the classic Angry Birds feel.,
14351030627,us,I hate tomatoes 1,1,2026-07-26 16:48:45,Fix level 60,Level 60 is impossible,0,14.5.0,progression_difficulty,negative,False,unknown,Player reports level 60 is impossible to beat.,
14347952463,us,Bang van dang,5,2026-07-25 21:39:55,Angry birds friends,Is awesomeness,0,14.5.0,praise,positive,False,unknown,Player simply praises the game as awesome.,
14346415492,us,Cudtom3rUNhappie,3,2026-07-25 13:17:32,Too difficult,We have played for years.  Your programmers are making levels that are ridiculously hard.  Where is the fun now?,0,14.5.0,progression_difficulty,negative,False,veteran,Long-time players frustrated by increasingly difficult levels that remove the fun.,
14345090949,us,K3v1n117,1,2026-07-25 04:43:04,Pay to win,"This game is so bad they don’t give you enough birds, impossible to get 3 stars. The wood for chuck is indestructible. Terrible game. Don’t waste your time",0,14.5.0,monetization,negative,True,unknown,Player complains of pay-to-win design with insufficient birds and impossible 3-star ratings.,
14344262094,us,Roblox kid logo,5,2026-07-24 23:13:48,Angry bird update,The no WiFi (check) update piggy (check,0,14.5.0,praise,positive,False,unknown,Player positively notes offline play and Piggy Tower features in an update.,
14343719276,us,pissedoffintampa,2,2026-07-24 19:46:21,Not much fun now,"Why have made the game so much harder in the past several months?  Only to sell power ups, I guess!   I’m playing less often and spending a lot less time in the app.  Congrats.",0,14.5.0,progression_difficulty,negative,True,unknown,"Player believes difficulty was artificially inflated to push power-up sales, causing them to play less.",
14340343994,us,hyrfryfuuyfrfhry,1,2026-07-23 23:49:10,This isn’t Dude Perfect.,"Why in the world are some of the tournament levels dang near impossible to beat?! It caused me to stay up overtime because I have to wake up early!!! I thought this was a kid friendly game and not some stupid gambling slop! I am an 18 y.o. boy with Autism, OCD, and anxiety and I would hate for someone else to go through this!!! I just deleted the app and I’m pretty sure unless you be more considerate on how you create these levels, I WON’T be playing this game ever again!!!",0,14.5.0,progression_difficulty,negative,True,unknown,An autistic 18-year-old deleted the app after finding tournament levels impossibly difficult and stressful.,
14333248666,us,bigmajorgaming,5,2026-07-22 06:31:58,Angry birds but better 🤩🤩🤩,This game is literally what my reply says it has all the great features from the og game but better lol 😝,0,14.5.0,praise,positive,False,unknown,Player loves that the game improves on the original Angry Birds experience.,
14332142396,us,Maverick Davis,5,2026-07-21 23:08:54,Great game,I adore playing this game,0,14.5.0,praise,positive,False,unknown,Player simply says they adore the game.,
14331892624,us,Redhill Studios,5,2026-07-21 21:31:50,I love this game,The bomb bird is my favorite because he makes me laugh,0,14.5.0,praise,positive,False,unknown,Player loves the game and finds the Bomb bird entertaining.,
14326528078,us,Efedinho,5,2026-07-20 14:25:20,Mük,•,0,14.5.0,other,neutral,False,unknown,Review contains no meaningful content.,
14324540096,us,CutePiplupReviewz,5,2026-07-20 01:39:46,The most classic experience you’ll ever get,"This is the oldest still available free game in the series (looking at you Rovio), and it still holds up.",0,14.5.0,praise,positive,False,veteran,Long-time player notes this is the oldest free entry in the series and it still holds up.,
14322900706,us,Félix 1253,5,2026-07-19 16:00:22,Reseña,Muy bueno el juego gracias,0,14.5.0,praise,positive,False,unknown,Player briefly praises the game in Spanish.,
14319321767,us,mail05220,5,2026-07-18 18:22:10,No micro transactions!,"I love the lack of micro transactions, makes the game so playable!",0,14.5.0,monetization,positive,False,unknown,"Player praises the game for lacking micro-transactions, making it enjoyable.",
14315948377,us,chloeandgypsy,1,2026-07-17 22:16:18,Levels,"They are very rude and refuse to help players.  I’ve been playing for several years and never ask for any help.  The game freezes unexpectedly in the middle of play.  Also, when there is a level you can’t clear, they ignore you when all you want is help.  I wouldn’t recommend this game to anyone. If you want help, this is not the game for you.  They are rude and talk to you as if you are a moron. Also, their rewards are pitiful. I paid out 1500 coins to get through a level.  When I couldn’t get any satisfaction, they shut me down.  That’s their customer service.  Stay away from this game.",0,14.5.0,bugs_performance,negative,True,veteran,"Veteran player reports game freezes, lost coins, pitiful rewards, and poor customer service.",
14315378032,us,Gary1331,5,2026-07-17 18:50:51,It’s good,It good,0,14.5.0,praise,positive,False,unknown,Player briefly states the game is good.,
14304599414,us,TheRealRustyShackleford,2,2026-07-15 03:28:18,Annoying Server Problems,Repeated server connection issues resulted in lost progress in various tournaments. Not to mention all the power ups that magically disappeared after purchasing them. Very disappointed with this game.,0,14.5.0,bugs_performance,negative,False,unknown,Repeated server issues caused lost tournament progress and disappeared purchased power-ups.,
14303897568,us,Duchess hbc hsb,5,2026-07-14 22:58:28,Angry burds friends,Best. Game. Ever.,0,14.5.0,praise,positive,False,unknown,Player calls it the best game ever.,
14303285592,us,Mason suka,5,2026-07-14 19:16:54,John Kirkroua,Big Red,0,14.5.0,praise,positive,False,unknown,Minimal review referencing Big Red bird positively.,
14292270328,us,These games are the best games,5,2026-07-12 01:26:30,Best game ever,I love the new update that adds a lot of more levels and the game feels so much more enjoyable now it is now amazing. It’s so satisfying to watch all the blocks move around getting the pigs. I love this game. Please make more like this. Download Angry Birds friends now.,0,14.5.0,live_events,positive,False,unknown,Player loves a new update adding more levels and finds the game much more enjoyable.,
14284229310,us,Angry Birds lover 123,5,2026-07-10 01:26:39,Best game in history,Angry Birds friends is so much fun and I bet that I’m gonna play all night,0,14.5.0,praise,positive,False,unknown,Player enthusiastically praises the game and plans to play all night.,
14283929873,us,QWERTYUIOPLKJHGFDSAZXCVBNM!?,5,2026-07-09 23:30:44,Title,Review,0,14.5.0,other,neutral,False,unknown,Review with no substantive content beyond a title.,
14279500819,us,AbsurdCheesecake,2,2026-07-08 21:15:40,Cash grab.,"What once was a great Angry Birds spinoff has now become a quick money grabber. In addition to ads being shoved in your face, the server likes to disconnect itself randomly which removes your streak, in attempt to encourage you to spend money to get it back. The Angry Birds franchise is a sinking ship that hasn’t had a good game release since 2014, and it’s saddening.",0,14.5.0,monetization,negative,True,veteran,Player accuses the game of becoming a cash grab with forced disconnects designed to push spending.,
14272200303,us,join my clan matthewzens2019,2,2026-07-07 01:41:17,Horrible,Horrible game design,0,14.5.0,ux_ui,negative,False,unknown,Player criticizes the game design as horrible with no further detail.,
14271827681,us,krissymason,5,2026-07-06 23:18:17,Super fun,Classic game for All ages,0,14.5.0,praise,positive,False,unknown,Player calls it a classic fun game for all ages.,
14268983504,us,喵毛线🧶,5,2026-07-06 07:16:04,好玩,爱玩,0,14.5.0,praise,positive,False,unknown,Brief positive review expressing enjoyment of the game.,
14268711088,us,yessgurll_,5,2026-07-06 05:14:44,THANKS SO MUCH FOR THE LOVE ❤️,Best game ever so easy fun and I would love if there was going to be a fourth movie I would be one of the actors one of the new ones,0,14.5.0,praise,positive,False,unknown,Player loves the game and finds it easy and fun.,
14268021055,us,1023r,1,2026-07-06 00:36:07,Greedy Birds is more like it!,"Be aware that for some time now this apps likes to flash error/disconnected messages just for the sake of stealing one of your ""lives"" across all games in hopes of getting you to $pend faster and more often if unlike me you are predisposed to do so..
However I just delete the scam-er- game when I’ve had enough and download again a week or two later to see if they’ve ""fixed"" the issue…",0,14.5.0,monetization,negative,True,unknown,"Player accuses the game of deliberately triggering errors to drain lives and push spending, and cycles between deleting and reinstalling.",
14264725365,us,αηтιєησנι¢αт_נєяση(ѕαтσ),5,2026-07-05 05:26:35,Like IT,This was the favorite game OF All time I built a slingshot in chicken gun My favorites are red Chuck bomb Terrence hal,0,14.5.0,praise,positive,False,unknown,Player expresses love for the game and its classic characters.,
14263712839,us,Coolgui Kye,5,2026-07-04 22:24:15,Yo mama,W game,0,14.5.0,praise,positive,False,unknown,Short positive endorsement calling it a great game.,
14263316098,us,Taznjynx,2,2026-07-04 19:49:04,Angry birds friends,"I’ve played this game for several years.  Lately I’ve noticed that once you play all levels, if you want to go back and get a better score the birds seem to lose the same amount of velocity that they had the first round.  The bots seem to outscore real player by a lot.  That takes some of the fun and challenge out of it.  Too bad since this was my favorite game.  I’m not sure I understand what has changed but it’s no longer fun, just annoying.",0,14.5.0,tournaments_fairness,negative,True,veteran,"Long-time player frustrated by bots outscoring real players and reduced bird velocity on replays, making the game no longer fun.",
14262370122,us,Ajmoguera,5,2026-07-04 14:51:45,Best game,This game is so fun and I love to play it and unlock new levels and characters🦅🐥🔥,0,14.5.0,praise,positive,False,unknown,Player finds the game fun and enjoys unlocking new levels and characters.,
14256642402,us,"Johnathon Seattle, WA",5,2026-07-03 05:31:11,Angry Birds Friends Review,"I absolutely LOVE THIS GAME!!!! The evolution of this brand has been fun to follow over the years, and I can’t wait for another expansion. #ABF4EVER",0,14.5.0,praise,positive,False,veteran,Long-time fan loves the game and is excited for future expansions.,
14256328881,us,eudjsow so,4,2026-07-03 03:28:48,rudy,lsbsmisvsus,0,14.5.0,other,neutral,False,unknown,Review contains only unintelligible text with no meaningful content.,
14255929727,us,Princess London Nien,5,2026-07-03 01:04:31,Angry birds friends,So cool,0,14.5.0,praise,positive,False,unknown,Brief positive review describing the game as cool.,
14255308138,us,rebel-dude_098,5,2026-07-02 21:11:24,Incredible,"This is the one I love playing the most, and I’m glad I found it with all the power ups for the slingshot and for certain birds",0,14.5.0,praise,positive,False,unknown,Player loves the game most for its slingshot power-ups and bird enhancements.,
14252652788,us,sulaco_in,5,2026-07-02 07:14:14,Back to,Back to piggy and portal normal,0,14.5.0,other,neutral,False,unknown,Unclear review referencing piggy and portal with no actionable content.,
14252171097,us,beautiful song lala,3,2026-07-02 04:00:10,Matildingggggggg,I had lots of fun playing this with bf❤️,0,14.5.0,praise,positive,False,unknown,Player enjoyed the game while playing with their partner.,
14251790282,us,Scoobee Doo,5,2026-07-02 01:41:11,Scooby-Doo,Awesomeness fun game,0,14.5.0,praise,positive,False,unknown,Player describes the game as awesome and fun.,
14251632609,us,It’s not the best thing,5,2026-07-02 00:44:28,I love this game!!!!,It is so fun and I love playing it on car rides!,0,14.5.0,praise,positive,False,unknown,Player loves the game and enjoys it during car rides.,
14251436220,us,The only thing you should know,1,2026-07-01 23:31:39,Yo suck,You are focusing on the second game and say it’s ruining your franchise,0,14.5.0,other,negative,False,unknown,Vague negative comment accusing Rovio of harming its franchise with a second game.,
14250694812,us,Cookie dough cat sprinkles,5,2026-07-01 19:08:19,Why this game is amazing,So i played this game and it reminds me of the classic from 2009 so much and I really love angry birds I’ve been a fan for a long time and rovio I just wanted to say well done btw hi red !,0,14.5.0,praise,positive,False,veteran,Long-time Angry Birds fan praises the game for recapturing the classic 2009 experience.,
14248462999,us,Dannyboi20122,5,2026-07-01 07:40:12,The game was fun,I like it its cool,0,14.5.0,praise,positive,False,unknown,Short positive review calling the game cool and fun.,
14243545211,us,angrybirdlover009,5,2026-06-30 03:59:09,beautiful,beautiful,0,14.5.0,praise,positive,False,unknown,Single-word positive review praising the game as beautiful.,
14243188180,us,Conkers_007,5,2026-06-30 01:44:43,Classic,Best game ever,0,14.5.0,praise,positive,False,unknown,Player calls it a classic and the best game ever.,
14233658300,us,Mater_Man,5,2026-06-27 17:38:53,Good game,Good game lots of fun l,0,14.5.0,praise,positive,False,unknown,Player rates the game positively and finds it lots of fun.,
14230833262,us,dogointro,5,2026-06-27 01:23:27,Tuff a game,Game was so good it made me want to shoot myself from a slingshot into a building.,0,14.5.0,praise,positive,False,unknown,Player humorously praises the game as extremely fun and engaging.,
14229659168,us,Peg1970,3,2026-06-26 18:16:42,A total rip off,I downloaded angry bird friends I hate to say this but ROVIO is ripping people off with having gamers spend their money on getting power ups to buy slingshots and coins It's such a shame on the piggy towers it’s been the same levels over that past 12 years. When you uninstall the game and you start from the beginning just after you have done the tournament the exploding pigs are there but does Rovio keep them later on in the tournaments of course not it’s only used in the star cup tournament. You get to level 107 floor 36 on piggie tower you try to destroy most of the structure BUT of course ROVIO isn't satisfied with the score you get after completing the level when they want you to use almost half your power ups and then spend more of your birds coins to buy more power ups. What a RIP OFF!!!! Also I do think the tournament is RIGGED and so is the piggies towers as well!!! Plus you can't even get past floor 36 there's a cloud right above it. What's worse is there is ads on this game. Plus everytime you delete the angry birds friends app it’s the same OLD levels on the piggy towers. It has not been updated at all. It’s time for a serious upgrade on the piggy towers.,0,14.5.0,monetization,negative,True,veteran,Long-time player accuses Rovio of ripping off players with pay-to-win power-ups and criticises stagnant Piggy Tower content over 12 years.,
14214525009,us,Imprezanator0,5,2026-06-22 22:26:44,Thank you,I like angry birds r34,0,14.4.0,praise,positive,False,unknown,Brief positive review expressing enjoyment of the game.,
14211489960,us,MasterS-0014,4,2026-06-22 03:54:14,Almost as good as the original… Almost,"Not a fan of how this game is advertised as being the original but better, but I can still appreciate how well this one plays. Especially when compared to how many of the spinoffs are match 3 games with an angry birds theme to it.",0,14.4.0,praise,positive,False,unknown,"Player appreciates the authentic slingshot gameplay compared to match-3 spinoffs, though dislikes misleading advertising.",
14210894178,us,Bouncy_cat_funeral,1,2026-06-21 23:44:19,Unfair,"Unfair and terrible game, deserves nothing but hell. Download if you  really have nothing better to do. Stupid game, stupid mechanics, stupid annoying god forsaken pigs. Worst game.",0,14.4.0,other,negative,True,unknown,"Player strongly dislikes the game across all aspects, calling it unfair and frustrating.",
14194217482,us,BDT1308,5,2026-06-17 17:16:43,"Been decades, still awesome",McLovin it,0,14.4.0,praise,positive,False,veteran,Veteran player still loves the game after many years.,
14186127550,us,just plain J,5,2026-06-15 15:57:20,A Big Idea,"I love this app so much. The birds the pigs, everything. I rate it five stars. The only thing is when I reach level 110, the game is less fun and tournament levels are fun too, but they don’t stay long. So maybe it would be fun if we could edit and add more levels to piggy Tower, you know just personally for the player. The level editor you made for us on the web is cool. The only downside is we can’t even play our own levels. So if there’s a way we can add our own levels and play them on piggy Tower. It would make a big improvement for Rovio Incorporated. I would be very happy for the rest of my life. Can you please make this possible? Thank you.",0,14.4.0,feature_request,positive,False,unknown,Player loves the game but requests the ability to create and play custom levels in Piggy Tower.,
14170619991,us,PSYCHO_MANEE,5,2026-06-11 16:56:59,Awesome!,I love the different type of levels. This game has to offer and it doesn’t give me a limit of how much I can play!!,0,14.4.0,praise,positive,False,unknown,Player enjoys the variety of levels and lack of play limits.,
14165223712,us,Niyi✅❤️,4,2026-06-10 08:18:42,It should be offline also,"It should be offline not online 
Some times I don’t have data and I will want to play the game so",0,14.4.0,feature_request,neutral,False,unknown,Player requests an offline mode for when no data connection is available.,
14159992494,us,Brandon MTB,5,2026-06-08 22:22:57,Angry Birds Friends,Add a bubble guppies tournament.,0,14.4.0,feature_request,positive,False,unknown,Player requests a Bubble Guppies themed tournament.,
14156151684,us,Lucas85@,1,2026-06-07 22:00:43,Angrybirds,Joseluisramosjr,0,14.4.0,other,neutral,False,unknown,Review contains only a name with no meaningful content.,
14154029395,us,Top-Loung3-Lizard,5,2026-06-07 10:19:05,Angry Birds Friends,Entertaining,0,14.4.0,praise,positive,False,unknown,Player finds the game entertaining.,
14150806458,us,patricio <3,5,2026-06-06 14:00:13,I like the game,"But, the controls feel a bit… wonky? It’s hard to explain.",0,14.4.0,ux_ui,positive,False,unknown,Player enjoys the game but finds the controls feel imprecise or awkward.,
14149157981,us,Nathan Alvarado pacheco,5,2026-06-06 03:15:42,Fun game,It’s really fun love it,0,14.4.0,praise,positive,False,unknown,Player finds the game fun and enjoyable.,
14145112966,us,Dean Trenton,1,2026-06-05 02:08:36,Lost all progress AGAIN on star cup,Happens way too often and beyond frustrating.,0,14.4.0,bugs_performance,negative,True,unknown,Player repeatedly loses Star Cup progress due to a recurring bug.,
14141334810,us,SHOOGLIN,5,2026-06-04 02:24:28,Fun Game,"This is a fun game that moves right along if one is up for the challenge. Thank you !! 

Regards, 

REECE BARNES",0,14.3.0,praise,positive,False,unknown,Player enjoys the game and finds it a fun and engaging challenge.,
14139993988,us,Jazz9282,1,2026-06-03 17:58:34,Waste of time,Got All the way to nearly level 200 the freaking game wouldn’t load anymore I uninstalled I’m so damn done with this gameThat had happened before but then I reinstalled it after I got past it I got to higher levels then I just wouldn’t load anymore after I got to like level 195 waste of time. Glad I never spent money on this game.,0,14.3.0,bugs_performance,negative,True,unknown,"Player uninstalled after the game repeatedly stopped loading at high levels, wasting significant progress.",
14139109118,us,Mommabme,1,2026-06-03 13:30:39,Impossible levels,"Been playing this game for over a decade…but…..past few months have been poor.  Constant impossible shots..it’s as if whoever is creating the levels aren’t even paying attention.  You literally cannot make some of the necessary shot to score on some levels…even with power ups.  If this isn’t corrected soon, I’m deleting the game, which makes me sad….I love playing this game.  Hope the developers read this and others who are making similar comments.",0,14.3.0,progression_difficulty,negative,True,veteran,Long-time player of over a decade threatens to quit due to recently introduced impossible levels that cannot be completed even with power-ups.,
14131190998,us,🐿🐭🐰🐗🐁🍄,1,2026-06-01 13:22:31,Bad game,"I try to play but it doesn’t work aaannnddd it says I have a bad connection but I go on my other games and it says I have a good connection and it won’t even download so look down here

       Don’t get ab friends 
       Don’t get ab pop.          Danielle",0,14.3.0,bugs_performance,negative,True,unknown,Player cannot download or load the game despite having a working internet connection.,
14125061979,us,hababavsvavavabababa,5,2026-05-30 22:38:37,In dislike,I did end,0,14.3.0,other,neutral,False,unknown,Review is too vague to extract meaningful feedback.,
14120312483,us,gavincollins4471,1,2026-05-29 17:44:12,Sucks,You need to test the levels more often,0,14.3.0,progression_difficulty,negative,False,unknown,Player criticises poor level testing quality.,
14112171239,us,Twigg Omni,1,2026-05-27 15:01:45,Leaving this game behind!!!!!,I’ve played daily since 2012. I’ve seen a lot in this game. Some good ….well… Game design? Unpassable episodes? Really???  Bye!,0,14.3.0,progression_difficulty,negative,True,veteran,Daily player since 2012 is quitting due to unpassable episode designs.,
14110984826,us,Paradox Luca,5,2026-05-27 07:45:36,Angry birds Friends,"It’s the best game, Angry Birds friends since 2012 I was the latest game beginning I was a kid was a mastered masterpiece and peaked on my child it is unique style level from the one game 2011 hopefully this will be better and thank you",0,14.3.0,praise,positive,False,veteran,Long-time fan since 2012 praises the game as a unique masterpiece from their childhood.,
14110704767,us,Александр_0154,5,2026-05-27 05:27:30,Игра очень хорошая,"Не удаляйте её никогда, пожалуйста",0,14.3.0,praise,positive,False,unknown,Player loves the game and pleads for it never to be removed.,
14109421941,us,MasterAgent7,5,2026-05-26 20:30:33,Best app ever,"I love this app, I could give this to my girlfriend to play",0,14.3.0,praise,positive,False,unknown,Player enthusiastically loves the app and recommends it.,
14107102466,us,Thegreatangrybird earblessing,5,2026-05-26 06:33:23,Fun game,I really like this game it would be better if it did not have ads tho.,0,14.3.0,ads,positive,False,unknown,Player enjoys the game but wishes it had fewer ads.,
14104634857,us,H20 179,5,2026-05-25 14:50:18,Tuff,This is a tuff game,0,14.3.0,progression_difficulty,positive,False,unknown,Player finds the game tough but rates it positively.,
14103773699,us,Talking Tom  2006,5,2026-05-25 10:02:43,Angry Birds friends cracked fun activity game,5,0,14.3.0,praise,positive,False,unknown,Player gives a brief positive rating calling it a fun activity game.,
14102258060,us,BIGtoad567,5,2026-05-24 22:44:31,Reference,You guys are referenced in the book Refugee,0,14.3.0,other,neutral,False,unknown,Player notes the game is referenced in the book Refugee.,
14102191357,us,We're human🥳,5,2026-05-24 22:17:14,I love it!,Coolllllllllll!,0,14.3.0,praise,positive,False,unknown,Player expresses simple enthusiasm for the game.,
14099278904,us,DiamondLiege,5,2026-05-24 04:32:02,Chill Game,"Personally I like this game its pretty chill, little to no ADS that ruin the experience! Also you dont have you wait a whole day for you energy to refill like Angry Birds 2! Very pleasent experience I will continue playing.",0,14.3.0,ads,positive,False,unknown,Player appreciates the minimal ads and no energy wait system compared to Angry Birds 2.,
14084038666,us,jjmeltz,1,2026-05-20 01:47:56,"Fun at first, but….",First it’s fun and good way to kill time. The tournaments are annoying. Perfect shots have inconsistent results. It’s buggy. The only way to place high in tournaments is to use power ups. Just another addicting money grab.,0,14.3.0,tournaments_fairness,negative,True,unknown,"Player criticizes inconsistent tournament results, bugs, and pay-to-win power-up dependency.",
14083731125,us,Mom 68,5,2026-05-19 23:39:40,Angry Birds Friends,Bring back Shakira. Make it a sports tournament. Make it have soccer balls. Make a collaboration with the Super Bowl and Dicks Sporting Goods.  . Add Toni from Angry Birds Seasons. Add Poppy and use Poppy’s Classic design. Add Melody. #bringback2012,0,14.3.0,feature_request,positive,False,unknown,"Player requests several collaborations, new characters, and sports-themed tournament content.",
14072089008,us,Davhsielove,5,2026-05-16 19:15:20,All there is,I will play anything I can find !!,0,14.3.0,praise,positive,False,unknown,Player gives a brief enthusiastic endorsement of the game.,
14061254501,us,Skivitydumdum,5,2026-05-13 21:20:13,Angry  birds is the best game I ever played and it’s just so good.,it’s so hard but fun.,0,14.3.0,praise,positive,False,unknown,Player loves the game despite finding it hard.,
14056701328,us,￼ Shadow ninja,5,2026-05-12 15:53:28,Angry Birds,Mechanics,0,14.3.0,praise,positive,False,unknown,Player leaves a one-word positive note about the game mechanics.,
14054518929,us,PAC kid 2015,5,2026-05-12 00:55:45,Angry birds friends,It’s so much fun and makes my anger go away,0,14.3.0,praise,positive,False,unknown,Player finds the game fun and stress-relieving.,
14051209944,us,Pinkchiuwu,5,2026-05-11 02:58:12,so nostalgic!,"i remember playing when i was a kis, this brings back many memories 🥹🥹",0,14.3.0,praise,positive,False,returning,Returning player feels nostalgic recalling playing the game as a kid.,
14030891527,us,Rubyiscool582,1,2026-05-05 13:16:35,This game keeps loading and not want to work,This game keeps interrupting the internet connection and I tried to fix it but it’s loading and not wanted to work and this game cheated on me 😡,0,14.2.0,bugs_performance,negative,False,unknown,Player reports persistent loading and connectivity issues preventing the game from working.,
14017622014,us,Joublack50,5,2026-05-01 20:16:09,Flying high,This game is awesome easy to play with.!!,0,14.2.0,praise,positive,False,unknown,Player finds the game awesome and easy to play.,
14010540851,us,Amiizy,1,2026-04-29 21:10:07,BE WARNED,They charged me $4!,0,14.2.0,monetization,negative,False,unknown,Player is upset about an unexpected $4 charge.,
13997730960,us,McVic55,5,2026-04-26 04:23:04,A lot of fun and fast paced.,"I played AB when it first came out, I like the birds vs pigs simplicity. This game forces you to use power-ups and you must play against someone else. I prefer to play against myself. Graphics and sound are both great.",0,14.2.0,feature_request,neutral,False,veteran,Long-time Angry Birds fan enjoys the game but prefers a solo play option over forced multiplayer.,
13995489728,us,Fly wench,1,2026-04-25 13:49:10,Angry bird’s friends,Where’s the update,0,14.2.0,live_events,negative,False,unknown,Player is dissatisfied asking where the latest update is.,
13992989928,us,Iamkb4,1,2026-04-24 19:48:51,New update.,Just got an update this morning. Now it will not load.   Did the app get deactivated?,0,14.2.0,bugs_performance,negative,False,unknown,Player reports the game stopped loading after a new update.,
13991709366,us,0929gemmary66,3,2026-04-24 12:17:37,Purchases,Hard to beat several levels without having to use the extras. It didn’t used to be like that. All those extra cost money.,0,14.2.0,monetization,negative,False,unknown,Player feels levels have become harder to beat without paying for extras compared to before.,
13989298894,us,Toothjhjj,1,2026-04-23 17:45:58,Reverted ALL of my progress.,"After working on two accounts after my first got reverted to level 1, I just started my second a few months back working every day. Today, I tried connecting it to my account and it gave me a new one. That’s THREE accounts of work. All gone. If you value your progress in games, don’t trust ABF.",0,14.2.0,social_account,negative,True,unknown,Player lost progress across three accounts due to account sync issues and warns others not to trust the game.,
13982819818,us,Liam Philip Sica,5,2026-04-21 20:25:30,I love it,I love you so much game❤️❤️,0,14.1.0,praise,positive,False,unknown,Player expresses strong affection for the game.,
13980150562,us,Angry Birds big fan 45,5,2026-04-21 01:44:49,Good,Very good spinoff,0,14.1.0,praise,positive,False,unknown,Player gives a brief positive review calling it a good spinoff.,
13972890106,us,Not bad but it has some issues,5,2026-04-19 00:32:47,It fun!,"The pig tower is fun :),I’ve had a good time playing it",0,14.1.0,praise,positive,False,unknown,Player enjoys the Piggy Tower and has had a good experience overall.,
13968933790,us,Superherorockstar16,3,2026-04-17 22:44:29,Loading problems,Every time I open the game it takes a long time to load and I have a iPhone 14 Plus,0,14.1.0,bugs_performance,negative,False,unknown,Player reports slow loading times even on a high-end iPhone 14 Plus.,
13956114465,us,villa0463,5,2026-04-14 06:52:05,Hahaha,This is so funny,0,14.1.0,praise,positive,False,unknown,Player finds the game funny and enjoyable.,
13955653687,us,Xcraft1891,1,2026-04-14 02:51:26,Mandatory Micro transactions problem,"How can anyone who plays the game take the games seriously with mandatory mirco transactions just to take the game seriously, if they even play it?",0,14.1.0,monetization,negative,True,unknown,Player complains that mandatory microtransactions make the game unplayable without spending money.,
13955241032,us,Jett Pyre,3,2026-04-13 23:47:35,Facebook login glitch,"This game runs fine and all, but every time you launch this game, there is a glitch that makes it to where you’re always logged out of Facebook and have to log back in every single time",0,14.1.0,social_account,neutral,False,unknown,Player reports a recurring glitch that forces them to log back into Facebook every time the game launches.,
13947822433,us,coolehitehread,5,2026-04-11 21:07:36,Angry birds,This game is the best and will never stop being fun,0,14.1.0,praise,positive,False,unknown,Player enthusiastically praises the game as endlessly fun.,
13944985453,us,phadin69,4,2026-04-11 02:59:48,used to be better,"I liked it better when I first played it several years ago. Since then Rovio has decided to keep increasing the cost of the powerups, and decreasing their usefulness. Dynamite used to blow up with a few other blocks but now it mostly only explodes by itself, which is pointless. Wingman used to rip through wood blocks but now it can barely destroy them kind of like concrete. Its all about money they want you to spend and nothing else.",0,14.1.0,monetization,negative,False,veteran,Long-time player frustrated by Rovio repeatedly increasing power-up costs while reducing their effectiveness to push spending.,
13942914326,us,JacobKalee,2,2026-04-10 13:57:28,Error messages on challenges,"I keep getting these error messages that wipe out everything I worked on before I can claim what I won. I use abilities, that I pay for, that just go wasted basically.",0,14.1.0,bugs_performance,negative,False,unknown,Error messages during challenges wipe progress and waste paid abilities before rewards can be claimed.,
13941781789,us,adam.al,1,2026-04-10 06:04:03,Bugs and errors,The errors make the game not fun when u win money the error in the game erases all your rewards bad game,0,14.1.0,bugs_performance,negative,True,unknown,"Game errors erase earned rewards, making the experience frustrating and unfun.",
13940666198,us,Gator5000e,4,2026-04-09 21:28:33,Update - Resolved Game Fails to Load,"Update - a 3rd reboot of the iPad Pro fixed the issue. 

As of 04.09.26, the game won't load on my iPad running iPadOS 26.4. The progress bar gets about 90-95% of the way across the intro splash screen and just stops. I can hear the intro music. I've checked for updates (none), force quit the app and rebooted the iPad. No success. My internet connection is fine. Please look into this.",0,14.1.0,bugs_performance,neutral,False,unknown,"Game failed to load past the splash screen on iPadOS 26.4, though a device reboot eventually resolved the issue.",
13925977298,us,Troy Morgan 🇺🇸,1,2026-04-05 17:53:21,Everything requires WiFi,There should be absolutely NO reason why you need WiFi to see level results. Not only is it petty but it’s also pointless.,0,14.1.0,bugs_performance,negative,False,unknown,Player is annoyed that a WiFi connection is required just to view level results.,
13925344730,us,ScrambleJet101,1,2026-04-05 14:25:24,Buggy and lazy,Half the gestures/buttons do not work properly. This game is so buggy that I doubt the vast majority of the levels are quality controlled.   The high ratings for this train wreck are bizarre. I just don’t believe them with how the game functions.,0,14.1.0,bugs_performance,negative,True,unknown,Player reports pervasive bugs with gestures and buttons and doubts the game is quality controlled.,
13922832871,us,nickbrina,5,2026-04-04 20:25:40,I’m I’m just not sure what to tell him I think it’s the same thing as you I just think it,I’m so happy you found her I can’t even begin but you know I know how you felt when you’re with me you were so close I love that I can’t believe I love that you’re my baby girl,0,14.1.0,other,neutral,False,unknown,Review text appears unrelated to the game and contains no meaningful feedback.,
13921142283,us,Commander Bea,5,2026-04-04 10:55:04,I LOVE IT!!,This Used To Be My ChildHood!!!,0,14.1.0,praise,positive,False,returning,Player expresses nostalgia and love for the game as a childhood favourite.,
13913231411,us,Angrybrandon,3,2026-04-02 06:15:56,This game is good but angry birds 2 is way better,This game is good in all ways but the one issue about this game is that I wish there was animations for the birds and the pigs too. And I kinda want them to add more interesting levels to the game and angry birds 2 is WAY BETTER than this I love angry birds 2 so much it is fun and there is avatars for the birds and animations and more AND one last thing about angry birds two to a cherry on top of it is the the each one of the birds have an ability like for example red can do a rage scream that is all I can say for now.,0,14.1.0,feature_request,neutral,False,unknown,"Player enjoys the game but wants bird and pig animations plus more varied levels, favouring Angry Birds 2 overall.",
13910742002,us,Quiltersmith,1,2026-04-01 13:59:03,Not happy!,REMOVE THE ASININE PARACHUTE OFF BOMB!,0,14.1.0,ux_ui,negative,False,unknown,Player strongly objects to the parachute mechanic added to Bomb and demands its removal.,
13909586483,us,Merengue blanco,5,2026-04-01 06:21:01,HALA MADRID,Vinithebest,0,14.1.0,other,neutral,False,unknown,Review contains only an unrelated sports phrase with no game feedback.,
13908623656,us,baillywick,5,2026-03-31 23:26:02,Very fast Bird Game,Like vmware,0,14.1.0,other,neutral,False,unknown,Review is too vague and unrelated to provide any meaningful game feedback.,
13905020013,us,PeachCake88,2,2026-03-30 23:10:35,Was fun before now it just glitches,Ever since they rolled out the new browser version of this game it’s been a sore miss. Want a free bird? Watch an ad! No free bird. Server errors. Or you get malfunctioning ads that won’t close. I just want to fling some birds at some pigs when I get off work.,0,14.1.0,ads,negative,True,unknown,"Since a recent update, ad rewards fail to deliver and malfunctioning ads won't close, ruining the casual experience.",
13904512853,us,The prison is big,1,2026-03-30 19:40:02,Not fun at all,"There's nothing as fun as the Chinese modified version - the levels are too hard, there are way too few ways to get currency, and the bidding tournaments have such huge levels that you can't even pass without using special items!",0,14.1.0,progression_difficulty,negative,True,unknown,"Player finds levels too hard, currency too scarce, and tournament levels impossible without special items.",
13897307496,us,Dad even.        Wish it,5,2026-03-28 19:15:45,Angwe birds,The best game ever made period,0,14.1.0,praise,positive,False,unknown,Player simply declares it the best game ever made.,
13890194184,us,gdsdgr,5,2026-03-26 20:22:29,The only first time I’ve ever seen a cat in a while was,The only way I can get my money out of this is,0,14.1.0,other,neutral,False,unknown,Review text is incoherent and contains no relevant game feedback.,
13886678504,us,JCBORNINUSA,1,2026-03-25 20:50:03,Inappropriate advertising,"THC, Boobs, Erectile Dysfunctions",0,14.1.0,ads,negative,False,unknown,"Player reports seeing inappropriate ad content including THC, sexual, and medical ads.",
13886433363,us,TheToughItIs,1,2026-03-25 19:16:02,"I need more, MORE!!!","14 birds needed, I have Red and his whole entire flock: The Blues, Chuck, Bomb, Matilda, Bubbles, Hal, Stella and Terence but it seems weird without Silver…or Gordon! No Jo, no pro. I’m missing Ruby which is lame! And finally, I need the Mighty Eagle because he is an even stronger superhero, I am seeing that he’s as massive the way Bubbles can be. I hope you appreciate my feedback though, it’s no fun without all 14 characters. Will they be coming soon? I’m not enjoying you without Silver. Respond why you didn’t add all the characters I wanted.",0,14.1.0,feature_request,negative,False,unknown,"Player demands more bird characters be added, including Silver, Ruby, and the Mighty Eagle, and is dissatisfied with the current roster.",
13875636019,us,Plazmawizzp,4,2026-03-22 16:27:41,classic Angry Birds with the perfect aspects of modern mobile games,"I just got Angry Birds friends, and I already prefer it to Angry Birds 2. I love the original Angry Birds art style and gameplay, but it has many features that are also in Angry Birds 2. Plazmawizzp approved.",0,14.1.0,praise,positive,False,new,"New player already prefers Angry Birds Friends over Angry Birds 2, praising its classic style and modern features.",
13866033872,us,TigerDragon1998,5,2026-03-19 22:49:28,Updates,Add mighty eagle’ silver’ leonard’ sponge’ tan the ostrich’ the turquoises’ bronzey’ gold’ ruby’ poppy and Luca and tony. Also add their abilities and also Terence’s sister called Tilly who is 6.6 meters long.,0,14.1.0,feature_request,positive,False,unknown,Player requests a large number of additional bird characters and abilities be added to the game.,
13858070933,us,￼uno,5,2026-03-17 15:51:18,The game,I want clothes to this game to be more fun and cool,0,14.1.0,feature_request,positive,False,unknown,Player requests a cosmetic clothing or customisation feature to make the game more fun.,
13856015310,us,Gvbggn,5,2026-03-17 00:39:12,Love it love it,It’s really good and I’m getting up the levels really fast and I love this game,0,14.1.0,praise,positive,False,unknown,Player loves the game and is progressing quickly through levels.,
13852997296,us,Dhhddudheudhdud,5,2026-03-16 03:32:28,I play cookie run and watch BFDI,this better than ab 2,0,14.1.0,praise,positive,False,unknown,Player prefers this game over Angry Birds 2.,
13851878490,us,Unknown_bird26 ',5,2026-03-15 19:39:40,Playing once again after 10 yrs,My childhood game!,0,14.1.0,praise,positive,False,returning,Returning player revisiting their childhood favourite after 10 years.,
13848637581,us,HezekiaB,1,2026-03-14 21:58:34,scam,"This could be a fun game if it wasn’t such a blatant cash grab. They have tournaments and one-on-one play that you often can’t even be competitive in or sometimes even finish without spending on power ups, and the rewards you get for winning are meager. They’ll let you watch ads for power ups when you already have power ups but once you actually need them that option disappears forcing you to buy them, and literally every single time you try and navigate the Home Screen you are bombarded with popups trying to force you to purchase their stuff. They do have a way for you to earn powerups but I’m pretty sure the games are rigged and if you actually want any substantive rewards they force you to keep betting double-or-nothing and by the time you’re actually in a position to get a good reward your opponent mysteriously gets a whole bunch of points at the last minute forcing you to (guess what?!) buy power ups. Complete scam.",0,14.1.0,monetization,negative,True,unknown,"Player calls the game a cash grab due to paywalled power-ups, meager rewards, and constant purchase pop-ups.",
13848026499,us,Collin the Cool!!!,5,2026-03-14 18:04:30,This a great game- really recommend,"Angry Birds 2 offers lives, and limited levels, but this is unlimited and really fun!",0,14.1.0,praise,positive,False,unknown,Player praises the unlimited gameplay compared to Angry Birds 2.,
13844380155,us,Music Boy B19,5,2026-03-13 17:42:19,Brady’s review,This game is so fun I love it,0,14.1.0,praise,positive,False,unknown,Player finds the game very fun.,
13842690443,us,Ibuugbuibiuub,3,2026-03-13 06:14:02,This. Is the most annoying yet addictive game ever,This game is becoming more try hard when it gets past level 40 or so,0,14.1.0,progression_difficulty,neutral,False,unknown,Player finds the game addictive but notes it becomes significantly harder past level 40.,
13838921442,us,RI Belle,5,2026-03-12 02:55:50,So much fun,Addictive,0,14.1.0,praise,positive,False,unknown,Player finds the game addictive and fun.,
13836591005,us,MATTEO6754,4,2026-03-11 11:58:19,It good,N,0,14.1.0,praise,positive,False,unknown,Brief positive review with no specific details.,
13834904414,us,Ledddededddewaddddd,5,2026-03-10 22:21:59,This is awesome,I love this game this my first time playing this i even miss the old version well you brought that back. But I have to spend 0.99 well tho i still love your games,0,14.1.0,praise,positive,False,unknown,First-time player loves the game and appreciates the return of the old version despite a minor cost.,
13834729464,us,Tenvall,5,2026-03-10 21:09:08,So fun,It’s so fun because of all the destruction and chaos.,0,14.1.0,praise,positive,False,unknown,Player enjoys the destruction and chaos in the game.,
13825143342,us,Probably nothing I don’t know,5,2026-03-08 00:38:52,The game is the best,The game is good,0,14.1.0,praise,positive,False,unknown,Short positive review calling the game the best.,
13824464155,us,Reese Pieces Cup,4,2026-03-07 19:57:56,Ads,How do I remove ads because my son starts having a meltdown when an ad comes up.,0,14.1.0,ads,neutral,False,unknown,Parent asks how to remove ads because they upset their son.,
13823318661,us,JoelthecatYT,4,2026-03-07 13:24:58,People like the Facebook version better,"Bring the classic designs I choose the season’s design for Hal add the episodes pig tales and pigini beach and you must get the bird-o-matic the pfp maker and the new power up is the fungus it grows in certain places like the old one and get the ab seasons hats in the game for piggy tower I want some older levels next week you have to go 2019 and lower also I want the old sounds like aaajuñiga is red’s launch sound, the Facebook version is discontinued",0,14.1.0,feature_request,neutral,False,unknown,"Player requests classic designs, old sounds, legacy levels, and several features from the Facebook version.",
13822031629,us,Crow raming jojo,5,2026-03-07 04:16:01,where’s my Mountain Dew?!!!.!lwlsk,"gam very gud I love agnry bdirs it’s my best game of all tyme!!! me start wen Eye waz 0 an die am HOOOoOooOokededededed!!!,.!!,
Tan kyew 4 grate levelllllles. 

wramets reggarrssds,
-rio",0,14.1.0,praise,positive,False,unknown,Enthusiastic player expresses love for the game and its levels in a playful tone.,
13816665248,us,david dahlman,5,2026-03-05 15:06:47,David Dahlman,Big fan winner right,0,14.1.0,praise,positive,False,unknown,Brief positive comment from a self-described big fan.,
13813881370,us,JesusLivesandSaves10293,1,2026-03-04 18:56:14,Promotes Gun Violence,"Seriously, these latest levels show a pig shooting another pig with actual guns and tanks. Don’t we have enough gun games? Shouldn’t angry birds remain family friendly? I get it it’s a cartoon game, but influence is influence. Encouragement to use guns to shoot the “bad guy” robber can and does lead to other violent behavior. Don’t encourage. Stick to silly pigs doing silly things. Leave guns out of it.",0,14.1.0,other,negative,False,unknown,"Player objects to gun imagery in recent levels, arguing it undermines the family-friendly nature of the game.",
13810723447,us,thelawfirm_hpb,5,2026-03-03 20:37:19,Angry birds,"This game is so much fun I love killing the mean pigs and I love using the super bird soon I would love to watch the Angry Birds movie because this is sooooooooooooooooo much fun and I love unlocking new floors for new birds to use
Sincerely Hudson",0,14.0.0,praise,positive,False,unknown,"Player loves the gameplay, bird mechanics, and is excited to watch the movie.",
13805028167,us,Mone't83,5,2026-03-02 06:06:16,I like this game,This game is so much fun and a great classic.,0,14.0.0,praise,positive,False,unknown,Player enjoys the game and considers it a great classic.,
13803935154,us,GuardianFeather,1,2026-03-01 21:53:21,"AD Driven, No Support, Lost Slings, Now money taken from me!","I use to love this game and played for years but when I lost all of my slings (All the different Bird Slings) (High Diamond Level) no one at Roxio would help me! Don’t waste your time trying to reach them because I honestly believe no customer service works there and every response is now AI generated, unlike years before! 
Everything is 100% Ads to receive something and usually it’s not good (earthquake bird, telescope etc.)
I finally decided to purchase a couple of small packs once a month and then noticed that there’s 4 charges of nearly $32.00 (2 in one day) that I didn’t buy! 
I’m working with Apple to get my money reimbursed, yet need Roxio to refund me 2 charges from October 2025 that I didn’t request! Zero answer from the Company! 
EVERYONE CHECK FOR CHARGES PLEASE ASAP! A couple I did make but NOT the other four! Players beware 🥹
This was my favorite game but sadly it isn’t anymore! Once reimbursed, I’m deleting! 
Thank you 🙏 for reading and I hope this helps someone.",0,14.0.0,bugs_performance,negative,True,veteran,"Long-time player lost all bird slings, received no support, and then experienced unauthorised charges on their account.",
13801025074,us,Micah88088,5,2026-03-01 03:38:57,Just like to classic,Cool 😎 gives me chills of the old original game of angry birds 🦅,0,14.0.0,praise,positive,False,unknown,Player appreciates that the game feels like the classic original.,
13793143713,us,Comanders fan,5,2026-02-27 00:20:10,Absolute cinema,Everything about it was just so beautiful. The art style was amazing.and don’t get me started on the gameplay. Just like the original.,0,14.0.0,praise,positive,False,unknown,Player praises the art style and gameplay as faithful to the original.,
13784991925,us,Ferggg578,1,2026-02-24 18:28:27,Не могут сделать онлайн с призраками…,Из-за ошибки хранения данных сгорает билет и слетает серия побед. Пойдет чисто в оффлайн версию поиграть,0,14.0.0,bugs_performance,negative,True,unknown,"Player reports a data storage bug causing lost tickets and win streaks, and plans to switch to offline mode.",
13784262301,us,noneyours,1,2026-02-24 14:08:48,Ads,The ads are ridiculous when you can’t close them out after two or three minutes it is ridiculous! fix it! i’m tired of being connected to Amazon over and over and over and over and over again. it’s a huge waste of time. so I closed it out and stop playing your game,0,14.0.0,ads,negative,True,unknown,Player quit the game due to unskippable ads lasting several minutes and repeated unwanted redirects to Amazon.,
13782403538,us,Van Hagar,5,2026-02-24 00:36:57,Angry Birds!,Great game! Loads of fun!!,0,14.0.0,praise,positive,False,unknown,Player finds the game great and full of fun.,
13778491016,us,Matthewthetortoise,5,2026-02-22 21:53:59,Absolutely love your game s tier,Not only was this a good game but Angry Birds has been my childhood speaking red. I really love red is my favorite character. Maybe include him into more games. Thank you.,0,14.0.0,praise,positive,False,unknown,Player expresses childhood love for Angry Birds and Red as their favourite character.,
13775587567,us,dustspirit,2,2026-02-22 03:04:45,AI levels now?,There has been a massive decline in the design of levels – they were better off reusing ones that were solvable then clearly either not QA testing or letting AI design these – frustrating garbage.,0,14.0.0,live_events,negative,False,unknown,"Player criticises a significant decline in level design quality, suspecting AI generation and lack of QA testing.",
13770125159,us,oldlady828,1,2026-02-20 15:09:02,Adds,I’m sick of adds that you have. You can watch add but it never gives you the way to get the reward. I’m guessing that’s what you’re wanting. I have played your games for a long time but I’m about done. The adds just never go away.,0,14.0.0,ads,negative,True,veteran,Long-time player is nearly done with the game due to broken ad rewards that never deliver the promised items.,
13765131731,us,Run-fiend,4,2026-02-19 05:22:17,Impassable level,"U have actually gone over the top on unfairness. Level 7 on the current ( Feb 18) mini-tournament has no solution to pass it. The walls guarding the pig in the top right of level 7 are too low to get a bird thru the blue tunnel to access it. The bird comes out 1/3 of the way UP THE WALL upon exit, and upon its descend hits it every time. I would estimate the likelihood of passing it is 156 TRILLION  to 1 against passage. It makes game play unpleasant.",0,14.0.0,progression_difficulty,negative,False,unknown,Player reports a specific tournament level is physically impossible to complete due to a design flaw in the obstacle layout.,
13764302330,us,Chuna  de gallo,5,2026-02-18 23:13:17,#1,Me encanta,0,14.0.0,praise,positive,False,unknown,Player simply expresses that they love the game.,
13758688871,us,howellbear,3,2026-02-17 10:34:28,Changed some options,"You used to give the option to watch videos to gain power up’s why did you get rid of that?  Also, you lowered the winning totals by half, another misfire on you part.  Fix this!",0,14.0.0,economy_rewards,negative,False,unknown,Player is frustrated that the option to watch videos for power-ups was removed and that winning totals were cut in half.,
13756874940,us,Super fun birds,5,2026-02-16 20:28:20,Really fun birds,It’s calm and relaxing,0,14.0.0,praise,positive,False,unknown,"Player finds the game calm, relaxing and fun.",
13754614913,us,sorryshy789,1,2026-02-16 06:41:32,Used to be a fun game but,"1. I still don’t know if you will ever add Ice bird, all of the Stella characters, Tony and Space Bird from Angry Birds Seasons, all the Rio Characters, Reds might Feathers power up, Bombs Shocking ability, Chucks Rocket Power up, and Shaking Rio Red bird, and maybe Santa bomb.

2. Also why does this game load slow and just curious why do some of your games require WiFi? There used to be an off mode where you could play those during your spare time. It’s a shame they were removed.

3. Can you make star cup easier because it’s hard? I even loose on the first strike! You’re not playing with real players.

4. I’ve been playing this game from the old days of Facebook before removing the web version. It used to be a lot more fun in simple ways. Now it’s over-bloated with ads and micro-transactions.

5. I used to have a whole lot of coins and progress in this game. I might have not played it in a while was my data deleted? If so why? I just logged into my account and what happened to my progress.",0,14.0.0,feature_request,negative,False,unknown,"Player requests addition of many missing characters, flags slow loading and offline mode removal, and finds Star Cup too difficult.",
13751684099,us,CACH23691,3,2026-02-15 11:34:16,They got greedy,"I have been playing and enjoying this game for years.  You used to be able to get power ups by watching a commercial.  Now they make you use your game coins, which in turn, makes you purchase coins.  I won’t do that, so I am deleting this game after 10 years of playing.  I will miss it, but I won’t be “ played.”",0,14.0.0,monetization,negative,True,veteran,Ten-year player is deleting the game after power-up ads were replaced with a coin-purchase system they refuse to engage with.,
13749784824,us,arraviata,1,2026-02-14 21:24:51,Angry birds,me gusta este juego,0,14.0.0,praise,positive,False,unknown,Player briefly states they like the game.,
13748340284,us,davrid1950,1,2026-02-14 13:09:14,Davrid1950,"This used to be a great game. However, since the last update it’s impossible to even play. You must complete a challenge before getting into a tournament? The screen is covered with confusing “offers” trying to trick you into purchasing something. Click on the first level of a tournament and you’re redirected. What was the best arcade game is no more.",0,14.0.0,ux_ui,negative,True,unknown,"Player says a recent update made the game unplayable due to confusing purchase prompts, forced challenges and broken navigation.",
13746495363,us,NeedHelpplz,1,2026-02-14 00:06:30,Unable to open,I’m having issues when I try to play/open the app. It will load to open but as soon as it gets to the end of the loading it freezes and doesn’t open. Not sure what’s going on. I love the game but unable to play,0,14.0.0,bugs_performance,negative,False,unknown,"App freezes at the end of loading every time, making the game completely inaccessible.",
13741122599,us,我是美女宝宝~,4,2026-02-12 12:36:06,总是登不上,怎么回事呀，经常显示出错，2就不会,0,14.0.0,bugs_performance,negative,False,unknown,Player frequently encounters errors when trying to log in.,
13736132521,us,Rooyan05,3,2026-02-11 01:42:19,Where’s the great nostalgia music banger?,"Angry birds was my favorite game as a child, after years I suddenly remembered the music and got on AppStore and played but the song isn’t there:( I think that music is really an important part of the game, appreciate it if you get it back on!",0,14.0.0,ux_ui,neutral,False,returning,Returning nostalgic player is disappointed the classic Angry Birds music is no longer in the game.,
13732828411,us,Jai Reticuli,5,2026-02-10 03:33:30,Great!!!!,This game rocks!!!!,0,14.0.0,praise,positive,False,unknown,Player enthusiastically praises the game.,
13731941440,us,Road master chef,5,2026-02-09 21:13:36,Fun,Love this game!,0,14.0.0,praise,positive,False,unknown,Player simply says they love the game.,
13720869068,us,dioekejekee,5,2026-02-06 21:50:01,For every Angry Birds from me,"I just want to say to the person whoever made, Angry Birds is the best thing in the whole world. I was watching the Angry Birds movie when I was like three years old. And I watch the the Angry Birds two movie while I was like 7 it was so funny I just want to say to every person who made this game All of your games are the best ignore those bad comments you want to know what make me very happy if red gives me a shout out. My name is. Goo jit zu 555 I love the Angry Birds community",0,14.0.0,praise,positive,False,unknown,Long-time fan expresses deep affection for the Angry Birds franchise and community.,
13715486376,us,LissaCxoxo,1,2026-02-05 11:51:22,Launches,Why are the birds only going in a straight line now? Please fix that.,0,14.0.0,bugs_performance,negative,False,unknown,"Player reports birds now only launch in a straight line, indicating a physics or controls bug.",
13713788795,us,Strawbermilk,5,2026-02-04 23:47:21,Best game,"I love freeing birds they are my favorite animals
I love them",0,14.0.0,praise,positive,False,unknown,Player expresses love for the game and the birds.,
13712249671,us,golfcraze,1,2026-02-04 14:18:18,In level ads for power ups are gone,In level ads to get power ups are gone.,0,14.0.0,ads,negative,False,unknown,Player reports that in-level ads for earning power-ups have been removed.,
13708618368,us,Fawful ￼ bite,4,2026-02-03 14:19:53,Better,…..,0,13.6.4,other,neutral,False,unknown,Review contains no meaningful content beyond a vague positive word.,
13699389588,us,Bww_brian10,5,2026-02-01 02:59:29,Ben mosqueda,West Frankfort Illinois,0,13.6.4,other,neutral,False,unknown,Review contains only a name and location with no game-related feedback.,
13695138883,us,smirk732-ig,5,2026-01-31 01:27:40,Timeless fun,App doesn’t disappoint. Great way to waste time,0,13.6.4,praise,positive,False,unknown,Player finds the app consistently fun and a great way to pass time.,
13689830228,us,Kendo37,5,2026-01-29 16:18:50,Jack,Jack,0,13.6.4,other,neutral,False,unknown,Review contains only a name with no meaningful feedback.,
13685454475,us,justwanttosendastupidrewiew,5,2026-01-28 13:34:45,Guys it’s,So fun,0,13.6.4,praise,positive,False,unknown,Player briefly states the game is very fun.,
13681292878,us,Nyla 67,5,2026-01-27 11:38:31,angry Birds friends,Best game ever,0,13.6.4,praise,positive,False,unknown,Player calls it the best game ever.,
13677895209,us,Pinkie4492,2,2026-01-26 13:20:43,Don’t bother.,"Written 26 January 2026.  I’ve been playing this game since it began.  I’ve never spent money on any game but I think that’s what you have to do now.  Five birds for 40 piggies, no free launchers or any other free items available.  I’m disappointed in the direction that Angry Birds has gone…it’s not fun anymore.  Hubs says to delete it.  I’m still deciding.",0,13.6.4,monetization,negative,True,veteran,Long-time player feels forced to spend money now and is considering deleting the game.,
13671475726,us,MitchMatchMIX,5,2026-01-24 19:21:03,The game is so much fun,I love Angry Birds so much,0,13.6.4,praise,positive,False,unknown,Player expresses love for Angry Birds.,
13656162697,us,Hawkeyesnest,1,2026-01-20 16:58:25,Getting worse,I really miss the original. Could play offline and at your leisure. This game gets more ridiculous every day. All the icons cover the screen and it's difficult to see. The puzzles get so complicated they aren't worth playing. And you should get coins for logging on every day. Rovio isn't listening. Bring back the original Angry Birds and listen to players. 😔,0,13.6.4,ux_ui,negative,False,veteran,"Veteran player frustrated by cluttered screen icons and overly complicated puzzles, wants the original game back.",
13653814482,us,Destructive fun,4,2026-01-20 01:25:30,Awesome job,The game is lots of fun great with friends and family,0,13.6.4,praise,positive,False,unknown,Player finds the game fun to enjoy with friends and family.,
13627767321,us,jacks1315,1,2026-01-13 06:16:15,Game glitch,"While playing BLUES TOWER and playing level 299, right before I would have played one more level for 600 coins, the game glitched on me and I screen recorded it going in and out but not closing the game hoping it would figure itself out, then finally had to shut down. I lost my place after weeks of not spending money to finally get to the next save level, I had to close out and it bounced me back 13 levels. Even if I did poorly in those levels, I had 414 coins that would have helped me through. Instead the game glitched and dropped me down to level 286 and made me lose 600 coins. I have played this game for far too long for this to happen. Too many times this game has glitched in certain ways that has made me lose levels but not make me miss out on 600 coins and anyone knows that playing this, 600 extra coins can get you a long way. After having this app since 2015, almost 10 years, it’s time for me to quit and say goodbye. Game has been going on for far too long to continue to have portal glitches or game glitches that knock you down from losing slightly bigger pots of coins. Too many user to have so many problems the way you do. This isn’t to deter anyone from playing because it’s a great game. Just tired of the issues.",0,13.6.1,bugs_performance,negative,False,unknown,Game glitch caused player to lose weeks of progress and 600 coins in the Blues Tower.,
13614531178,us,9274Go,5,2026-01-09 20:23:37,:),Good game,0,13.6.1,praise,positive,False,unknown,Brief positive review calling it a good game.,
13611462480,us,Notttechsavy,3,2026-01-09 01:25:01,Too small,Fun game but on iphone17pro max it just to small sometimes cant even tell which bird is loaded into the slingshot if playing ipad might be ok but for a phone just to small sometimes cant,0,13.6.1,ux_ui,neutral,False,unknown,Player finds the game too small on iPhone and struggles to identify the loaded bird.,
13607573139,us,Orellana82,5,2026-01-08 01:20:19,Great Update,I just found out about this version game I used to play the other two,0,13.6.1,praise,positive,False,returning,Returning player is happy to discover this version after playing other Angry Birds titles.,
13595478627,us,Slackjaw328,1,2026-01-04 22:19:07,Level 60 is broken.,Wheels don’t work after hitting red buttons. It’s near impossible. Deleting app. Listen to your audience.,0,13.6.1,bugs_performance,negative,True,unknown,Player reports level 60 is broken with non-functional mechanics and is deleting the app.,
13594667394,us,Giovanni James Ragazzo,4,2026-01-04 17:45:03,Angry birds review!,This game is very fun,0,13.6.1,praise,positive,False,unknown,Player finds the game very fun.,
13586983336,us,robbiehartdrums,4,2026-01-02 21:08:46,Customer review,"Game is great last ads, please",0,13.6.1,ads,neutral,False,unknown,Player likes the game but wants fewer ads.,
13586107631,us,Experiment 8213,5,2026-01-02 16:36:20,Fantastic!,"I really love this game, the birds have names: Red, Blue, Bomb, Bubbles, Chuck, and more",0,13.6.1,praise,positive,False,unknown,Player loves the game and enjoys the variety of named birds.,
13581334239,us,not officially a real game,1,2026-01-01 14:20:57,I HatE ThIs GaMe!1!,I hate ADs And STiPde MircOtrNshv I HAte YOy ROvio KiLl YoUrself,0,13.6.1,ads,negative,False,unknown,Player expresses strong hatred of ads and microtransactions.,
13577878792,us,Jassara,4,2025-12-31 17:09:33,Yup,Need to let people know what each bird can do,0,13.6.1,feature_request,neutral,False,unknown,Player requests clearer in-game explanations of each bird's ability.,
13575090422,us,from favorite games,5,2025-12-31 00:48:13,I love this game because 😃😃✌️👋,This game makes you think of our plans 67,0,13.6.1,praise,positive,False,unknown,Player expresses enjoyment of the game.,
13569737664,us,Zhannastar,5,2025-12-29 16:53:11,Ythjt,"Jhrkg,vmw h4",0,13.6.1,other,neutral,False,unknown,Unintelligible review with no meaningful content.,
13557504761,us,Jason Christoper Frye,5,2025-12-26 15:27:22,Best,Score,0,13.6.1,other,neutral,False,unknown,Extremely brief review with no actionable content.,
13550442192,us,PearlsB4Swine,5,2025-12-24 16:15:32,AB,"The game is getting more intricate and difficult and to maneuver around and because the score boxes cover the parts of the game at the top and to the right. Please either make them smaller or put score boxes on the bottom so as not to interfere with the playing of the game. April 18, 2023 Thanks. The game is not loading on my iPad. I have to click on the app about 10 times or more and if I'm lucky, it will come on. What is the matter...is it new updates or is it from Rovio? Losing my patience😩

October 19, 2023
Angry Birds creators are not listening....the score boxes are covering parts of the game because they're too big. The difficulty of the game has increased to the point of frustration and considering quitting! When he run of playing becomes too much of a chore to continue....then something needs to change. The fan feature is ridiculous and sometimes impossible to get good scores. Not happy


Dec 24,2025
I am growing more frustrating with this game..the level of difficulty is ridiculous with not enough birds to get a score and having to keep doing it over and over and over is getting old quick. People are getting discouraged with repetition. I've been playing AB since the beginning and can't believe its difficulty is getting beyond .....☹️
And please make the score boxes on top......................S. M. A. L. L. E. R 🙄",0,13.6.1,ux_ui,negative,False,veteran,Long-term player frustrated by score boxes obscuring gameplay and persistent loading issues on iPad.,
13547071563,us,TheTaciturnPenguin,5,2025-12-23 17:57:23,Go Birds!,The single greatest experience of my entire life.,0,13.6.1,praise,positive,False,unknown,Player calls it the greatest experience of their life.,
13546729076,us,Bygynbubhbhb,5,2025-12-23 16:04:14,Ggygyg,"Rrerrrrrrrrr5rrrr5t56mt6t6f
Hug",0,13.6.1,other,neutral,False,unknown,Unintelligible review with no meaningful content.,
13543914469,us,Justus Davidson,5,2025-12-22 21:16:45,My Review,The game was nostalgic and likely very awesome 5 out of 5 :D,0,13.6.1,praise,positive,False,unknown,Player finds the game nostalgic and gives it a perfect score.,
13525707581,us,S@Lobert,5,2025-12-18 00:10:16,Enjoy,So much fun .,0,13.6.1,praise,positive,False,unknown,Player briefly praises the game as very fun.,
13490692494,us,maestrolang,2,2025-12-08 16:48:58,Way to hard nd costs too much to even try,"I have been playing this game and all the angry birds games since they came out. I used to love this game but it has gotten way too hard and requires too much money to even make it worthwhile. Might be time to move on.
Also today the birds would get stuck in the cocked position and when touched fizzled. Very frustrating",0,13.6.1,monetization,negative,True,veteran,"Veteran player finds the game too difficult and too expensive, and is considering quitting.",
13484742550,us,lolajack5,5,2025-12-07 05:04:48,Ab,10/10,0,13.6.1,praise,positive,False,unknown,Player gives the game a perfect 10/10 rating.,
13480322281,us,mbrrk,5,2025-12-06 03:16:58,Christmas update 12-25-2025,Christmas Day,0,13.6.1,live_events,positive,False,unknown,Brief positive note about the Christmas Day update.,5.0
13479048211,us,mem3saurus_rex,5,2025-12-05 19:16:31,Greatest mobile game,Angry birds friends is the greatest mobile game ever. Been playing for years and it never gets old. Always fresh levels. Piggie tower is a fun daily task and I love love love the star cup. I play the two of them more than the tournament tbh. I love this game and play all day at work when I have nothing to do. I love you Matilda you are the best bird in the game.,0,13.6.1,praise,positive,False,veteran,"Long-time veteran praises the game's variety, Piggy Tower, Star Cup, and fresh levels.",5.0
13464230006,us,Alexis Broglin Babyyy,4,2025-12-01 21:29:59,spungebob angry birds,fintasic,0,13.6.1,live_events,positive,False,unknown,Brief positive reaction to the SpongeBob Angry Birds themed event.,4.0
13455814848,us,Oneshotsnout,5,2025-11-29 18:10:54,Before bad future good,"Levels are bad don’t play except people who purchase the lengendary bundle because sometimes you pay power ups with coins and developers don’t look at my  messages and everyone hates this game because of level 60 make it easier or else make bird coins easy to get now 🤬 this is not a great game change this now Royal kingdom ads are not true and every Royal kingdom ads are fails even other ads make other ads  and this weeks tortamant is hard the Jurassic pork (2025) on level ten is hard so I have to use power ups but I need to pay with bird coins and go to 1st place help and also Rovio want me to pay the bird coins not fair now I like this game I have birds coins well the power potion increase is 4 now but previously mine was 8 why did this happened I was so lucky and also this game is fun and get lots of coins in spin the wheel also star cup is so easy hopefully everyone likes this game 😉 and have fun everyone 😄! Also when you go to Star cup at 3Am your opponent is a bot not a real player and I know I lose some coins I still love this game and I’ll practice how to play Angry birds friends I’ve been playing Angry birds friends for a long time, and I’m so proud to say I just completed all 110 levels in piggy tower with 3 stars on every single one!🏆
It was challenging but very fun. The variety of the level designs, especially the tricky TNT setups and unstable towers, made every floor feel unique.
I hope Rovio adds more Piggy tower levels in the future-I’ll be ready for them!🔥 thanks for such an awesome game!
_________________________________
⭐️ no developer is responding and what I say and other reviewers here (another review)
_________________________________
Why developer response is not answering?🥺
(What other reviewers say) I don’t care this game or I love this game
(What I say) I love the levels,tournaments,and Star cup also like and Subscribe
_________________________________
⭐️ Sad story about Angry birds friends (3rd review!)
_________________________________
Hello Guys what I like the design of the old ABFS design but the new version was worst I still like the new design but some birds are not that great and some birds are great like Terence,Blues,and Matilda😭😭😭😭😭",0,13.6.1,economy_rewards,negative,False,unknown,Player frustrated by hard levels requiring costly Bird Coin power-ups and misleading ads.,5.0
13455296433,us,hdiskeejfnf,3,2025-11-29 15:31:11,Ads,Way too many ads,0,13.6.1,ads,negative,False,unknown,Player complains there are far too many ads.,3.0
13451611442,us,CAMLA_d,3,2025-11-28 17:22:27,Blue’s tower really needs update,"The game is good, but the blues tower needs an update. I have spent 2 days trying to get 1 extra floor. Best case scenario a player spends 50$ on power ups, just to get another floor. Just give the player 3 or so attempts to finish a floor, or maybe make the levels easier. The blues do not need 360,000 pieces of stone to build 1 floor of a tower.",0,13.6.1,progression_difficulty,negative,False,unknown,"Blues Tower floor progression is excessively difficult and expensive, needing a balance fix.",3.0
13439627447,us,Roarmang,5,2025-11-25 14:09:37,Angry Birds best game ever,Super fun,0,13.5.3,praise,positive,False,unknown,Short enthusiastic praise calling Angry Birds the best game ever.,5.0
13427269615,us,grundski,3,2025-11-22 09:39:45,Pros and cons,"I think its a great game. Not a fan of re-used levels but I get it. If you screw up, try again. The one thing all developers out there should learn from AB…. Stop limiting lives and making us purchase lives. AB has never limited play. They aren’t our parents. Been playing friends as long as AB has been around. Two things that could be better. 1. If I am willing to watch ads for power ups, let me. Stop limiting that. Maybe you don’t earn as much as if I pay. But it’s something. 2. Go back to the old rewards amounts. You sold your soul to the devil devil and effed your loyal players for greed. I won’t spend money, the value of what I get in the game is just not there. AB has become greedy and it shows.  Levels are harder to score on, not kill piggies, but three stars. All in the name of making more money like everthing else in the world. For the greed, 3 stars. Would have been five if you didn’t sell your soul.",0,13.5.3,economy_rewards,negative,False,veteran,Veteran player criticises reduced reward amounts and limited ad-based power-up earning opportunities.,3.0
13419089676,us,caslouha,3,2025-11-20 04:50:17,So Close.,This game was just about to get 5 stars as I have played for the past week or so.. and then suddenly.. pop up ads,0,13.5.3,ads,negative,False,unknown,Game was nearly a 5-star experience until intrusive pop-up ads appeared.,3.0
13418285477,us,Trains70,1,2025-11-19 22:56:17,So much potential,"At first  it’s fun and more challenging than earlier AB, I’ve played them all and a lot. But this game is so buggy I finally uninstalled it.",0,13.5.3,bugs_performance,negative,True,unknown,Player uninstalled due to persistent bugs despite enjoying the gameplay initially.,1.0
13411070866,us,@Nia__Rodriguez,5,2025-11-18 00:36:16,😌,Love !!!,0,13.5.3,praise,positive,False,unknown,Simple enthusiastic expression of love for the game.,5.0
13410629465,us,Alexander😎✌️,5,2025-11-17 21:37:47,An idea for the game,"Instead of only being able to play with friends only on Facebook, you can instead add friends in the game!
Here is my idea: In the area with your profile, there will be a new button titled “friends”. When tapped, it will show your friend list, along with an add friend button beside it. To add a friend, simply type their username!",0,13.5.3,feature_request,positive,False,unknown,Player requests an in-game friends system independent of Facebook with username-based adding.,5.0
13401036242,us,Angry birds🌭,5,2025-11-15 13:28:04,I love this game,I always will play this game when i get bored,0,13.5.3,praise,positive,False,unknown,Player enjoys the game as their go-to boredom activity.,5.0
13386388549,us,vacuum king,1,2025-11-11 21:17:06,Worst game ever,"I hate this game so much that when I try it’s too fricking 
HARD!!",0,13.5.3,progression_difficulty,negative,True,unknown,Player finds the game too hard and expresses strong dislike.,1.0
13372783212,us,transformers fan 2006,4,2025-11-08 15:37:12,A fun experience for all fans,This game has alot you can look forward.,0,13.5.3,praise,positive,False,unknown,Brief positive note saying the game has a lot to look forward to.,4.0
13370354971,us,befair56,4,2025-11-08 02:20:53,Too tiny,Need to enlarge the picture,0,13.5.3,ux_ui,neutral,False,unknown,Player requests a larger display or zoom option for readability.,4.0
13366049716,us,Keyser Sosze,2,2025-11-07 01:31:04,2 star for tech issues,"A money grab like all the other AB games, you REALLY need to buy coins for power ups to completes boards and battles. 

At LEAST 10 times playing Star Cup I would get to 5, 6 or 7 win streaks then I would get an error message that “level could not be downloaded”. I would not only lose accumulated points, feathers and coins, I used numerous power ups for each opponent. The cost to purchase coins to complete boards and tournaments is costly but the only way to finish many levels. I have at least 3 screenshots of the error message. Not only is this technical issue on Rovio’s end, it has become quite frustrating AND COSTLY. THIS ISSUE NEEDS TO BE REVIEWED, FIXED and restoration of numerous coins I spent purchasing the power ups that were “lost” as the progress was not logged.

Waiting for the rovio bot support to reply.",0,13.5.3,bugs_performance,negative,True,unknown,"Recurring download errors in Star Cup cause repeated loss of power-ups, points, and feathers.",2.0
13354431941,us,phish's,1,2025-11-04 07:12:01,Ads are irritating,You know I like this game. I grew up playing it. But its very irritating when you try to play and get ads every few minutes. Its just shows the greed of the company. I always ask myself “why do I even delete this app” then I try to spend a hour playing it. Stop being so greedy. Turn the ads off. And I am sure you will have alot more players.,0,13.5.3,ads,negative,True,returning,Returning player repeatedly deletes the app due to excessive ads driven by corporate greed.,1.0
13343115907,us,Minecraft builds and dreaming,5,2025-11-01 17:02:48,😉😉😉😉😉😉,𝑁𝑖𝑐𝑒𝑒𝑒𝑒𝑒𝑒,0,13.5.3,praise,positive,False,unknown,Brief positive praise of the game.,5.0
13339335695,us,ADS!!!!!.,5,2025-10-31 20:17:07,Classic!!,I’ve always LOVED Angry Birds since I was a little kid now I’m 20 and still addicted!,0,13.5.3,praise,positive,False,veteran,Player has loved Angry Birds since childhood and remains addicted at age 20.,5.0
13318912531,us,Rip van. Rinkle,5,2025-10-27 00:46:47,Classic Game,I use to play this game every day for this game,0,13.5.3,praise,positive,False,veteran,Player fondly recalls daily play sessions with this classic game.,5.0
13318504367,us,I think this game is broken,5,2025-10-26 22:11:22,Great!,"This brings back memories, THANKS ROVIO!",0,13.5.3,praise,positive,False,unknown,Player thanks Rovio for the nostalgic experience the game brings back.,5.0
13317042721,us,"Mrs, G",1,2025-10-26 15:11:12,Taking too long to download,It will not download even though it has been updated 2 weeks ago!,0,13.5.3,bugs_performance,negative,True,unknown,Player cannot download the game despite it being updated two weeks ago.,1.0
13305996347,us,Sconnaire,5,2025-10-24 02:03:48,Mighty eagle please,I’ve always wanted to have the mighty eagle in the game so please can you do it?,0,13.5.3,feature_request,positive,False,unknown,Player requests the Mighty Eagle be added to the game.,5.0
13301226595,us,osufnl499,5,2025-10-22 22:00:41,Ellie,Ryan,0,13.5.3,other,positive,False,unknown,Review contains only two names with no meaningful game-related content.,5.0
13293208130,us,🤪🙅🏽‍♀️,1,2025-10-21 00:29:18,Stop selling our personal information.,"Every time I play this game, I get spam emails. That is the only time that I received them. Please stop selling my email address.",0,13.5.3,other,negative,False,unknown,Player reports receiving spam emails and accuses the developer of selling personal data.,
13292301424,us,Ddaprix73,1,2025-10-20 19:06:24,Fraud,There’s features in this game that don’t function like they should. Lvl 50 has a stack of blocks with explosives underneath that don’t launch into the air when explosives are triggered. Once you finish floor 36 in the pig tower there’s nothing left to do. And the side games are useless unless you want to spend money which makes the game just another money pit.,0,13.5.3,bugs_performance,negative,False,unknown,Multiple gameplay bugs reported including non-functioning explosives and dead-end progression in Pig Tower.,
13290128317,us,M.Layne Gray,1,2025-10-20 08:44:49,☹️,My game won’t load at all now.,0,13.5.3,bugs_performance,negative,False,unknown,Game fails to load at all.,
13280658763,us,sanddoubed,1,2025-10-18 03:41:31,Update ruined game,"Update messed up this game, doesn’t flow, it is now very jerky.  Scores for tournament shows, but now the friends…please redo the update.   Oct. ‘25 - I don’t know what happened with the last update, but the game is awful now.  I have been playing since the very beginning and I’ve never been so disappointed.  I’m contemplating deleting the game.  The point system is bordering on ridiculous, you can never get ahead,  in all my years of playing, I’ve never had a minus in the points.  I hope you consider this….my thoughts are you are going to have a lot of people deleting it is impossible now.  Shame on you.",0,13.5.3,bugs_performance,negative,True,veteran,"Long-time player says a recent update made the game jerky and broken, and is considering deleting it.",
13273413053,us,MattburnsNYC,2,2025-10-16 11:28:14,Good but was better,"I do love this game; however over the past two year the developers have started being REALLY cheap with the rewards. Today I just found out that if you win a league tournament you only get 500 points…just a few days ago it was 1000. Also, when you spend money to buy points the amount has gotten SO cheap, especially when you buy the $99 “Best Deal” package. Too bad…I will be playing but not buying any rewards because of this…my opinion…stop being so CHEAP and GREEDY.",0,13.5.3,economy_rewards,negative,False,unknown,Player complains that tournament win rewards were halved and paid currency packages offer far less value than before.,
13271521315,us,Ba1tshark,5,2025-10-15 23:15:05,Wow,What much fun I do a bird another bird a bird after that bird oh what’s that? More bird? Will do. Say less fam gimme the bird I am thankful for the bird it is the word,0,13.5.3,praise,positive,False,unknown,Enthusiastic and playful praise for the game's birds.,
13261278889,us,Mick25:638858,5,2025-10-13 13:47:17,Player,"Was in another group, lost  about 4100.00 that i had. Remember I guy on the same group, his name is RED,  and can’t think of the other player name.  I don’t know how I’m going to recover the money i had.  Is there anyone that could help me?",0,13.5.3,other,negative,False,unknown,Player claims to have lost a large amount of in-game currency and is asking for help recovering it.,
13258745713,us,Sandnwaves,1,2025-10-12 21:59:58,Constantly Crashing,I can’t play more than one level at a time without the app crashing.,0,13.5.3,bugs_performance,negative,False,unknown,"App crashes after every single level, making the game unplayable.",
13258115708,us,The Ghent government,5,2025-10-12 18:30:30,I love the way the animation is so different from other games,Just relaxing and for downtime,0,13.5.3,praise,positive,False,unknown,Player enjoys the unique animation style and finds the game relaxing.,
13245610120,us,M-r Kaplan,1,2025-10-09 20:39:09,Полное деоьмо,"Одни старые, самые всратые левелы. Ничего нового. Дебилы",0,13.5.1,live_events,negative,False,unknown,"Player complains that only old, low-quality levels are available with nothing new.",
13230118404,us,Mikej384,1,2025-10-06 06:28:29,Won’t let me play without updating,"Won’t let me play without updating, when I try to update it takes me to the App Store where there is no update available.",0,13.5.1,bugs_performance,negative,False,unknown,Game demands an update to play but no update is available in the App Store.,
13230109430,us,CO-NH-CA,1,2025-10-06 06:24:50,Stupid Update,"I cannot play the game because when I try it says I need to update it, but then, when I go to the App Store, there is no update.",0,13.5.1,bugs_performance,negative,False,unknown,"Forced update prompt leads to App Store where no update exists, blocking play entirely.",
13222556129,us,Plsss do it,3,2025-10-04 13:37:03,It would be so much better with a level editor.,"On the Angry Birds channel they show themselves making levels, and i believe their should be on. If there was one me and other people could be ecstatic about the update.",0,13.5.1,feature_request,neutral,False,unknown,Player requests a level editor feature similar to what the developers showcase on their channel.,
13197734904,us,BEKO97IQ,5,2025-09-28 20:57:48,Awesome game 💚 🐦‍⬛,Great 👍🏻,0,13.5.1,praise,positive,False,unknown,Brief positive review praising the game.,
13182508097,us,Cakeppan,1,2025-09-25 11:21:07,Recent changes,Going to 4 new challenges a week with less reward is disappointing. Not enough rewards to play a challenging game. Contact me when you change rewards.,0,13.5.1,economy_rewards,negative,False,unknown,Player is disappointed that the number of weekly challenges increased while rewards decreased.,
13179292732,us,Cinderella200322,2,2025-09-24 16:30:17,Eh,This game is more challenging than satisfying and it’s actually really upsetting,0,13.5.1,progression_difficulty,negative,False,unknown,Player finds the game more frustrating than enjoyable due to excessive difficulty.,
13174769696,us,J世界上,3,2025-09-23 15:14:23,健身,哇哦,0,13.5.1,other,neutral,False,unknown,Very brief and ambiguous review with no clear game-related content.,
13162814520,us,ivantrain6648,5,2025-09-20 19:50:17,Aiming at the end of the day!,So when you get a chance can you please send?,0,13.5.1,other,neutral,False,unknown,Unclear and incoherent review with no discernible feedback.,
13161917464,us,Ringworm Smalls,1,2025-09-20 15:42:57,Straight up money grab,In order to get anywhere on this game you'll need to buy stuff so just do yourself a favor and avoid,0,13.5.1,monetization,negative,True,unknown,Player says meaningful progress requires purchases and advises others to avoid the game entirely.,
13158365553,us,Angry birds1223,5,2025-09-19 20:07:59,Fun fun fun,Fun fun fun fun,0,13.5.1,praise,positive,False,unknown,Short enthusiastic praise describing the game as fun.,
13145185670,us,Rhinoblogger,1,2025-09-16 17:07:28,TOO MANY ADS!!!,Now they have ads popping up ALL THE TIME. Ads used to be optional for rewards but now they pop up randomly. In addition the levels are far too difficult now and you have to use power ups just to complete most of the levels or to get all three stars.,0,13.5.1,ads,negative,False,unknown,"Player complains about newly forced random ads that were previously optional, combined with excessive level difficulty.",
13143110157,us,eeeEA a,5,2025-09-16 05:16:45,哈哈哈,感谢这款游戏让我仿佛回到了童年,0,13.5.1,praise,positive,False,unknown,Player expresses nostalgia and gratitude for the game bringing back childhood memories.,
13142199681,us,Mickey Jones ￼,5,2025-09-15 22:51:55,It’s a fun game,"It’s just like Angry Birds with a few more mechanics you know, kill the livestock and get your Angry Birds victory battle Royale",0,13.5.1,praise,positive,False,unknown,Player enjoys the game as a fun Angry Birds experience with extra mechanics.,
13139000839,us,Gamer advance,3,2025-09-15 03:39:53,Not sure what happened to them original,"You can buy some original one or a remake of it, but I recommend you playing this one. It is easier basically like the same thing three stars.🙂",0,13.5.1,other,neutral,False,unknown,Vague recommendation to play this version over other Angry Birds titles.,
13129987235,us,EthelRob,1,2025-09-12 21:43:03,Please fix,Big issues. You click on power ups and it just spins. Won’t tally score or give you points.,0,13.5.1,bugs_performance,negative,False,unknown,Power-ups freeze on click and the game fails to tally scores or award points.,
13115350697,us,Mpoyi Mpoyi,5,2025-09-09 00:46:59,You.   Forgot.           Melody and.       Silver and.    Leonard,Angry birds have all the birds  but.  Ab friends     Doesn’t.     Have all the  birds,0,13.4.0,feature_request,neutral,False,unknown,"Player requests missing birds like Melody, Silver, and Leonard be added to the game.",
13114885889,us,Ccgirard,2,2025-09-08 21:33:27,Ad problem,"New ad won’t go back to game I was in the middle of. Doing a shut down and restarting doesn’t help.  UPDATE::  After this complaint, my only way to resolve the problem was to join the app for a game.  As soon as I did that, the ads stopped and I was able to continue on with my game.",0,13.4.0,ads,negative,False,unknown,"An ad prevented return to gameplay, requiring joining a game session to resolve the issue.",
13111659764,us,Jmcswt18,1,2025-09-08 00:57:46,Ad problem,An add won’t let you go back to playing. Please fix asap!,0,13.4.0,ads,negative,False,unknown,Ad is blocking the player from returning to the game.,
13103899604,us,limnpix,1,2025-09-06 02:25:46,Ad that destroys play,And ad in the game that ruins play.,0,13.4.0,ads,negative,False,unknown,An in-game ad is disrupting and ruining gameplay.,
13103382321,us,Add classic levels back,5,2025-09-05 23:04:07,Angry birds friends,It is a good game but where are the classic angry birds levels?,0,13.4.0,feature_request,positive,False,unknown,Player enjoys the game but asks for classic Angry Birds levels to be included.,
13099734446,us,I$Mael7,1,2025-09-05 00:34:44,TOO MUCH ADS :(,"This is an amazing and entertaining game however it has an excess of ads, you can play a lot but also you’re going to stay a lot of time watching so much ads as well.",0,13.4.0,ads,negative,False,unknown,Player finds the excessive volume of ads severely detracts from an otherwise enjoyable game.,
13094483786,us,ru1-2,1,2025-09-03 15:56:03,Friends is great,Less ads longer playing time,0,13.4.0,ads,negative,False,unknown,Player wants fewer ads to allow for longer uninterrupted play sessions.,
13090305134,us,Frustrated with Points Change,1,2025-09-02 14:14:49,Changed the Points,Until recently you could earn 150 point if you beat the ‘friends’ now they have dropped it down to 80!  That’s not worth it!!,0,13.4.0,economy_rewards,negative,False,unknown,Player is frustrated that the reward for beating friends was cut from 150 to 80 points.,
13084763711,us,叫6,1,2025-09-01 03:46:13,sb游戏,不充钱根本就不让你过关脑残开发商,0,13.4.0,monetization,negative,True,unknown,Player claims the game is impossible to progress without spending money.,
13079437583,us,Mjk2n,5,2025-08-30 18:21:30,Special note,"Man, this game is fun and stuff maybe you should bring back shockwave bomb and mighty feather red to the game! Don’t forget to add silver to the game!",0,13.4.0,feature_request,positive,False,unknown,"Player enjoys the game and requests the return of shockwave bomb, mighty feather red, and the addition of Silver.",
13070650368,us,fnaf and Fortnite,3,2025-08-28 14:01:50,Fun until level 60,The game was a blast and it had so much nostalgia and i was enjoying it up until level 60 which is literally impossible to beat. I just uninstalled the app because it was to hard. It’s a game meant for kids so why Is level 60 so difficult? I will redownload the game if rovio fixes this.,0,13.4.0,progression_difficulty,negative,True,new,Player uninstalled after finding level 60 impossibly difficult and questions the difficulty for a kids' game.,
13070251877,us,KarenL222,1,2025-08-28 12:05:53,Ruin the game,You changed the game and ruin it. I deleted the app. After years of playing the game. Why mess with something that was a perfect game?,0,13.4.0,other,negative,True,veteran,Long-time player deleted the app after unwelcome game changes ruined their experience.,
13060335686,us,Elyse4design,2,2025-08-25 21:07:48,Since the iOS update loading is difficult.,"I managed after a hard reset to get it to load but now even that doesn’t work.
New problem: I can’t count on watching an ad to get items because the ads refuse to turn off.",0,13.4.0,bugs_performance,negative,False,unknown,iOS update caused loading issues and ads are failing to dismiss properly.,
13060124432,us,nice awsome!?!,5,2025-08-25 19:47:48,Stuck on level 52,"Hey Rovio, I got this game yesterday and progressed through a lot of levels, but I’m stuck on level 52 so Rovio can you please give me a buff with a lot of powers, please Rovio",0,13.4.0,progression_difficulty,neutral,False,new,New player who downloaded yesterday is stuck on level 52 and requests power-up assistance.,
13056572309,us,Mephone5c supremancy,5,2025-08-24 23:20:24,Amazing game!,"I played after I had a car wreck, and it was so relaxing!",0,13.4.0,praise,positive,False,unknown,Player found the game relaxing and enjoyable during recovery from a car accident.,
13053303577,us,Con ladrera,2,2025-08-24 03:17:33,This is hard i hate this😒🤬 the level 11 its very hard,Its hard game,0,13.4.0,progression_difficulty,negative,False,unknown,"Player finds the game too hard, specifically struggling with level 11.",
13043003654,us,MelbaToastoftheTown,3,2025-08-21 12:12:39,Changed,Been playing game many years and love it. Recently the coins for 1st place was decreased from $150 to $80 - making it harder to make gains and need to watch more ads.  And the number of ads at 30 seconds rather than 15 seconds has also greatly increased. Sad.,0,13.4.0,economy_rewards,negative,False,veteran,"Long-time player is disappointed by reduced first-place coin rewards and longer, more frequent ads.",
13037675351,us,Jesus in Havasu,5,2025-08-20 02:54:17,Review,Great game everyone should enjoy,0,13.4.0,praise,positive,False,unknown,Player gives a brief positive endorsement of the game.,
13033657719,us,Cjjksed,1,2025-08-19 02:44:38,Sign in,I cannot sign in by anything,0,13.4.0,social_account,negative,False,unknown,Player is unable to sign in through any available method.,
13033062250,us,Avian hunter,2,2025-08-18 22:54:07,Weak,"If the birds were any weaker, they’d be dead!",0,13.4.0,progression_difficulty,negative,False,unknown,Player feels the birds are too weak to be effective in gameplay.,
13027990660,us,Yoshinura,5,2025-08-17 16:51:02,Heset yoshimura,It was perfect,0,13.4.0,praise,positive,False,unknown,Player rates the game as perfect.,
13023147842,us,Par 4 me,5,2025-08-16 12:56:49,Going broke,Love this game and have been playing it for years but I can’t afford it any more and it breaks my heart I’m totally done after my poker ups are done😢,0,13.4.0,monetization,negative,True,veteran,Long-time player loves the game but is quitting because they can no longer afford to keep spending.,
13013044386,us,Bboomer46,5,2025-08-14 02:02:34,Fun,It’s challenging!,0,13.4.0,praise,positive,False,unknown,Player praises the game for being fun and challenging.,
13008908875,us,🪦🕊️RecRoom🕊️🪦,3,2025-08-13 01:42:33,Don’t play level 60,Don’t play level 60 💀,0,13.4.0,progression_difficulty,negative,False,unknown,"Player warns others to avoid level 60, implying it is extremely difficult.",
13004962954,us,Qurash,2,2025-08-12 01:13:31,New Four Championships Tournament is a rip off,"The folks at Roveo are not very good at math. Their promo/description states in this new “temporary“ four weekly tournaments (started July 21st) you can win approximately the same number of  bird coins each week as the previous three tournament weeks.  Truth is the max you can win in weekly league play is 320 (4x80) whereas in the previous set-up it was 450 (3x150). Not even close! Time will tell, but it looks like they’re looking for another way to give less than what we previously were able to earn.",0,13.4.0,economy_rewards,negative,False,unknown,Player exposes that the new four-tournament format pays out significantly fewer bird coins than the previous three-tournament structure.,
13000184632,us,WMDMA7689,1,2025-08-10 19:49:00,Gypped again,"Now you get even LESS coins when the tourney is over. Hard enough to get coins as it is. To boot; I’ve noticed a lot of more rigged games lately. Geez, this game…",0,13.4.0,economy_rewards,negative,False,unknown,Player frustrated by reduced tournament coin payouts and perceived rigged matches.,
12992936529,us,SirEaglesApple,5,2025-08-08 23:40:45,WOWWOWIE,"I Really Like This Rovio Is My Favorite 
Entertainment",0,13.4.0,praise,positive,False,unknown,Player expresses enthusiastic love for the game and Rovio.,
12991285138,us,Applesuksbigtime,1,2025-08-08 14:20:40,Too many pop up notifications/ads,It’s become so distracting to try and play with the constant pop up notifications selling power ups.,0,13.4.0,ads,negative,False,unknown,Constant pop-up notifications promoting power-ups are too distracting during gameplay.,
12981435837,us,Ruby/Ginger,3,2025-08-06 03:38:58,Friends,How do I invite friends,0,13.4.0,social_account,neutral,False,unknown,Player asking how to invite friends to the game.,
12975317838,us,Bearinabikini,1,2025-08-04 15:25:48,Get rid of the ads,The game was great and all of a sudden ads are interrupting gameplay and it is AWFUL. Please fix!,0,13.4.0,ads,negative,False,unknown,Ads interrupting gameplay have ruined what was previously a great experience.,
12962228257,us,Matthew gamer 2016,5,2025-08-01 09:12:56,Absolute cinema,I really like angry birds friends. It has realistic sounds and cool tournaments. It would be even more amazing if you guys make it 3d. The game is really amazing 😊,0,13.4.0,praise,positive,False,unknown,Player loves the game and suggests adding 3D graphics as an improvement.,
12952852928,us,женя202002,1,2025-07-30 02:13:50,C,Bring angry birds go back please,0,13.4.0,feature_request,negative,False,unknown,Player requests the return of Angry Birds Go.,
12951984194,us,KraZgrl,1,2025-07-29 20:40:35,Changed in a bad way,"I’m super disappointed in Angry Birds now. They’ve completely changed the way the birds work, and it’s almost impossible to complete a level without buying their power ups. Corporate greed wins again. Deleting the game for good. It’s very sad how nasty and greedy the world is getting…",0,13.4.0,monetization,negative,True,unknown,Player is deleting the game due to changed bird mechanics and pay-to-win power-up requirements.,
12943650646,us,Estime.,1,2025-07-27 18:45:45,Bring back the old versions of this game and the old games,I used to play the old versions of the game until the update in that time that the old game got removed. The new version of this game is just trash. I understand why you have to change the sprites but not adding new features or bringing back. The old game is completely unacceptable.,0,13.4.0,live_events,negative,False,returning,Long-time player dislikes the new version and wants old game features and content restored.,
12931718456,us,dw_friedman,3,2025-07-24 18:16:32,maps are so large you can’t see birds,maps are so large you can’t zoom in to tell which bird you’re flinging. you could at least provide a preview of the type of bird being launched so you know what power they have.,0,13.4.0,ux_ui,neutral,False,unknown,"Maps are too large to clearly identify which bird is being launched, requesting a bird preview.",
12923526256,us,Whosamad9nger,1,2025-07-22 17:56:58,No offline play and the game pushes too many extras,"The animations are distracting to the actual gameplay also.

Bring back offline play.",0,13.4.0,feature_request,negative,False,unknown,Player wants offline play restored and finds animations distracting from gameplay.,
12919785185,us,Navid-M,5,2025-07-21 20:00:20,bugs,please fix the bugs.,0,13.3.0,bugs_performance,neutral,False,unknown,Player requests bug fixes despite giving five stars.,
12895733300,us,Hunter average,1,2025-07-15 19:24:37,Impossible SOS,What is the point of this game if you can’t complete some of the levels DO NOT PLAY THIS GAME,0,13.3.0,progression_difficulty,negative,True,unknown,Player finds some levels impossible to complete and warns others not to play.,
12891808075,us,SamuraiDragon360,5,2025-07-14 19:38:07,This game is zero stars,The original angry birds was way better from 7 years ago. This one contains an absorbent amount of adds and and needs coins to do anything. Every time you lose you lose coins/ lives so eventually you can’t even play the game unless you pay real money for more coins/ lives. I rate it zero stars in comparison to the original. I put five stars just so this comment was visible.,0,13.3.0,monetization,negative,False,unknown,Player criticizes excessive ads and coin-gated gameplay comparing it unfavorably to the original game.,
12887475941,us,PumpCorn Butterfly,1,2025-07-13 16:57:59,Used to be good but now it’s casually frustrating and boring repetitive levels,I hate those developers,0,13.3.0,live_events,negative,False,unknown,Player finds the game repetitive and boring and expresses frustration with developers.,
12881981721,us,"Cat lover, and game lover",5,2025-07-12 07:06:31,best game ever,Keeps me distracted whenever I get bored.,0,13.3.0,praise,positive,False,unknown,Player enjoys the game as a go-to distraction when bored.,
12877264974,us,fishfrench,5,2025-07-11 01:09:51,angry birb,angry birb,0,13.3.0,praise,positive,False,unknown,Short playful review expressing affection for the game.,
12865058347,us,xpoet,1,2025-07-07 23:37:06,Gimmick,No longer pays coins you have to buy them.,0,13.3.0,economy_rewards,negative,False,unknown,Player complains that coins can no longer be earned and must be purchased.,
12862471862,us,Parya Ismail abas,5,2025-07-07 09:15:14,It’s amaaaaazing!!!,It’s the best game ever! Totally agree. It’s just a game that they slingshot at piggies!,0,13.3.0,praise,positive,False,unknown,Player enthusiastically praises the slingshot gameplay.,
12857847760,us,Trey Mayes,3,2025-07-06 04:09:23,Fun game but rigged.,Super enjoyable and really happy it doesn’t have ads. But you can tell that it purposefully rigs games in hopes of getting people to buy coins or power up.. super annoying.,0,13.3.0,tournaments_fairness,neutral,False,unknown,Player enjoys the game but believes it deliberately rigs outcomes to push coin and power-up purchases.,
12854182564,us,Robbie foxes,5,2025-07-05 05:58:27,Awesome,Really good and very great too,0,13.3.0,praise,positive,False,unknown,Brief positive review calling the game awesome and great.,
12851185491,us,Coco&green,5,2025-07-04 11:56:48,They have to bring back the birds,"my favorite is drill bird because it can drill but you forgot to bring it back, and some other birds that’s not in the game, so please bring back the birds😔😔😔😔😢",0,13.3.0,feature_request,neutral,False,unknown,"Player requests the return of missing birds, particularly the drill bird.",
12848760210,us,Monk5370,3,2025-07-03 19:46:21,Have to Buy to Win,Quite a number of the games are nearly impossible to win unless you buy packages.,0,13.3.0,monetization,negative,False,unknown,Many levels feel nearly impossible to win without purchasing packages.,
12843432860,us,Spongodjfirm,2,2025-07-02 13:39:52,No coin rewards,I receive no coin rewards after every tournament for the past few games. I receive coin on the right side but no coins on the left side after tournament. It shows I should receive 150 coins but it is not rewarded. I’m owed over 600 coins now.,0,13.3.0,economy_rewards,negative,False,unknown,Player reports not receiving promised tournament coin rewards totaling over 600 coins owed.,
12825980697,us,Sophy Jung,5,2025-06-28 04:28:15,童年的回憶,小的時候最愛玩的遊戲，遊戲好玩畫風也很可愛,0,13.3.0,praise,positive,False,unknown,Player fondly recalls the game as a beloved childhood favorite with cute art style.,
12821163066,us,Sexy Lil' C,5,2025-06-26 22:49:54,Hello,"This game is incredible! Also please bring back Angry Birds Go, if you do not remember, this was a racing game where you raced from one end of the track to another, after a couple races in that track, you could race against a special racer, if you beat them in the race, you would unlock them. Red could dash, bomb could blow up in a radius, the Orange one I forgot could puff up and roll around. If it still doesn’t sound familiar to your company, then what’s the point of reading this?",0,13.3.0,feature_request,positive,False,unknown,Player loves the game and requests Rovio bring back Angry Birds Go.,
12820724610,us,Big Red Mama7,1,2025-06-26 20:01:52,Fixings,"The last 2 tournaments I did not receive the winning coins.  There is two areas with winning coins.  The left side has just a “—“ and no amount.  The right side winnings has the amounts for that.    So why is there no coins winnings for the left? 

Also when u push to get a free big bird or boom box every single time a GREY blank screen pops up and then it’s stuck!  It only shows a 30 with a circle around it and it doesn’t move or nothing.  So I have to close the game out and lose what I just accomplished.

There’s no ads at all except this blank screen stuck with a 30 on the bottom left corner.",0,13.3.0,bugs_performance,negative,False,unknown,Player reports missing tournament coin rewards and a frozen blank screen when attempting to watch ads for free items.,
12819248526,us,familyfriendly7,2,2025-06-26 12:30:18,No tournament rewards,"I no longer get the rewards after the tournament ends, I uninstalled and then reinstalled the game. And there is no app support.",0,13.3.0,economy_rewards,negative,True,unknown,Player stopped receiving post-tournament rewards and found no app support after reinstalling.,
12793335706,us,Koa_467,5,2025-06-19 16:58:08,Review,This game is just like Angry Birds two,0,13.3.0,praise,positive,False,unknown,Player briefly praises the game by comparing it favorably to Angry Birds 2.,
12785523230,us,Chucktown Ollie,2,2025-06-17 16:30:52,Ads are overwhelming,"It’s a 5 star game weighed down by endless and constant advertisements. Some you cannot close early and some have minuscule X buttons that are impossible to hit. And some play sounds even when you have sounds disabled. Ads are typically fine and acceptable, but not these.",0,13.3.0,ads,negative,False,unknown,"Player finds the volume and intrusiveness of ads overwhelming, citing unskippable ads, tiny close buttons, and ads that ignore sound settings.",
12785332573,us,Nyj6fan,5,2025-06-17 15:33:51,Love the game but….,I don’t like the music that plays automatically when you open the app now. Music and sound are off in settings but still get this wild music at start up that didn’t exist until Monday June 16th.,0,13.3.0,bugs_performance,neutral,False,unknown,Player enjoys the game but reports unwanted startup music playing since June 16th despite sounds being disabled in settings.,
12777848911,us,Graydog407,3,2025-06-15 16:13:19,Unable to connect through Facebook,There is a problem with the facebook connection. The app has crashed several times recently and I have had to reinstall. It will not connect when trying to restore through the facebook connection. PLEASE REVIEW AND REPAIR.,0,13.2.1,social_account,negative,False,unknown,Player cannot reconnect via Facebook after multiple crashes forced a reinstall.,
12775899186,us,Deo(0:-:,5,2025-06-15 04:34:56,Great game altogether,This game is a great game if you are bord and can kill time,0,13.2.1,praise,positive,False,unknown,Player recommends the game as a great time-killer.,
12772481715,us,Magnum95124,3,2025-06-14 08:09:02,Issues,"It seems the only way to contact anyone with an issue is through reviews. The game will not load and says “storage service error.” What is that all about and when will it be fixed? And yes it’s the app, not my device. All other apps work fine.",0,13.2.1,bugs_performance,negative,False,unknown,Player reports the game failing to load with a storage service error and notes the only way to report issues is via reviews.,
12767235971,us,BABY HOM!E,5,2025-06-12 21:44:34,Mamba9925,Greatest game,0,13.2.1,praise,positive,False,unknown,Player calls it the greatest game with no further detail.,
12766206320,us,клкшщугала,5,2025-06-12 15:48:34,щкщадпзедежк,игра крутая на мне птица прыгает,0,13.2.1,praise,positive,False,unknown,"Player briefly praises the game in Russian, saying it is cool.",
12763326118,us,ReAnn Ring,5,2025-06-11 20:55:20,My go to fave!!!,Always a challenge,0,13.2.1,praise,positive,False,unknown,Player calls the game their favorite for always providing a challenge.,
12751183751,us,AresSonicFan,5,2025-06-08 17:22:08,Wow!,I found this game! Let me tell you the whole story! I was going to get reds 1st flight but it was one dollar and I had 2 at home so I got dis instead!,0,13.2.1,praise,positive,False,new,New player chose this game over another and is happy with the decision.,
12748463659,us,Angry Birds .com,5,2025-06-08 00:50:47,Matthew2216,6/7/25,0,13.2.1,other,neutral,False,unknown,Review contains only a username and date with no substantive content.,
12741958532,us,gaoguiquan08,2,2025-06-06 09:51:38,can not open it always,。,0,13.2.1,bugs_performance,negative,False,unknown,Player reports being unable to open the game consistently.,
12740721793,us,EndedStar6765,5,2025-06-06 00:40:05,AB Friends,"Oh, Great",0,13.2.1,praise,positive,False,unknown,Player gives a brief positive reaction to the game.,
12740040016,us,Sonic fan209,5,2025-06-05 20:04:24,Very good angry birds game,Fun,0,13.2.1,praise,positive,False,unknown,Player briefly praises the game as fun.,
12738342079,us,MichaelB68,3,2025-06-05 11:19:26,"Gameplay fine, everything else is awful","I don’t mind ads, but when you watch it and it just continues on and on and tries to fool you, then kiss off. Better yet when you have to watch an ad to spin for a power up and it gives you nothing, that is real fair too….

Now the authentication cycles multiple times and some days it just doesn’t work.  They keep breaking the game.

Game is fine. It’s the fringe stuff that is awful.",0,13.2.1,ads,negative,False,unknown,"Player is frustrated by deceptive and unrewarded ads, as well as recurring authentication failures that break the experience.",
12735645822,us,WS13!,5,2025-06-04 17:01:17,Peak,I love this game,0,13.2.1,praise,positive,False,unknown,Player calls the game peak and says they love it.,
12729936909,us,Hfgtig,5,2025-06-03 05:30:28,Great job Rovio,"It’s good, I just wish it didn’t need internet.",0,13.2.1,feature_request,positive,False,unknown,Player enjoys the game but wishes it had an offline mode.,
12729113284,us,Bennett Dude,5,2025-06-02 23:35:25,Very fun game to play,I would recommend this very much great way to unwind and have some fun and it’s free definitely recommend it the tournaments are very fun and ranking up is worth it,0,13.2.1,praise,positive,False,unknown,"Player highly recommends the game, praising the tournaments, ranking system, and free-to-play value.",
12726533532,us,diddyboinigga,5,2025-06-02 08:34:38,🤓🤓🤓🤓,my favorite character was the blue bird of friendliness like guardian angels it's allways near,0,13.2.1,praise,positive,False,unknown,Player expresses fondness for the blue bird character.,
12723580778,us,dln53,5,2025-06-01 14:07:55,Enjoy the game but it’s been hacked!!,"I enjoy playing this game. The fact that the levels are endless is great however, someone has hacked it! I keep getting pop-ups that want me to click on it to get a free $100 Amazon gift card or something similar. Of course I don’t click on it.",0,13.2.1,tournaments_fairness,negative,False,unknown,Player enjoys the game but reports malicious pop-ups appearing that they suspect are the result of hacking.,
12719770582,us,Scilla198925,5,2025-05-31 14:59:23,AB Friends,Absolutely Excellent!,0,13.2.1,praise,positive,False,unknown,Player gives a brief enthusiastic endorsement of the game.,
12713068446,us,Gamemom64,3,2025-05-29 21:08:41,Set up from the get go,"Let me just say…you win when THEY want you to win. So you lose about 70% of the time so you will buy add ons to stay in the game. 
Update: when I play the seasonal - against other players, I’ve noticed they are all robots. Same boring games. Repeat, repeat, repeat.  Lose, lose, lose. I am 2 minutes from deleting this game.  Oh I lose about 90% of the time now.",0,13.2.1,tournaments_fairness,negative,True,unknown,"Player believes wins are manipulated to drive purchases and suspects opponents in seasonal mode are bots, and is close to deleting the game.",
12709101036,us,klechai1,5,2025-05-28 20:35:23,Awesome Game,Today’s game is better than angry birds 1 and 2. From:Karrington To: Rovio Entertainment,0,13.2.1,praise,positive,False,unknown,Player praises the game as better than Angry Birds 1 and 2.,
12702546328,us,Sunka77,2,2025-05-27 02:57:53,Tower of fortune,Cheats all the time.,0,13.2.1,tournaments_fairness,negative,False,unknown,Player claims the Tower of Fortune cheats consistently.,
12695518538,us,hateroblox14,5,2025-05-25 07:30:31,Классная игра и классная физика!!!!!!!!!!!!!!!!!!!!!!!!!!,Жую,0,13.2.1,praise,positive,False,unknown,Player praises the game and its physics in Russian.,
12689730406,us,ENDER_MAGIKARP,4,2025-05-23 19:32:19,Does it have bosses?,Idk if it haves bosses I haven’t finished it but if it doesn’t have any bosses you need to add some please it will make the game so much better I love bosses please add them,0,13.2.1,feature_request,positive,False,unknown,Player enjoys the game and requests boss battles be added.,
12682123710,us,The most nostalgic game,5,2025-05-21 19:52:07,Angry Birds ( Classic) video game,Thank you for the nostalgia and the memories of the past of Angry Birds,0,13.2.1,praise,positive,False,unknown,Player thanks Rovio for the nostalgia and memories Angry Birds brings.,
12681135664,us,ksa🇸🇦🇸🇦🇸🇦🇸🇦🇸🇦ksa,5,2025-05-21 14:31:13,أ,جميل,0,13.2.1,praise,positive,False,unknown,Player briefly praises the game as beautiful.,
12677407414,us,yeswayted,5,2025-05-20 14:38:23,I didn’t know!,"If you are like me and simply love to knock stuff down using the power of piggy physics, but get tired of playing the same levels over and over again; this is the game for you. 

Play the Tournament! It’s not a 1:1 game you can lose. It’s a limited number of levels that are only available to play for about 48 hours. Then, those level disappear and 10-12 new levels await you. 

Brilliant!!!!",0,13.2.1,live_events,positive,False,unknown,Player enthusiastically recommends the tournament mode for its regularly refreshing levels.,
12677277057,us,Annoyed with commercial,1,2025-05-20 13:59:06,Commercials,The amount of commercials are out of control! It is bad enough you must watch them but there can be up to 4times you must close them. I’m sorry to say I don’t even watch them I couldn’t tell you any names. Please decrease them.,0,13.2.1,ads,negative,False,unknown,Player complains about an excessive number of ads requiring multiple closes each time.,
12672069978,us,Mike of NYC,4,2025-05-19 02:17:33,Cool birds,Ice light cool version.,0,13.2.0,praise,positive,False,unknown,Player briefly praises the cool ice-themed bird version.,
12661489772,us,Bair clw,5,2025-05-16 07:44:53,Review,Fun fun fun,0,13.2.0,praise,positive,False,unknown,Player expresses simple enjoyment of the game.,
12656815426,us,Taytayyyyyyyyyyy43,5,2025-05-14 23:37:14,Fun game,This game is fun you don’t have to have any skill.,0,13.2.0,praise,positive,False,unknown,Player finds the game fun and accessible regardless of skill level.,
12654382504,us,flabberghast06,4,2025-05-14 08:47:38,pretty neat and looks neat too,honestly wasn’t expecting this to have single player which is pretty neat,0,13.2.0,praise,positive,False,unknown,Player was pleasantly surprised by the inclusion of a single-player mode.,
12634023567,us,Luke21717,5,2025-05-08 17:50:43,So fun and great,I downloaded it and it is so fun you should download it,0,13.2.0,praise,positive,False,new,New player finds the game very fun and recommends downloading it.,
12627507600,us,Sandman 212,2,2025-05-06 22:33:10,Too much fun; too much money,I can’t quit playing this fantastic game yet I can’t afford to continue,0,,monetization,negative,True,unknown,Player loves the game but feels it is too expensive to continue playing competitively.,
12620112012,us,Crazylama354,3,2025-05-04 22:12:36,You have to……,You have to update the game a lot,0,13.1.1,live_events,neutral,False,unknown,Player requests that the game receive more frequent updates.,
12619225698,us,Too sad so bad,2,2025-05-04 17:01:20,Best game ever.,So nostalgic and fun I would totally recommend it.,0,13.1.1,praise,positive,False,unknown,Player finds the game nostalgic and fun despite giving only 2 stars.,
12619061127,us,dbjr55,1,2025-05-04 16:12:29,Ads,Royal Kingdom ads are getting longer and more intrusive. The game is becoming unbearable. I am no longer willing to put up with the long ads and I would never reward oppressive ads with downloading them.,0,13.1.1,ads,negative,True,unknown,Player is quitting due to increasingly long and intrusive Royal Kingdom ads.,
12616124859,us,Ogol1,1,2025-05-03 21:38:23,Latest version is buggy,The latest version from May 2025 often gets stuck once you complete a level.,0,13.1.1,bugs_performance,negative,False,unknown,Player reports the May 2025 update causes the game to freeze after completing a level.,
12610517036,us,Upsetplayer12,1,2025-05-02 12:20:11,Bad,Game is rigged against you in not a fun way,0,13.1.1,tournaments_fairness,negative,False,unknown,Player feels the game is unfairly rigged against them.,
12600136875,us,Ricardo 221,1,2025-04-29 18:04:53,Jogo manipulado,Jogo horrível com poucas fases e os eventos chatos quando vc joga online os cara sempre tem pontuação maior tragam os originais de volta esses jogos já estão saturados,0,13.1.1,tournaments_fairness,negative,True,unknown,Player accuses online opponents of always having higher scores and calls the game manipulated and boring.,
12597461142,us,Kyle Manzardo,5,2025-04-29 00:23:38,Angry Birds Friends,"Very fun play. Good on the couch, car, toilet, bed, and everywhere highly recommended",0,13.1.1,praise,positive,False,unknown,Player highly recommends the game for casual play anywhere.,
12593145612,us,Phinnyrock,5,2025-04-27 19:18:09,I love everything!!!!!!!!,"I play Angry Birds friends almost every single week and I love it star cup blues tower and what time when I was first place I got 1000 coins, but just don’t make too much ads for the star cup every time I click done.",0,13.1.1,ads,positive,False,veteran,Longtime weekly player loves the game but complains about excessive ads in Star Cup.,
12588380492,us,Roadster6,2,2025-04-26 14:23:06,the game has changed for the worst,I have been playing this game for many years and it has changed for the worst. It’s getting to the point that I’m not going to play anymore number one It seems to be rigged anymore number two league points don’t change half the time whether you win or lose,0,13.1.1,tournaments_fairness,negative,True,veteran,"Long-time player feels the game has become rigged and league points are broken, threatening to quit.",
12584915082,us,Sandman 212,3,2025-04-25 16:19:47,"Much fun, much cost","I am addicted to this game and love almost everything about it. But, beware, it will cost you a fortune toplay it successfully",0,13.1.1,monetization,neutral,False,unknown,Player loves the game but warns it is very costly to play successfully.,
12581044625,us,Bubba Abram,5,2025-04-24 15:53:07,Best Angry Birds game ever but there is a few problems,"I’m sorry to say that 
I don’t like the green bird designCan you switch it back to the original that’s all for my review",0,13.1.1,ux_ui,positive,False,unknown,Player loves the game but dislikes the new green bird design and wants the original restored.,
12560109794,us,Kelvin imbachi,5,2025-04-19 03:01:07,Best game ever,100/10,0,13.1.0,praise,positive,False,unknown,Player enthusiastically praises the game with a perfect rating.,
12555807356,us,Bblah blah blah bl,1,2025-04-18 00:49:12,Junk junk,Bad so bad bad bad bad bad bad bad bad bad bad bad bad bad bad bad,0,13.1.0,other,negative,False,unknown,Player rates the game one star and repeatedly calls it bad with no further detail.,
12550281349,us,I’m going back home 🏠 again,5,2025-04-16 15:06:59,Angry birds freinds,I love angry birds,0,13.1.0,praise,positive,False,unknown,Player expresses simple love for Angry Birds Friends.,
12545625506,us,Catlady38,4,2025-04-15 10:49:53,Not the best but okay,"Hard to see where you are aiming.  Also birds not very powerful compared with other Angry Birds games.  Saying this, still worth playing.",0,13.1.0,ux_ui,neutral,False,unknown,Player finds aiming visibility poor and birds underpowered but still recommends the game.,
12537890679,us,A) f to do,5,2025-04-13 10:27:18,Let an,Best,0,13.1.0,praise,positive,False,unknown,Player gives a brief but glowing one-word endorsement.,
12521748390,us,Vrolnic Anyx1,3,2025-04-09 09:20:56,Bug,Why my game don’t have  voice?,0,13.1.0,bugs_performance,negative,False,unknown,Player reports missing audio or voice in the game.,
12509597655,us,Biirdman_007,5,2025-04-06 06:12:38,Angry birds,Fun game to be lay while kill in time,0,13.1.0,praise,positive,False,unknown,Player enjoys the game as a fun time-killer.,
12487540226,us,AHS1018,1,2025-03-31 18:05:35,Unwelcome Changes,"Today is just about the last straw. Current game has two birds in the lineup that won’t go in the sling. Misleading, to say the least, and tacky, on your part.
There are times when paying for extra help is totally wasted: the extra oomph you wanted and expected just isn’t there. Nor is it there, to begin with. Their power is at least half of what it was in the beginning. I’ve had a direct landing on a bomb that just sat there. No explosion. Really?
Ads are so boring and repetitive and the ‘players’ are so dumb. They are an insult. Games are never as they are advertised to be. All bait and switch.
Now..I feel better..just had to vent.",0,13.1.0,ads,negative,True,unknown,"Player is frustrated by broken power-ups, misleading ad creatives, and bait-and-switch gameplay, calling it nearly the last straw.",
12471360327,us,Nbsunscreen,5,2025-03-27 17:26:44,It is the best keep up the good work,It is the best game u can challenge ur brothers or sisters even ur family members I recommend u bye it it is so much fun,0,13.0.1,praise,positive,False,unknown,Player loves the game and highlights its social and family-friendly appeal.,
12461326788,us,09Lioness72,3,2025-03-25 03:46:54,Constantly signing in again???,"Every time I open this app it asks if I want to sign in with Facebook-like I always have.  It used to just know that’s how I’m logging into the game, but not any more. Why does it need to ask me EVERY. SINGLE. TIME!!  Please fix this stupid bug. It’s driving me nuts.",0,13.0.1,social_account,negative,False,unknown,Player is annoyed that the app prompts for Facebook login every single time it is opened.,
12457179638,us,Geco853,5,2025-03-24 03:00:57,Still holds up!,"I’m surprised that this game is still on the App Store even after Rovio deleted almost all the classic titles! And I think they kept this one up for a good reason, the game had some good potential for the events, and they delivered. The levels are challenging and hard to get three stars on! Honestly I think this game deserves five stars! Definitely would recommend this game!",0,13.0.1,praise,positive,False,unknown,Player is pleasantly surprised the game is still available and praises its events and challenging levels.,
12454439643,us,Ddddffffdddfddffddgddffff,5,2025-03-23 12:45:48,I love this game!!!!!!,I love this game because it is so fun to kill The Angry Birds they’re always laughing at me and it’s kind of mean so I find that annoying. I try to kill them. That is why I like this game Angry Birds and my cousin tripp likes it too. He always plays it at his house and he loves this game so Angry Birds deserves a five star review . My cousin also wants to say I like big butts and I cannot lie.,0,13.0.1,praise,positive,False,unknown,Player and their cousin both love the game and award it five stars.,
12448436147,us,Kojak_Bear,5,2025-03-22 00:15:01,Bring back angry birds Star Wars,Bring back angry birds Star Wars,0,13.0.1,feature_request,neutral,False,unknown,Player requests the return of the Angry Birds Star Wars title.,
12448187921,us,Hatepigs,1,2025-03-21 22:42:42,Ads,If you love watching ads you will love this app,0,13.0.1,ads,negative,True,unknown,Player sarcastically slams the game for its excessive ads.,
12440726766,us,R naf,5,2025-03-20 00:25:55,Fun,Fun birds!,0,13.0.1,praise,positive,False,unknown,Player leaves a brief positive note about enjoying the game.,
12440578913,us,EpicSonicPlayer,5,2025-03-19 23:28:20,I have an idea for your game,"One feature I would like to see is…(drumroll)…Time Tokens. The Time Tokens can be used in the new Shop run by Time Pig: Half Pig, Half Robot. You can earn Time Tokens from the Star Cup and use them to purchase levels from past tournaments and play them. But these levels won’t last long. They reset after one month and the Time Tokens will expire and be converted into your normal every day Bird Coins. It’s a good idea. After all, I am the number 1 Angry Birds Fan. Trust me it’s a good idea 🐷👍",0,13.0.1,feature_request,positive,False,unknown,Player proposes a Time Tokens system to replay past tournament levels in a dedicated shop.,
12429499320,us,Dissasambaly,5,2025-03-17 00:47:34,Entertainment,This game has made my entertain for like a couple hours in a day and at night it’s a very fun game and is recommended to get the game because of that,0,13.0.1,praise,positive,False,unknown,Player finds the game entertaining for hours and recommends it.,
12421486543,us,Nice but many problems,3,2025-03-15 01:41:33,Good game but the reason why i give it 3 stars,"This is a really good game but then the game is so hard you are forced with powerups to beat it,plus the Tournament are hard like the Boys do trash at the start BUT THEN THEY GET TRIPLE THEIR SCORE still a good game, i hope you make it more fair like in angry birds 2",0,13.0.1,tournaments_fairness,negative,False,unknown,Player enjoys the game but finds tournament scoring unfair with opponents suddenly tripling their scores.,
12421111679,us,JugBug,2,2025-03-14 23:24:51,Anger bird’s friends,I don’t understand why when I am at a critical time in the game and I try to add an one of the little critters to help me win that game my screen blacks out and freezes. This is so unfair!  Can you explain this. This does not happen on any other games.,0,13.0.1,bugs_performance,negative,False,unknown,Player reports screen blacking out and freezing whenever they try to use a power-up at a critical moment.,
12404992054,us,𝙄'𝙢 𝙘𝙤𝙤𝙡,5,2025-03-10 16:54:56,It’s ok,I only put 5 stars so you could see it faster but it’s boring it’s just boring ok pls make funner and put skibidi toilet in there I would like it more,0,13.0.1,live_events,negative,False,unknown,Player finds the game boring and requests more engaging or novel content.,
12388443781,us,警惕猫咪骗局,5,2025-03-06 12:14:56,哈哈哈,这有意思的小游戏谁发明的捏,0,13.0.1,praise,positive,False,unknown,Player leaves a lighthearted positive comment praising the fun mini-game in Chinese.,
12388317834,us,ydhdjsis,5,2025-03-06 11:35:40,Pretty good game,Tbh I’m only playing this cause it’s the closest to the OG,0,13.0.1,praise,positive,False,unknown,Player enjoys the game primarily because it most closely resembles the original Angry Birds.,
12382306069,us,CaptainAiden,5,2025-03-04 20:10:26,Awesome Game,"Great Game to play! I had a fun time playing this Game, especially getting all 3 stars in each level!",0,13.0.1,praise,positive,False,unknown,Player had a great time and enjoyed earning three stars on levels.,
12367454986,us,Andyhandshake,5,2025-03-01 02:43:44,I have watched the movie,I like the movie,0,13.0.1,other,neutral,False,unknown,Player mentions watching the Angry Birds movie with no clear game-specific feedback.,
12367030757,us,LandonLeBeau2013,5,2025-03-01 00:16:14,This game is the best,I could not love this game more it is so creative and fun to play,0,13.0.1,praise,positive,False,unknown,Player loves the game's creativity and fun factor.,
12363375427,us,帅哥哥哥哥哥哥迷人可爱帅气迷人可爱卡通,5,2025-02-28 02:36:15,好,好,0,13.0.1,praise,positive,False,unknown,Short positive review with no specific detail.,
12362943947,us,What ever jack wagons,1,2025-02-27 23:46:53,Used to be good,"Well, as the old saying goes anything you’re getting for free is taking your information and selling it to somebody else. Sure this game is free. But take a look in the privacy report of this app and they are taking your information and selling it to so many organizations it’s beyond ridiculous. If you don’t value your privacy, this is the game for you if you value your privacy do not download this game and play it",0,13.0.1,other,negative,True,unknown,Player warns others not to download due to extensive data collection and privacy concerns.,
12359392119,us,Jayme883,1,2025-02-27 01:39:34,Really!!!???,Y’all need to fix this. Constantly crashes or won’t open at all.,0,13.0.1,bugs_performance,negative,False,unknown,Game constantly crashes or fails to open at all.,
12350075095,us,ffireboy50,1,2025-02-24 15:27:40,Loading,There seems to be an update loading error on 3 of my devices.,0,13.0.1,bugs_performance,negative,False,unknown,Update loading error affecting three devices simultaneously.,
12350052314,us,StarbarStar,3,2025-02-24 15:20:38,Need to fix,Too many server errors,0,13.0.1,bugs_performance,neutral,False,unknown,Frequent server errors are degrading the experience.,
12349930320,us,Eavesdropper,1,2025-02-24 14:43:19,ABF,"2/24/25: Been trying to play for 2 days. App starts loading, then freezes. Have deleted the app twice and redownloaded it. Still won’t load.",0,13.0.1,bugs_performance,negative,False,unknown,App freezes on loading for two days despite multiple reinstalls.,
12349892473,us,Show-n-go,5,2025-02-24 14:31:51,New levels a few times per week!,"I like this game, and i really like that new levels are released weekly.",0,13.0.1,live_events,positive,False,unknown,Player appreciates the regular cadence of new levels released weekly.,
12349488321,us,ywatts21,5,2025-02-24 12:31:11,Not working Again!!,I love this game but it’s not working! Takes a long time to load. Won’t let me claim my coins. Keep getting error message. Please fix!!,0,13.0.1,bugs_performance,negative,False,unknown,"Loves the game but reports slow loading, inability to claim coins, and persistent error messages.",
12347055365,us,Harryfghdd,1,2025-02-23 20:00:47,Boo,The higher up the worse it gets. So disappointed in this once enjoyable game.,0,13.0.1,progression_difficulty,negative,True,unknown,Game becomes increasingly disappointing and worse at higher levels.,
12346151980,us,😎 Reggie,5,2025-02-23 15:17:31,It fun,I like the game no bad things just good things,0,13.0.1,praise,positive,False,unknown,Player enjoys the game with no complaints.,
12343425380,us,The chill bird,5,2025-02-22 23:05:41,Best game in the world,"This is really fun, but it’s easy",0,13.0.1,praise,positive,False,unknown,Considers the game the best in the world though finds it easy.,
12338882371,us,Ochre jaguar 2190,3,2025-02-21 20:21:44,It is the worst,I hate it,0,13.0.1,other,negative,False,unknown,Brief negative review with no specific detail.,
12333877816,us,RedcoatDawg,1,2025-02-20 14:27:11,Don’t pay them money,Rips you off especially the Star Cup Challenge - impossibly high scores that only show up AFTER your last shot!! Again - don’t pay them money as long as they are cheating you!!,0,13.0.1,tournaments_fairness,negative,False,unknown,Accuses Star Cup of cheating by revealing impossibly high scores only after the last shot.,
12320583062,us,Uuppy,1,2025-02-17 04:41:04,Lots of glitches,I love most AB games but this one has some that are impossible to get 3 stars without help because they don’t work as they should.  They don’t even match some 3 stars games shown on YouTube.,0,13.0.1,bugs_performance,negative,False,unknown,"Certain levels are broken and behave differently than shown in external guides, preventing 3-star completion.",
12319470960,us,Unhappy  :( :{,1,2025-02-16 20:59:40,"Major Changes Made, No Longer Interested","Several changes have been made to this game in recent months, all designed to make winning coins to use much harder and, now, nearly impossible. To enjoy the game as I used to for maybe $5 per week, I’d have to spend probably $40 a week now. Expanding number of players eligible to 100 from 30 (I think it was?), changing the Star Cup game to make it nearly impossible to win coins, and changing the roulette to make it impossible to win coins. Looking for a new game, as these changes have made it truly enraging.",0,13.0.1,economy_rewards,negative,True,unknown,"Multiple recent changes have made earning coins nearly impossible, forcing far higher spending to enjoy the game.",
12318923247,us,Tyfhghghbjfgf,5,2025-02-16 17:54:36,Cool game what do i do now,"I have completed the game. All levels but not all stars, I now have nothing to do. Can you add a level editor button so i could make my own level?",0,13.0.1,feature_request,positive,False,unknown,Completed all levels and requests a level editor to create custom content.,
12302659584,us,Аоосоаоала,4,2025-02-12 15:17:38,Енгри разрабы:,Поставил четыре звезды потому что только начал играть а так бы поставил пять),0,13.0.1,praise,positive,False,new,New player enjoying the game and would give five stars once more experienced.,
12298922540,us,Mabel36,4,2025-02-11 16:25:36,KMPH36,I really like this game and play it daily. The only issue is I have to sign in with Facebook every day. This is very annoying.,0,13.0.1,social_account,neutral,False,unknown,Enjoys the game daily but finds having to re-sign in with Facebook every day very annoying.,
12273997692,us,0987754321,1,2025-02-05 13:52:46,Congrats on your new board,"Star cup game. 
I used to enjoy this game. Since your new board came along I have grown to dislike this game. I love how I can be ahead by 2,00 points on my last bird and still lose the game by 200 - 300 points. Every time!!! I used to win at least 12 - 15 games with the six attempts you gave me. I would also watch a video each day to add feathers to my flock. I just played all 6 attempts and won 0. That has been going on now for about a month. In that month I’ve won maybe 10 games and I’ve watched maybe 3 - 5 videos. That’s about a 25 or so a month loss of video revenue on your part. Judging by the other reviews I’ve read, I don’t see you changing anything in the near future. Way to shoot yourself in the foot.",0,12.7.2,tournaments_fairness,negative,True,unknown,"New Star Cup board feels rigged, causing consistent losses even when leading, with win rate dropping to near zero over a month.",
12263543771,us,Amya0213,5,2025-02-02 22:43:17,Thisis the best!,"I love this game ,it is the best",0,12.7.2,praise,positive,False,unknown,Simple enthusiastic praise with no specific detail.,
12262242035,us,ejejeuuejejeje,5,2025-02-02 15:48:11,Game is so so good it’s better then ever,"Angry birds 
Friend ‘s",0,12.7.2,praise,positive,False,unknown,Player says the game is better than ever.,
12259219869,us,Teletubbies3493,5,2025-02-01 22:41:06,Great but one problem…,"When I first started playing this, it was fun and good (which is still is) but there is one problem, there is now forcible ads and I don’t like it, please fix this.",0,12.7.2,ads,neutral,False,new,Enjoys the game overall but dislikes the introduction of forced ads.,
12255304419,us,Heidi’s got txt h,5,2025-02-01 01:33:01,How I like AB friends,I like when I kill  the goblins with the birds,0,12.7.2,praise,positive,False,unknown,Player simply enjoys defeating pigs with birds.,
12254042013,us,Worry Free,3,2025-01-31 18:08:15,Too many ads,"STOP showing Royal Match or Royal Kingdom ads. Looks like a stupid game and yet I have to watch this ad repeatedly. Also, I must click the X (exit/end) key multiple times to return to the game.",0,12.7.2,ads,negative,False,unknown,Frustrated by repetitive Royal Match ads that require multiple taps to dismiss.,
12253562904,us,Xrftc,1,2025-01-31 15:44:00,Double billing on coin packs!,"Having issues with my CC getting doubled billed for coin packs.  Example - I will buy a 29.99 coin pack.  When I check my CC statement, there will be a second charge for the same price, but with NO product added to my game account!  I’ve changed my CC in iTunes.  Reached out to Apple/iTunes about the double charges, no help.  Now Rovio CS is also saying they cant help.  Even after I sent them screenshots of the erroneous CC charge.  Shame on all of you!  I can’t continue to buy coins and be charged for product I didn’t buy…or receive.",0,12.7.2,monetization,negative,True,unknown,Player is being double-charged for coin packs with no resolution from Apple or Rovio support.,
12251613290,us,Stay-at-Home Mom,1,2025-01-31 04:46:12,Rip off,"When it looks like you’re winning the star cup and racking up consecutive wins, the program cuts you off and you lose. That’s after you clear every block on the game and your opponent still beats you by 100 points. Don’t spend any money on this.",0,12.7.2,tournaments_fairness,negative,False,unknown,Player accuses Star Cup of rigged last-second losses and warns others not to spend money.,
12251527463,us,$ladydi!!,3,2025-01-31 04:09:04,Big bug needs to be fixed,After every ad there is NO SOUND.  You have to close app and re-open.  Please fix.,0,12.7.2,bugs_performance,negative,False,unknown,Sound cuts out completely after every ad and requires a full app restart to fix.,
12247285608,us,dkkdjucuc,2,2025-01-30 02:09:32,Creative new ideas; too many Ads,"Fun game, so why ruin the experience with so many Ads! And you force people to watch them just so you can finish a level. Come on guys! About to delete this game.",0,12.7.2,ads,negative,True,unknown,Player enjoys the game but is close to deleting it due to excessive forced ads.,
12230570324,us,Jamthetoast,4,2025-01-25 20:39:21,classic sprites,I love angry birds but the original got deleted and this is the closest one but the sprites are different and I prefer the old ones better so can you make an option to have classic textures,0,12.7.2,feature_request,positive,False,unknown,Player loves the game but requests an option to use classic original sprite textures.,
12226762119,us,tfc187,1,2025-01-24 22:40:51,Chinese Company,All they want is your money.,0,12.7.2,monetization,negative,False,unknown,Player dismisses the game as purely money-grabbing under Chinese ownership.,
12206229621,us,Don’t waste ongreedy people,1,2025-01-20 02:34:58,Frustrating,Recently they have increased the ads which are super annoying like royal match and garden scapes or sea scapes- the add plays and then they tack on a repeat of the ad. My battery life on my device is wasted more on ads than playing the game.Also when you get close to winning the 1000coins in the last few hours the same supposed player- Fierce overtakes you within an hr by 1000 points although the player wasn’t even anywhere close to the top in the last hr. The game must’ve been bought out by the same greedy idiots of some of the other games I played like farmland garden scapes etc. Once again… deleting another game.,0,12.7.2,ads,negative,True,unknown,Player complains about doubled-up ads draining battery and suspects bots dominating the leaderboard in final hours.,
12201166581,us,qsher qance,2,2025-01-18 22:05:24,Freezing,When getting free if you watch video extra birds too often will totally freeze and not let you do anything. Major drawback. Also agree with crowded screen issue. Was a 5 now struggling to be a 2,0,12.7.2,bugs_performance,negative,False,unknown,"Game freezes completely when watching video ads for extra birds, dropping rating from 5 to 2.",
12200618631,us,Eddi Dunken,5,2025-01-18 18:59:19,Just like the classics,There are some micro transactions but not to much,0,12.7.2,monetization,positive,False,unknown,Player finds the microtransactions acceptable and likens the game to the classic experience.,
12188219615,us,Phee949,5,2025-01-15 17:25:19,Star Cup Issues,"I don’t know what changed with Star Cup, but it is now impossible to win any level. You appear to be doing “well” as your opponent’s score seems to be lower, then it suddenly doesn’t budge. You have no idea how they are doing. 
Just as you finish, your opponent’s score shoots up dramatically in huge numbers, and you consistently will lose.
It was never like this before. It’s futile to play.",0,12.7.2,tournaments_fairness,negative,True,unknown,Player reports Star Cup opponents' scores suspiciously surge at the last moment making winning feel impossible.,
12184830259,us,Tinyguy10,4,2025-01-14 20:42:06,Too costly,"The game is very expensive, but also fun. Would be accessible to more people is coins, etc., we’re not so expensive. Or, let every player start with 12,000.00 coins, or one each of the custom sling shots.",0,12.7.2,economy_rewards,neutral,False,unknown,Player finds the game fun but thinks coins and items are priced too high and suggests a more generous starting allowance.,
12181631476,us,Mindy/Elsa,3,2025-01-14 01:18:29,Problem,I buy coins and don’t get them this is the second time,0,12.7.2,bugs_performance,negative,False,unknown,Player has twice purchased coins and not received them.,
12177887774,us,coffee for me,1,2025-01-13 02:10:56,Angry Birds Friends,"Game has changed! When I go to play against another player before going to the tournament every time now, I can be 1500 or more points ahead of the other player, and as I go to type “claim now”, the other player’s score immediately jumps WAY ahead of my score, no matter what my score is, and he/she gets the win. It has been happening 95% of the time the last few weeks, and that is ridiculous! This game is no fun anymore; the other players are not even real to me anymore- I quit, after playing for many years. It is a waste of my time now, and the game is fixed! Ugh!,",0,12.7.2,tournaments_fairness,negative,True,veteran,Long-time player quits after opponents' scores consistently and inexplicably jump ahead in the final moments of Star Cup.,
12174011806,us,Superman218,1,2025-01-12 03:39:22,Horrible!,"App says iPad is not connected to the internet, when it clearly it is. Ridiculous. I’m done with this app. It never works correctly. Nothing is ever done to improve gameplay. Horrible!",0,12.7.2,bugs_performance,negative,True,unknown,"App constantly shows no internet connection on iPad despite connectivity being fine, leading player to quit.",
12164476543,us,Jacks4usall,2,2025-01-09 18:54:41,What has happened?!?,"What is going on with this game now?!! No matter what I do, I cannot get 3 stars on any stages unless I “purchase” so form of extra items to clear more of the stage. Then on the one-on-one, it is impossible to win unless you definitely use the extra resources. This has all happened recently and it’s forcing me to reconsider keeping this game. Very disappointed and I’ve had the game for several years.",0,12.7.2,monetization,negative,True,veteran,"Multi-year player reports recent changes make 3-star ratings and 1v1 wins impossible without purchasing extras, and is reconsidering keeping the game.",
12163282784,us,Nozlmn,1,2025-01-09 12:40:42,New update,"The latest update is horrible. Slow running, lots of glitches. Fix it please.",0,12.7.2,bugs_performance,negative,False,unknown,Latest update introduced slow performance and multiple glitches.,
12162063429,us,pmm3,1,2025-01-09 04:21:40,Fake wins,Star Cup. Opponent magically gets top score at last second. No way. Played for years and I am about to stop. Shame on you.,0,12.7.2,tournaments_fairness,negative,True,veteran,Years-long player is nearly quitting over opponents always getting top Star Cup scores in the final second.,
12157344901,us,Levi P Ruiz,5,2025-01-07 21:52:18,Love It 👍😍,ABF is cool and fun! Just like the OG there’s NO technical issues there’s NO ads it’s perfect 👌.,0,12.7.2,praise,positive,False,unknown,Player praises the game as perfect with no technical issues or ads.,
12157003078,us,jlaherbertcristo,1,2025-01-07 19:43:06,Level 60 malfunctioning,"Level 60 is glitching bad. People are noticing this on the level 60 YouTube tutorial 
-that none of our wheels start turning after activating the red lights like they do on the video. I should’ve beat this level by now and now I’m done. Soo frustrating.",0,12.7.2,bugs_performance,negative,True,unknown,"Level 60 has a glitch where wheels don't activate as intended, causing the player to quit in frustration.",
12151922786,us,heirndkd,5,2025-01-06 13:10:07,Angry Birds friends,Good job,0,12.7.2,praise,positive,False,unknown,Brief positive review complimenting the game.,
12149950790,us,Almat1230,1,2025-01-05 23:46:48,Star cup is a cheater,"Star cup players are cheaters. They always use hacks to get points every battle to make 
me lose, please fix this, the star cup is unfair.",0,12.7.2,tournaments_fairness,negative,False,unknown,Player accuses Star Cup opponents of using hacks to inflate scores and requests a fix.,
12141693574,us,jfyhj,5,2025-01-03 23:03:25,Good game,The best game in history thank you Rovio from Keenan,0,12.7.2,praise,positive,False,unknown,Player calls it the best game in history and thanks Rovio.,
12137679686,us,CWcmbgbcv15,5,2025-01-02 23:44:30,So much fun to play!!,This game is so much fun to play and I just started!!!!!! It have no adds Engle’s you want more!!! I recommend playing the game!!!!,0,12.7.2,praise,positive,False,new,"New player loves the game and recommends it, noting ads are only optional.",
12136473913,us,Mary Nietupski,5,2025-01-02 17:03:14,So much better,It’s better than original Angry Birds. It’s better and there’s no ads on mine. Wow this is why gave it five stars because how good it is.,0,12.7.2,praise,positive,False,unknown,Player rates it five stars for being better than the original with no ads on their device.,
12136433585,us,dodgebanny16,4,2025-01-02 16:51:28,It is so fun don’t worry parents it has a age line so it’s not inappropriate for kids,It’s so fun and don’t worry parents it has a age line so it’s not inappropriate for kids,0,12.7.2,praise,positive,False,unknown,Player highlights the game's fun and child-appropriate content for parents.,
12132339030,us,Angrybirds❤️‍🔥❤️‍🔥━━🥰🥰,5,2025-01-01 16:54:48,Angry birds,Angry birds is a really fun game nice and relaxing I choose to ay it almost everyday,0,12.7.2,praise,positive,False,unknown,Player finds the game relaxing and enjoyable enough to play almost every day.,
12125873190,us,KatieBelle & Romeo,5,2024-12-31 01:52:36,Angry birds,"I have been playing AB forever!  But it is getting me ANGRY!
The game Star Cup is completely impossible to win.

I can have one more bird to play and be winning by 500 points 
and on the last bird played by me and the opponent will win!
After 6 tries I might have one game.
Not fun at all.  This has been going on off and on for some time 
and if I could I would cancel Star Cup completely since all it does is
frustrate me!
The original game was the best—- I mistakenly deleted it and 
got this game.  I will play ABF.",0,12.7.2,tournaments_fairness,negative,False,veteran,"Long-time player finds Star Cup impossible and suspects rigged outcomes, wants to cancel the mode entirely.",5.0
12125721471,us,Miles Lockhart,5,2024-12-31 00:54:13,Thank You,Angry Birds,0,12.7.2,praise,positive,False,unknown,Brief thank-you to Angry Birds with no specific detail.,
12123845369,us,Nora%2002,3,2024-12-30 14:10:53,New glitches!,"I like the multiple challenges and new screens. However, lately I have seen scoring mistakes and charged double the coins to get the 22X xtra abilities. I am Fierce, but this was a straight up steel!  I have also lost progress in the head to head Star Cup. This was definitely a glitch. The upgrades needs more work.",0,12.7.2,bugs_performance,neutral,False,unknown,"Player reports scoring errors, double coin charges, and lost Star Cup progress after recent updates.",
12118687426,us,Trisharella,5,2024-12-29 06:17:07,With friends,Do the creators of this game have a version to play with against a friend?  My husband and I thought how nice it would this game in a coffee shop or cafe.  If you don’t I urge you to do so.  Picture two old people sitting in a Starbucks playing Angry Birds With Friends.,0,12.7.2,feature_request,positive,False,unknown,Player requests a local two-player versus mode to enjoy the game with a partner in person.,
12117264363,us,Maddie fufu,5,2024-12-28 20:43:08,Love this game,I love this game so much can you please come out with even more levels,0,12.7.2,feature_request,positive,False,unknown,Player loves the game and asks for more levels.,
12113014988,us,Garfield.M,5,2024-12-27 19:16:16,Best game ever,Best game ever,0,12.7.2,praise,positive,False,unknown,Short enthusiastic praise with no specific detail.,
12109171099,us,Marejonsey,1,2024-12-26 20:11:44,Slingshots,I have purchased all of the slingshots in the past and then you took them all away from me and want me to get them again through the gold coins which I never have. That's not fair.,0,12.7.2,economy_rewards,negative,False,unknown,Player is upset that previously purchased slingshots were removed and must now be re-earned with scarce gold coins.,
12104446093,us,Darwin ⚽️🥶,5,2024-12-25 15:20:03,NOSE,es muy divertido porque tienes que ir desbloqueando personajes,0,12.7.2,praise,positive,False,unknown,Player enjoys unlocking characters and finds the game very fun.,
12102825467,us,Sensei 23,5,2024-12-25 05:07:01,Gr8 job AB,"Thank you for this game, a fan favorite!  -Sensei23",0,12.7.2,praise,positive,False,unknown,Grateful fan thanks the team for a favourite game.,
12097977554,us,AngryBirdsFan2012,1,2024-12-23 20:47:59,Perhaps The Angry Birds Movie 2 isn’t the worst thing ever,"Long story short, a recent tournament includes Skibidi Toilet, one of the worst things to come out of recent years. This recent tournament has killed all hope I have left for Angry Birds because Rovio stooped so low as to reference it. Rovio. Do better. Apologize for this tournament because I am sure not the only one who isn’t happy with this.",0,12.7.2,live_events,negative,True,unknown,Player is outraged by a Skibidi Toilet tournament theme and says it has killed all hope for the franchise.,
12097523146,us,Caps Fan Red Rocker,2,2024-12-23 18:02:29,I’m always #1 and it’s not fun,"In the past 2  main tournaments, there are no other players, until at some point, perhaps at the end, I’m no longer #1. 
It’s no fun playing against no one. I’m not connected thru FB, and never plan to be, but playing and having no real idea what place I’m in , is absolutely no fun. Please fix this!

Btw, what happened to the new servers?  I hope that’s not the problem.",0,12.7.2,tournaments_fairness,negative,False,unknown,"Player sees no opponents during tournaments and cannot gauge their ranking, making competition feel pointless.",
12096441338,us,Vibescribe,2,2024-12-23 12:29:30,Disappointing update,"Since the last server update, it seems Star Cup within ABF has been riddled with bot “players”. These bots are scoring double to triple their points in one shot, even though users are top rated with years of experience and are winning. The “play”, we assume, is to force players into purchasing power ups in order to keep going. Seems very wrong and a super shady thing to do to loyal players. 

Hopefully they’ll correct the issue.",0,12.7.2,tournaments_fairness,negative,False,veteran,"Experienced players report bot opponents in Star Cup posting impossibly high scores, suspected to be a tactic to force power-up purchases.",
12095471555,us,chunkslima2011,5,2024-12-23 06:00:04,Miss this game,I have not played this game in who knows how long,0,12.7.2,praise,positive,False,returning,Returning player expresses nostalgia and fondness for the game after a long absence.,
12085857650,us,Nikkitwerk,1,2024-12-20 17:58:06,Instructions,Too difficult and uneven,0,12.7.2,progression_difficulty,negative,False,unknown,Player finds the game too difficult and unbalanced.,
12083369986,us,Jaaziel mucu,5,2024-12-20 02:22:10,How I like abf,"It’s fun and attracting to me 
I’m feeling angry bird 2 vibes",0,12.7.2,praise,positive,False,unknown,Player enjoys the game and draws positive comparisons to Angry Birds 2.,
12071463831,us,Hthhybhfgj,5,2024-12-16 20:22:49,I love this game,….,0,12.7.2,praise,positive,False,unknown,Brief positive review expressing love for the game.,
12067929799,us,Whitetetra,5,2024-12-15 21:11:38,Amazing,I love it and it is way better that angry birds 2 because it is more simple and I like the simplicity and classic feel!,0,12.7.2,praise,positive,False,unknown,Player prefers this game over Angry Birds 2 for its simplicity and classic feel.,
12067301184,us,Jimijames&theblueflames,1,2024-12-15 17:33:34,"As others have said, Star Cup is rigged against you…","It’s been several months now since they have players who are typically female names(I.e. Doris,Laura,Vera,etc..), no picture is ever associated with the account & scores that are typically beyond what you would expect (or could likely achieve in the game)…. 
This is very shady and tbh, makes the star cup game a waste of time as you can only beat these scores about 1 or 2 times out of 10… ridiculous..  be aware of this fraudulent game",0,12.7.2,tournaments_fairness,negative,True,unknown,"Player accuses Star Cup of using bots with generic female names and impossible scores, calling the game fraudulent and a waste of time.",
12064705405,us,Miss Leanie,3,2024-12-15 02:00:25,Angry birds friends,"What’s up?  When I open my ABF App, it all turns black.  Why ???",0,12.7.2,bugs_performance,negative,False,unknown,"App goes completely black on launch, making it unplayable.",
12062929508,us,AirbusA320NEO˶o̴̶̷᷄‸o̴̶̷̥᷅˶,5,2024-12-14 15:21:15,This is just like the old one little bit!,I have noticed bubbles have the old sounds even Stella. Stella have Hal’s launch sound,0,12.7.2,praise,positive,False,unknown,Player happily notices legacy sound effects preserved for Stella and Bubbles.,
12059648144,us,Princeville1,4,2024-12-13 18:55:45,Irretrievably Broken!!!,The game has become unplayable.,0,12.7.2,bugs_performance,negative,True,unknown,Player states the game has become completely unplayable after recent changes.,
12054803840,us,Joeshottygirl,1,2024-12-12 12:59:26,Why?,"I’ve lost all of my slings, coins, etc!  Your update has made me start all over after ??? years of playing this!",0,12.7.1,bugs_performance,negative,True,veteran,"Long-time player lost all slings, coins, and progress after an update and is forced to start over.",
12050109057,us,mcmarcak,1,2024-12-11 06:54:30,What happened,I want the old game back.  The game took away all of levels and powerups.  I guess I won’t be playing this anymore.,0,12.7.1,bugs_performance,negative,True,unknown,Player lost all levels and power-ups and says they will stop playing as a result.,
12050064357,us,name:Jc6,5,2024-12-11 06:32:35,I haven’t played this yet,…,0,12.7.1,other,neutral,False,new,Player has not yet tried the game and leaves no meaningful feedback.,
12045255589,us,Fancy stitch,5,2024-12-09 22:25:35,"This is a free app, why is it asking for payment. I don’t mind playing with the ads that run in them",If I have to pay I will get rid of the game on my computer and phone,0,12.7.1,monetization,negative,True,unknown,Player is willing to watch ads but threatens to uninstall on both devices if forced to pay.,
12041154751,us,Luketheboi78,5,2024-12-08 19:04:34,I love this game,Hal the best,0,12.7.1,praise,positive,False,unknown,Player loves the game and specifically praises the character Hal.,
12037678162,us,Echated,1,2024-12-07 21:35:10,SAD,Start of game fun paid $13 and can’t win now guess they expect more money so sad they make it so hard it’s not fun anymore,0,12.7.1,monetization,negative,True,unknown,"Player paid money but finds the game now too hard to win without spending more, feeling manipulated.",
12022338876,us,AMG978,5,2024-12-03 20:36:26,Fun,Such a great game,0,12.7.1,praise,positive,False,unknown,Player finds the game fun with no specific complaints.,
12019711285,us,Nancybabs,1,2024-12-03 04:00:15,Power ups change,No point in watching the ads to spin the power up wheel since you’ve changed it so that it ALWAYS hits the skeleton and you get nothing. Really disappointed.,0,12.7.1,economy_rewards,negative,False,unknown,"Player complains the ad spin wheel was changed to always land on nothing, making ad watching pointless.",
12019392823,us,Undividable1039,5,2024-12-03 01:44:43,AB,Game is getting more difficult,0,12.7.1,progression_difficulty,neutral,False,unknown,Player notes the game is getting more difficult but still rates it five stars.,
12018836387,us,Amir at 2016,5,2024-12-02 22:02:41,Always making my brain have a workout,Five stars,0,12.7.1,praise,positive,False,unknown,Player enjoys the mental challenge the game provides.,
12010709439,us,288 taxi,1,2024-11-30 20:28:46,Too many updates needed.,"Too many updates needed, not so fun anymore. Way too much",0,12.7.1,bugs_performance,negative,True,unknown,Player frustrated by excessive required updates and finds the game less enjoyable as a result.,
12005400940,us,Remington J Myers,5,2024-11-29 14:00:34,Good game brings back child memories,I love this game so much it brings me back to when me and my sister would play Angry Birds Bird,0,12.7.1,praise,positive,False,unknown,Player loves the game for its nostalgic connection to childhood memories with family.,
12003597303,us,Sebas175829’ierueiruuer,5,2024-11-29 02:01:20,This is bomb,This game is bomb it’s so bomb it has cool effects and new levels every day,0,12.7.1,praise,positive,False,unknown,Player is enthusiastic about the game's effects and frequent new level content.,
12002971814,us,Puddy98,5,2024-11-28 21:31:29,Great game(,Great game,0,12.7.1,praise,positive,False,unknown,Player gives a brief positive rating calling it a great game.,
12001405900,us,Armie,2,2024-11-28 12:43:56,They’ve broken it,"In what seems to be an effort to force in-app purchases, they’ve nerfed the spin wheel so you always lose. They’ve also made it so that in the Star Cup, you win, then all of a sudden the other person’s points jump to surpass yours. I am so disappointed in this obvious cash grab",0,12.7.1,tournaments_fairness,negative,True,unknown,"Player reports rigged Star Cup scoring and a nerfed spin wheel, calling it an obvious cash grab.",
11995848580,us,Llllllggh,5,2024-11-26 23:42:52,Good,Fun,0,12.7.1,praise,positive,False,unknown,Player gives a brief positive review calling the game fun.,
11995571641,us,Fjrkfnfnrbdndjr,5,2024-11-26 21:46:42,Fun,It’s fun and entertain g,0,12.7.1,praise,positive,False,unknown,Player finds the game fun and entertaining.,
11992646621,us,Best bug ever,5,2024-11-26 03:03:13,I love this game!,this game is fun for when you’re up at night. I like it because you can be entertained for hours on this game. I love this. That’s why I give it a five star.⭐️⭐️⭐️⭐️⭐️,0,12.7.1,praise,positive,False,unknown,Player loves the game and finds it entertaining enough to occupy hours at night.,
11989351767,us,SprayTanMagic,1,2024-11-25 06:15:53,New and destroyed,"I’ve been playing this game for 15 years and now all the sudden you have to watch an ad every two rounds. The characters are weak, they barely impact at all now not to mention the game keeps zooming every time I touch the screen anywhere. Deleting.",0,12.7.1,ads,negative,True,veteran,"Long-time player of 15 years is deleting the game due to forced ads every two rounds, weakened characters, and a zoom control bug.",
11987973285,us,rfinger,3,2024-11-24 20:07:29,Slowly taking more away from the player,"I have been playing this game for many, many, MANY years.  It has been a ton of fun.  But, over time, the player/customer is not as important.   This is becoming more and more frustrating.

1.   We get a free spin every four hours.   Why is this not something counted inside the app and has to have 100% internet connection?   Have had times where it was after four hours, and it now says “offline” so we don’t get a free spin unless we connect to the internet whenever we are….  This wheel needs to be not 100% internet dependent.  Never used to be, why it is now, no clue…

2.   There are fewer chance of winning awards/boosts.  Used to get two or three of them a few times a day after watching ads on each.  Only get one attempt only twice a day.  Same with spinning the wheel, but it’s even more frustrating to watch an ad and have the wheel go to the one where you win nothing.  Again, customer is not as important as it used to be.  

3.  They have ad providers who not only have long ads, but it’s hard to get out of them.   There’s not just a long countdown after watching the ad; they make you do it TWICE!  You hit the x after it counts down, but instead of it taking you out of the ad, it makes you wait again on a second screen an additional 5 seconds or so before you can get out of it.  A few times, I’ve had this not only take that long to get out, but it doesn’t show you winning a prize; it feels like you watched an ad and earned nothing!  But, the fact that these ad providers make you stuck in their ads is not customer service, and the fact that I don’t have this issue in other games that involve ads is on the game maker, not on the customer.  

4.  Ran into issues multiple times that I can’t pause or reset a level while a bird is in the air.  If it doesn’t have a power that you tap to make it do something, it’s hung until the bird hits something.  Very frustrating that if you do something wrong, you have to wait multiple seconds to pause and restart the level.

Again, I feel like the customer isn’t the priority; this is around because people want to play this game.   Don’t do things that gets in the way of the person playing this game like we used to.",0,12.7.1,economy_rewards,negative,False,veteran,"Long-time player frustrated by fewer rewards, internet-dependent spin wheel, and overall reduction in player-friendly features over time.",
11987604416,us,[]________/\_____/\/\/\,5,2024-11-24 17:58:55,A,No qu,0,12.7.1,other,neutral,False,unknown,Review is too incomplete to extract meaningful feedback.,
11979332119,us,витягуд2008,5,2024-11-22 15:59:17,и,"игра отстой, мне вообще не понравилось, не совету.",0,12.7.1,other,negative,False,unknown,Russian-language review stating the player did not enjoy the game and would not recommend it.,
11976696153,us,Dunnrainin,5,2024-11-21 22:50:37,No rewards,I love playing the game on a daily basis but really tired of having to email customer support because I’m not getting my rewards after a tournament.  Emailing no longer works either.,0,12.7.0,economy_rewards,negative,False,unknown,Player enjoys the game daily but is repeatedly not receiving post-tournament rewards and getting no resolution from support.,
11974873495,us,Gobulls1,1,2024-11-21 12:13:44,Game is declining,"Not only are they making games ridiculously hard to complete without spending extra money, but their bonus wheel is a complete joke!  Give you a double spin….and one always lands on dead guy meaning no prize!  Or you get both of the spins landing on the dead guy!  What’s the point?! Unless you want to spend a ton of extra money on this game …getting harder to compete in it!",0,12.7.0,economy_rewards,negative,True,unknown,Player criticises the rigged bonus wheel and increasing difficulty designed to push extra spending.,
11972622210,us,Angry birdee,4,2024-11-20 20:10:22,Too difficult,"Why don’t the makers of this game Listen to your people? Move those scoring boxes so we can see what we’re doing, it’s so hard to maneuver. when it becomes not fun, I just don’t play anymore.",0,12.7.0,ux_ui,negative,False,unknown,Player finds scoring boxes obscure gameplay and warns they will stop playing if it stops being fun.,
11968581059,us,Isaiah has good reviews,5,2024-11-19 17:31:43,Best game I’ve ever played,Finest game that I have seen in a while,0,12.7.0,praise,positive,False,unknown,Player calls it the best game they have played in a while.,
11961010798,us,Cradily.,5,2024-11-17 15:40:56,Question?,"Next week, can you make new angry birds reloaded levels? Please?",0,12.7.0,feature_request,positive,False,unknown,Player requests new Angry Birds Reloaded levels for the following week's tournament.,
11950958240,us,The best raterrrr,5,2024-11-15 00:52:38,Cool,Cool game,0,12.7.0,praise,positive,False,unknown,Player gives a brief positive review calling the game cool.,
11945026068,us,hrbdbhdddjdsgsvavv,2,2024-11-13 11:27:47,Won’t log into FB Account,Still no fix to some users not being able to connect to their FB account through the app even though money has been spent and time invested progressing through the game. Guess it’s not a priority.,0,12.7.0,social_account,negative,True,unknown,Player unable to connect to their Facebook account despite having spent money and invested time in the game with no fix provided.,
14404122375,gb,Nicholas Emily,5,2026-08-08 20:26:24,"Oh my God, I love this game so much it’s like my whole world for my autism and ADHD","I should give this a five stars because it’s making my brain only watch it and instead of nothing else, even if we could get distracted, I would still play it even if I’m not looking at it",0,14.6.0,praise,positive,False,unknown,Player with autism and ADHD loves the game for its engaging focus-holding qualities.,
14371812952,gb,mart1243,1,2026-07-31 19:32:27,Rubbish,"Total “literally” waste of time at the moment, don’t bother.",0,14.5.0,other,negative,True,unknown,Player calls the game a total waste of time and advises others not to bother.,
14354423263,gb,Outfit7 dud 2,4,2026-07-27 13:56:13,Sooo fun,I love angry bird only reason I give it 4 stars is that’s there is no mighty eagle,0,14.5.0,feature_request,positive,False,unknown,Fan of the game but wants the Mighty Eagle feature added.,
14349261203,gb,Emilia Richter’s review,5,2026-07-26 06:38:00,Why Angry Birds is the best game ever,I love all the funny birds and the pigs are cute too.My favourite bird is definitely Wingman and bubble!!! I recommend it for children of all ages and adults too. It is really easy to play and is perfect to play during long periods of time.,0,14.5.0,praise,positive,False,unknown,"Player enthusiastically recommends the game for all ages, praising its fun characters and easy gameplay.",
14347220840,gb,The Gorilla Man,1,2026-07-25 17:17:36,Fix it,"Bro. When I booted up the game, it stopped working immediately",0,14.5.0,bugs_performance,negative,True,unknown,Game crashes immediately on boot.,
14341611966,gb,CHAT BACK!!!!!! :”09,5,2026-07-24 08:21:22,Perfect,"Perfect Perfect Perfect  try it out
Perfect Perfect Perfect Perfect Perfect",0,14.5.0,praise,positive,False,unknown,Player simply calls the game perfect and encourages others to try it.,
14335466519,gb,Hdhfjsjdbdi,5,2026-07-22 18:51:53,Ab,I love the classic bird,0,14.5.0,praise,positive,False,unknown,Brief positive note about enjoying the classic birds.,
14323016900,gb,Ggs man ahhhhhh467546,5,2026-07-19 16:34:22,I love this game,The only thing I don’t like about this game is that I can’t do it in real life I tried to chuck a bird at a pig aka my ex wife and now I’m in custody for domestic violence but other than that pretty solid game,0,14.5.0,praise,positive,False,unknown,Humorous review calling it a solid game.,
14293394800,gb,Muchirawohno,5,2026-07-12 09:06:06,H,I like it just like ab1,0,14.5.0,praise,positive,False,unknown,Player enjoys the game and compares it favorably to the original Angry Birds.,
14259122869,gb,Superstuee,1,2026-07-03 19:02:44,Less advertising,"Great game , good to play against others friends but spoilt by the amount of adverts and how long they take , also game froze and after a few years of mounting a large collection of birds I’ve got to start from the beginning 🤬",0,14.5.0,ads,negative,False,veteran,Veteran player frustrated by excessive long ads and lost years of bird collection progress after a freeze.,
14205070393,gb,Maud1965,2,2026-06-20 12:35:59,Flimsy moves!!,"I like this game and been playing for years.. but it cheats! Yes…!!
You can position the bird the exact same way and at times it just moves in unchecked a flimsy weak way! 
Other times you can clear nearly the whole game yet get only 2 stars and other times clearing not as much you get 3 stars! 
So annoying… hence why I deleted this game for a year or so… 

Be consistent!

***Update: This needs a serious update! Game constantly crashes!",0,14.4.0,bugs_performance,negative,True,veteran,"Long-time player frustrated by inconsistent shot mechanics and constant crashes, having already deleted the game once before.",
14201037533,gb,"Damaging gig,uv,f,Ken",1,2026-06-19 12:10:58,Don’t waste your time totally useless game.,"Star cup
Very often the catapult doesn’t work resulting in the player losing a game and a life. 
Unable to get up the leaderboard as you have to start again.",0,14.4.0,bugs_performance,negative,True,unknown,"Catapult frequently fails in Star Cup, costing lives and preventing leaderboard progress.",
14189515589,gb,sibel Temur,1,2026-06-16 13:35:53,Why did you not ruin Angry Birds friends?,Do you know how Rovio is They have to ruin everything they messed up the game. It’s so repetitive. It’s so boring. The game has no soul it is so bland and boring and I hope the CEO goes bankrupt just like this company I hope this company sinks just like Titanic did,0,14.4.0,live_events,negative,True,unknown,"Player finds the game repetitive, soulless and boring, blaming Rovio for ruining it.",
14123351393,gb,Snips_xo,5,2026-05-30 13:23:38,Fabulous,Wonderful to play whilst my ex sucked my toes,0,14.3.0,praise,positive,False,unknown,Humorous five-star review expressing enjoyment of the game.,
14071946092,gb,Doggymix,1,2026-05-16 18:25:49,Trash,It’s sooo bad mechanics are confusing don’t get this app,0,14.3.0,ux_ui,negative,True,unknown,Player finds the mechanics confusing and recommends against downloading the app.,
13991454847,gb,DT Techie,3,2026-04-24 10:39:06,Reservations,"Disappointed with all the awful scam advertising on ABF. How can you accept fake slimming patches claiming to be from Superdrug on people dressed in Boots’ uniforms? All fake, not tested for safety.
Disgusting lack of concern for your players, especially younger, less savvy or gullible players. These are the type of advertisements that should be banned from game platforms, not bombarding them.",0,14.2.0,ads,negative,False,unknown,Player disgusted by misleading and potentially unsafe scam advertisements shown in the game.,
13946937838,gb,Lozza 24,2,2026-04-11 15:56:01,No coins or free birds,What is going on with the game never received coins for completing a task and now no extra birds to help complete tasks !!! Getting frustrated by the way the game has changed…..,0,14.1.0,economy_rewards,negative,False,unknown,Player frustrated by missing coin rewards for completed tasks and removal of free birds.,
13935171486,gb,Run3 msm and gd,5,2026-04-08 10:06:00,Too good,I love it,0,14.1.0,praise,positive,False,unknown,Brief enthusiastic praise for the game.,
13934901016,gb,ududdueu,5,2026-04-08 07:54:14,This game is better then ab 2,I played this game yesterday and it was more fun and no hard levels like the daily challenges in an 2 I am hope that I joined this game,0,14.1.0,praise,positive,False,new,New player prefers this game over Angry Birds 2 due to more fun and less punishing difficulty.,
13911150959,gb,"H,dhhjd",5,2026-04-01 16:04:11,India,Faced be,0,14.1.0,other,neutral,False,unknown,Unintelligible review with no meaningful content.,
13892847217,gb,Jutagirl,1,2026-03-27 15:00:22,Update constantly crashes,Ever since the latest update the game will not play on tournemant levels.It just crashes,0,14.1.0,bugs_performance,negative,True,unknown,Latest update causes the game to crash on every tournament level.,
13820371006,gb,Oliverparry,3,2026-03-06 16:54:48,BRING BACK STAR WARS,Please bring back angry birds Star Wars.or just make angry birds Star Wars 3,0,14.1.0,feature_request,neutral,False,unknown,Player requests the return of or a sequel to Angry Birds Star Wars.,
13802941365,gb,Andyricho6969,1,2026-03-01 16:00:29,Storage issues,Keeps taking away winning streak,0,14.0.0,bugs_performance,negative,False,unknown,Game keeps resetting the player's winning streak.,
13799498597,gb,capt vgs,5,2026-02-28 17:36:42,Huh !,"The game is good but the adverts are waaaaaaaaaay too long, it really does spoil your fun.",0,14.0.0,ads,neutral,False,unknown,Player likes the game but finds the ads excessively long and fun-ruining.,
13784379767,gb,:D hewwo,5,2026-02-24 14:48:40,Omg the best game ever,Omg this game e is amazing no worrying about ads and am very surprised that wingman isn’t a more famous character but still the best game I’ve ever played on this iPad,0,14.0.0,praise,positive,False,unknown,"Player calls it the best game ever, pleasantly surprised by the lack of intrusive ads.",
13751457149,gb,Schwing123,4,2026-02-15 10:04:18,Becoming too challenging,The levels are becoming too difficult to complete without buying add ons,0,14.0.0,progression_difficulty,negative,False,unknown,Levels are becoming too hard to complete without purchasing add-ons.,
13723512421,gb,psilly me,3,2026-02-07 15:03:40,Adverts,Fun game. But don’t ever be tempted to watch adverts - you’ll be caught in a black hole with royal match and royal kingdom. Strange how those games( match and kingdom) make such a thing about ‘no adverts’ but are so keen to ruin other games with their pesky offerings.,0,14.0.0,ads,negative,False,unknown,Ad videos for Royal Match and Royal Kingdom are intrusive and trap players in a loop.,
13692321967,gb,ben dover nickname,1,2026-01-30 09:10:37,Friends? More like enemies with my wallet.,First of all this game is ugly compared to the original second of all this games greedy and full of ads and requires Wi-Fi and has just about everything I hate third of all bring back the originals and not what ever this is,0,13.6.4,monetization,negative,True,unknown,"Player hates the game's greed, ads, Wi-Fi requirement, and prefers the original Angry Birds.",
13665662720,gb,lady oban,1,2026-01-23 08:11:42,Gone downhill,Impossible to obtain all stars and move on to piggy-matic. Probably will delete the app now as it’s not enjoyable anymore,0,13.6.4,progression_difficulty,negative,True,unknown,Getting all stars to progress to Piggy-matic feels impossible and the player plans to delete the app.,
13653041931,gb,Jujubeanz66,4,2026-01-19 20:21:49,Bestest ever,"This is the only game I continue to play. It’s so much more better now with more new tornaments over the week to keep me interested. My only gripe is I still cant play against my friends, tried everything and it wont work hence 4*",0,13.6.4,social_account,positive,False,unknown,Loves the game and new tournaments but cannot get friend-versus-friend play to work.,
13561122507,gb,I🩵💙Stitch and Cinnamaroll,4,2025-12-27 13:53:15,Reason I put 4 stars,I put 4 stars bc it is really fun but there is only one thing that I like don’t like it’s the fact that the game is just the same thing every single level so I hope this game improves 🙂,0,13.6.1,live_events,neutral,False,unknown,Fun game but every level feels like the same repetitive experience.,
13528562971,gb,nǐ hǎ o,2,2025-12-18 18:52:43,WHAT IS GOING ON WITH AB ?..,"It was being my favorite game , but few days ago it stopped to load and I can’t play it. Main page says: something went wrong! Sorry. Please fix it. I have reloaded my iPad few times, but nothing changes",0,13.6.1,bugs_performance,negative,True,unknown,Game stopped loading entirely several days ago with a persistent error message.,
13510163563,gb,ccdghcfgbdfhvzd,1,2025-12-13 20:09:00,BRING BACK STARWARS ANGRY BIRDS AND MAKE OG ANGRY BIRDS FREE!!!,🤬,0,13.6.1,feature_request,negative,False,unknown,Player demands the return of Star Wars Angry Birds and a free original Angry Birds.,
13412658488,gb,lilac-girl,3,2025-11-18 11:54:46,Disappointing,"How many times does one have to put up with seeing the same lengthly advert every few minutes it is getting monotonous.
Need more clarification on Free games!",0,13.5.3,ads,negative,False,unknown,Same lengthy ad repeating every few minutes is monotonous and frustrating.,
13283448305,gb,Wellingtonatic,2,2025-10-18 18:05:43,ad problems,"I like this game and have been playing it for years BUT recently the ads refuse to close down once the video has finished and it is impossible to continue to play the game. Signing out and back in again only works until the ad reappeared, so can no longer endorse.",0,13.5.3,ads,negative,True,veteran,Long-time player can no longer play because ads refuse to close after finishing.,
13203162955,gb,AgileLlama,1,2025-09-30 04:43:54,Steals your IMEI,This app takes your IMEI and makes it available to everyone.,0,13.5.1,other,negative,True,unknown,Player accuses the app of harvesting and exposing their device IMEI.,
13139485170,gb,Zozobag,3,2025-09-15 07:22:36,Problem with some levels,I don’t know why in some levels the birds fly backwards so I loose in those levels. Can you please fix it,0,13.5.1,bugs_performance,neutral,False,unknown,Birds flying backwards on some levels causes unfair losses.,
13103089196,gb,Rinda-Loo,5,2025-09-05 21:06:13,Brilliant Game,I have lost count of how many times I have installed this game over the years and loved playing it to a high level then I go off to try other passtimes and then return.  This really is perfect for me and is a good challenge.,0,13.4.0,praise,positive,False,returning,"Long-time returning player considers it a perfect, enjoyable challenge.",
13050505654,gb,dazeleys,1,2025-08-23 10:46:51,Scam adverts,I like the game but inundated with scam and fake adverts. They pretend that celebrities have promoted products or services but this is not the case. Have reported to Rovio but they said they don’t handle adverts and have referred it to another team. I tried to follow up my complaint nut got auto reply saying case had been closed. Am now deleting the app as it seems Rovio do mot care about the safety of their customers as the fake ads are still appearing all the time. Please beware of the false advertising offering fake investment plans and dodgy slimming pills which they claim are promoted by well know people.,0,13.4.0,ads,negative,True,unknown,Player is deleting the app due to persistent scam and fake celebrity ads that Rovio refuses to address.,
13001871371,gb,HazelAliceCauser,2,2025-08-11 07:24:42,Glitches glitches glitches,The Skills for Life ads crash & you lose your reward. This morning the levels won’t load. Don’t you check these things???,0,13.4.0,bugs_performance,negative,False,unknown,Ad crashes cause lost rewards and levels fail to load this morning.,
12982517200,gb,checkerslovakia,2,2025-08-06 10:57:36,2 stars,Couldn’t even get past level 2 horrible and rubbish 2stars Roblox forsaken is 90mX better It was to hard and weird because a building was floating like what the flick other angry bird games are better,0,13.4.0,progression_difficulty,negative,False,new,New player found the game too hard and weird even at level 2.,
12950607773,gb,Danrodders,1,2025-07-29 13:40:06,Fh,The game is rubbish,0,13.4.0,other,negative,True,unknown,Player simply states the game is rubbish.,
12939398013,gb,lunabuster,5,2025-07-26 16:54:50,Angry birds friends,"Great game, I love it",0,13.4.0,praise,positive,False,unknown,Brief but enthusiastic praise for the game.,
12870813306,gb,as war,5,2025-07-09 11:23:56,Positive,"this game is truely excellent no adds and just all fun !!!

😝😝",0,13.3.0,praise,positive,False,unknown,Player loves the game and highlights that it has no ads.,
12859173999,gb,WHY REMOVE OLD CARS?!,5,2025-07-06 12:50:28,Angry Birbs,10/10 borb,0,13.3.0,praise,positive,False,unknown,Short enthusiastic praise rating the game 10 out of 10.,
12815807604,gb,Randon Brodgers,5,2025-06-25 14:56:30,Good,Noice FOR NOW,0,13.3.0,praise,positive,False,unknown,Brief positive impression with a cautious qualifier.,
12785459405,gb,Shapfell,5,2025-06-17 16:11:38,Back to Being My Favourite Game.,"After a shaky re install, which was swamped with ads,  the game has settled to being my favourite again. I’d gladly pay for the joy it brings. 
Sometimes upon weekly update there a lag when I keep getting Server Error Code but if I remain patient it sorts itself the same day.",0,13.3.0,praise,positive,False,returning,Returning player loves the game again after a rough ad-heavy reinstall period.,
12772776686,gb,Christie wissie,5,2025-06-14 10:08:17,Loading problems,Is there any issues with loading today,0,13.2.1,bugs_performance,neutral,False,unknown,Player asks if there are known loading issues today.,
12772604626,gb,Posh and becks,1,2025-06-14 08:59:24,Shocking,Since update will not load game. Storage issue.,0,13.2.1,bugs_performance,negative,True,unknown,Game will not load at all after a recent update due to a storage issue.,
12768614062,gb,dhucf erfuoncfhhg,5,2025-06-13 07:59:17,Mmmmmmmmmmmmmmmmmyrerer,This is a very fun game but I think it’s worth way more than what it is.,0,13.2.1,praise,positive,False,unknown,Player finds the game very fun and thinks it deserves more recognition.,
12708076482,gb,asapfergargh,1,2025-05-28 14:53:08,Useless,It’s literally impossible to pass level 60 as the game bugs.,0,13.2.1,bugs_performance,negative,False,unknown,Game-breaking bug makes level 60 impossible to pass.,
12623021746,gb,fizzy 360,5,2025-05-05 17:08:59,Ha,It’s a great game,0,13.1.1,praise,positive,False,unknown,Player finds the game great with no specific complaints.,
12549111620,gb,Ittsudfuf,5,2025-04-16 08:33:06,Needs more detail,I got angry birds 2 and it was amazing so I got angry birds friends and it was the most disappointing thing I have ever played.  Terrible.do.not.BUY,0,13.1.0,praise,negative,True,unknown,Player found Angry Birds Friends deeply disappointing compared to Angry Birds 2 and advises others not to buy.,
12452431532,gb,RobFallen,1,2025-03-22 23:54:12,Spam adverts,"Constant spam adverts that are forced, deleting all spammy games like this now",0,13.0.1,ads,negative,True,unknown,Player is deleting the game due to constant forced advertisements.,
12442667862,gb,ashoohash,5,2025-03-20 13:46:32,Great!!!,I love angry birdsss,0,13.0.1,praise,positive,False,unknown,Player simply expresses love for the game.,
12357689585,gb,book trust uk version,5,2025-02-26 15:14:11,the best game ever,still best to make better,0,13.0.1,praise,positive,False,unknown,Player considers it the best game but hints at wanting improvements.,
12349943928,gb,scifiantoan,1,2025-02-24 14:47:30,Full of bugs and crashes,"Full of bugs, can't load most of the time, no support to help. Huge disappointment...",0,13.0.1,bugs_performance,negative,True,unknown,"Game is full of bugs, frequently fails to load, and lacks support.",
12335219317,gb,Jess Carys,2,2025-02-20 21:57:07,So many weird adverts,"There is way way too much advert content on this app, and some of it really weird stuff. Almost making it unplayable.",0,13.0.1,ads,negative,False,unknown,Excessive and bizarre ad content is making the game nearly unplayable.,
12332703413,gb,MikeTheMagnificent,1,2025-02-20 08:01:47,Lots of ads lately,Levels getting too difficult to score well or even complete without paid power ups. Combined with way too many ads and greed is spoiling this game. They’re killing the goose that lays the golden eggs.,0,13.0.1,ads,negative,True,unknown,Too many ads combined with difficulty requiring paid power-ups is ruining the game experience.,
12258472869,gb,Flodriver 123,2,2025-02-01 18:27:20,Swipe the ads,Truly it is a lot quicker to swipe off the app and restart it this takes far less time than watching mindless adverts,0,12.7.2,ads,negative,False,unknown,Player finds it faster to restart the app than to sit through the lengthy ads.,
12196003765,gb,L!ll7,5,2025-01-17 16:43:09,Great game,"I really enjoy the gameplays red and how cool the way Rovio did the toons sounds while ago and I’m happy
Gray game",0,12.7.2,praise,positive,False,unknown,Player enjoys the gameplay and Rovio's creative presentation.,
12192019872,gb,Want more game time less ads,5,2025-01-16 16:26:16,Royal match adverts,I am not playing your game any more because of those royal match adverts as life is too short to suffer these ads. I get a minute or two playing and then have to endure numerous minutes suffering these ads. Get your act together!!!!!,0,12.7.2,ads,negative,True,unknown,Player has stopped playing due to overwhelming Royal Match ads drowning out actual gameplay.,
12160261488,gb,Laura the funny one,5,2025-01-08 16:47:26,Great read this :),Hello so this is my fav child hood game but older people can play great.love this.btw instead of pigs maybe evil angry bird characters and what l mean they have blood on there evil angry birds,0,12.7.2,feature_request,positive,False,unknown,Longtime fan enjoys the game and suggests evil Angry Birds characters as a new feature.,
12045140403,gb,;;;::::,1,2024-12-09 21:37:04,Too many adverts,Way too many ads . Ok if you’re getting a free power up but just throwing them in between levels is a piss take . Keep your game,0,12.7.1,ads,negative,True,unknown,Player is fed up with unskippable ads inserted between levels and is abandoning the game.,
12024928677,gb,Buntobox,1,2024-12-04 14:05:55,Far too many adverts,"It’s increasingly obvious that the developers of this game have decided the adverts are far more important than the game itself. They even appear now between levels and it’s particularly annoying when you get those god-awful 90 second long “mini-dramas” for Royal Match: they really are an insult to the intelligence, and those adverts pushed by so-called celebrities (who ARE these nobodies?) make me want to scream! What sort of idiots dream that junk up with the expectation that they’re actually going to sell anything using them. 
I want play the game Rovio, but not at this price. Your greed will consume you in the end!",0,12.7.1,ads,negative,True,unknown,Player is driven away by excessively long and insulting Royal Match ads appearing between levels.,
11866971847,gb,thefuhrer33,1,2024-10-23 20:09:55,Hacked,Unless you’re prepared to spend your money to beat the hackers don’t bother playing this,0,12.6.1,tournaments_fairness,negative,True,unknown,Player warns that hackers make the game unwinnable without spending money.,
11864919985,gb,{~:,2,2024-10-23 07:59:48,KJ,Graphics far too small,0,12.6.1,ux_ui,negative,False,unknown,Player finds the graphics too small to comfortably view.,
11803770256,gb,ChristineAnna2323,1,2024-10-06 13:06:31,Money game,Another game that requires money money money so u can play it,0,12.5.1,monetization,negative,True,unknown,Player feels the game demands constant spending just to play.,
11734253992,gb,Cangry Firds,1,2024-09-17 15:02:42,Angry Birds Friends,This Game doesn’t work at home but it work on other wifi networks SAD!!!!!!,0,12.5.1,bugs_performance,negative,False,unknown,Game fails to work on the player's home Wi-Fi network.,
11662258272,gb,Among us lover1,5,2024-08-28 13:10:10,How good it is,I like how there is lists of angry birds that you unlock and the ads no ads pop up in a round.me and my brother play this game every single day of the year. We know how much effort you put into this big building.i just love it 5 stars,0,12.5.1,praise,positive,False,unknown,Player and sibling enjoy the game daily and appreciate the bird unlocking system and ad-free gameplay rounds.,
11638561203,gb,Urlocaltoiletmonkey,5,2024-08-22 06:43:34,Swing smash and swoosh,Read the title.dis game is amazing,0,12.4.0,praise,positive,False,unknown,Player finds the game amazing with enthusiastic one-line praise.,
11629233451,gb,Arnica1999,3,2024-08-19 19:53:43,Greed has ruined this game,"It’s a fun game to play but you’ll never get anywhere unless you spend a lot of money. The star cup is especially bad for this - you play against so called random people but it is definitely fixed so you have to buy power ups to win. Also I can’t see how you can play against someone in real time - it just doesn’t work like this. I notice I play against the same people all the time but sometimes they have different numbers for their flock power, sometimes less, sometimes more so it’s definitely not a live game. Sort it out Rovio please.",0,12.4.0,tournaments_fairness,negative,False,unknown,Player believes Star Cup matchmaking is rigged and that opponents are bots with inconsistent stats rather than real live players.,
11614301729,gb,hammer mad,1,2024-08-15 20:47:36,Seriously,New adds don’t run properly absolute joke,0,12.4.0,ads,negative,False,unknown,New ads are broken and not running properly.,
11600222951,gb,Pz user,2,2024-08-12 07:11:10,Fun but turns into the usual marketing ply,Great game ruined by micro transactions.. get really far to a point but want to stay competitive shell out for power ups,0,12.4.0,monetization,negative,False,unknown,Fun game that becomes pay-to-compete as micro-transactions wall off staying competitive.,
11479527035,gb,Percylover1234,4,2024-07-11 06:01:50,Ok 👌,It’s ok. It just needs a bit of improvement like if they had more birds for some of the harder levels 🩷,0,12.4.0,feature_request,neutral,False,unknown,Player thinks the game is okay but requests more birds available on harder levels.,
11452595082,gb,That bird 🦅,5,2024-07-03 17:05:49,Why I love this game,First of all it’s released all my stress and it is also very fun,0,12.3.0,praise,positive,False,unknown,Player loves the game for being fun and stress-relieving.,
11330768082,gb,AHBrooks78,2,2024-06-01 11:15:46,Games ok,"But the adverts are intrusive, I have my phone setting on mute and while playing I will occasionally have music playing, but then an add comes on and overrides my choice and setting and the adds volumes is blearing out, when will the add exces realise that as perspective customers we may look more favourable at their products if not so intrusive, when will they learn just use subtitles look at the fastest growing app TikTok, it understands it’s customer base is more likely using the app on mute",0,12.2.0,ads,negative,False,unknown,"Ads override phone mute settings and play at full volume, frustrating the player.",
11297798253,gb,AstonJae,5,2024-05-23 11:29:31,Good game,Game is very good I play it all day also chuck the yellow bird is dorito bird 🗣️🦅💀,0,12.2.0,praise,positive,False,unknown,Player enjoys the game and plays it all day.,
11279931732,gb,SaneScientist,2,2024-05-18 10:40:43,Frozen Winter,Every time they release an upgrade the performance gets worse. This latest one won’t even load.,0,12.2.0,bugs_performance,negative,False,unknown,Latest update worsened performance and the game won't load.,
11279639837,gb,Khalwalk,5,2024-05-18 08:39:44,Angry Birds friends,"Why can you not sort out your WiFi instead of blaming players.
I have been trying to sign in since 9.00 today but keep getting bad WiFi group. I have been on the internet In  between trying to open Angry Birds with no problems , so sort it out. I spend around £15 per week on this game but I will change if this keeps happening",0,12.2.0,bugs_performance,negative,True,unknown,Player spends £15/week but repeatedly fails to sign in and threatens to leave if connectivity issues persist.,
11272672809,gb,gwenakins,5,2024-05-16 08:46:48,Mrs Smith,"Fabulous game,never bored xx 💙❤️💙❤️💙❤️💙 gwenakinsplay every day x",0,12.2.0,praise,positive,False,unknown,Player finds the game fabulous and never gets bored playing every day.,
11258597885,gb,Grantyg1976,2,2024-05-12 08:16:53,How small!,A great game but on my iPhone pro max it’s so small and so many details crammed in it’s impossible to play as you can’t really make out where the pigs are and what’s in the catapult! I think on iPad it would be fine but totally useless on a phone!,0,12.2.0,ux_ui,negative,False,unknown,"Game elements are too small and cramped on iPhone Pro Max, making it nearly unplayable.",
11219747219,gb,hampshirelady,2,2024-05-01 10:03:41,Star Cup,"Brilliant game but having changed this iPad for my new one I can’t always see my friends on my new one. Have done everything suggested but still no luck, sometimes there and sometimes not, can you help.

Still no sign of friends only on the odd occasion",0,12.1.0,social_account,negative,False,unknown,Friends list is inconsistently visible after switching to a new iPad.,
11184842711,gb,bijhfrto,5,2024-04-21 14:05:40,Og,This is the best slingshot game ever🕷👼,0,12.1.0,praise,positive,False,unknown,Player calls it the best slingshot game ever.,
11142165524,gb,Frankie25517,5,2024-04-10 12:08:52,Please do it if you can,"The game is very fun and very entertaining for me and I like the tournaments ,it would be nice if you added a one piece tournament you don’t need to but it will be nice thanks .",0,12.1.0,feature_request,positive,False,unknown,Player enjoys the game and requests a One Piece themed tournament.,
11079942055,gb,snowman0738,5,2024-03-24 11:37:06,Fun,Fun,0,12.0.0,praise,positive,False,unknown,Player simply describes the game as fun.,
11073219527,gb,Rrfields1980,5,2024-03-22 17:02:08,Angry Birds Friends,Rovio Entertainment Ltd.,0,12.0.0,other,neutral,False,unknown,Review contains only the developer name with no substantive feedback.,
11062754587,gb,TJBoy376,5,2024-03-19 19:25:06,Cool,I’ve loved this game since I was a kid and I still do. I’ll definitely recommend playing this.,0,12.0.0,praise,positive,False,veteran,Long-time player since childhood still loves the game and recommends it.,
10911722519,gb,Hungry Pete,3,2024-02-07 09:35:30,Too many ads,"This game used to be enjoyable to play but now is a pain because of the increase in the number and length of ads. Prime example is Royal 
Match which has increased its length from 30 seconds to 100 seconds.
So now you waste hours a week waiting for the ads to finish which is not acceptable so I shall probably delete the app. It WAS my favourite ap.",0,11.19.1,ads,negative,True,unknown,"Increased ad frequency and length, including 100-second Royal Match ads, has made the game unenjoyable and the player plans to delete it.",
10851489397,gb,Jamesghhh cfff345);;;,3,2024-01-22 14:16:59,James Walsh,I dident play the ab friends but probably it’s better also rovio please return the delete ab games I hate ab 2 and why baby bird deed is rovio please respect your fans more,0,11.19.0,other,negative,False,unknown,Player hasn't tried AB Friends but criticises Rovio for removing games and a character death.,
10846781968,gb,Magaretta,1,2024-01-21 09:45:30,Awful all of a sudden!,"I used to love playing AB Friends but since this last “new” game, it’s become awful….as if another “window/box”is trying to launch after every game?! And don’t get me started on the adverts 😡😡😡",0,11.19.0,bugs_performance,negative,False,returning,"A recent update introduced a persistent pop-up or overlay after every game, ruining the experience.",
10843248592,gb,The birdies.,5,2024-01-20 12:26:16,Angry Birds,Angry birds friends is an amazing game to play.,0,11.19.0,praise,positive,False,unknown,Player calls Angry Birds Friends an amazing game.,
10835491662,gb,Albionhollis1,5,2024-01-18 11:01:18,Enjoyable,"This angry birds game is enjoyable more than most.  A little frustrating on more difficult levels, but it gives you more options than other bird games.  I loved the classic, but it has come back with only the eagle to play on difficult levels.  More of this type of game is needed.",0,11.19.0,praise,positive,False,unknown,Player finds the game more enjoyable than others despite some difficult levels.,
10795503099,gb,m&mum,5,2024-01-07 15:59:45,Fab game,Love this wee game.  Very fun,0,11.18.1,praise,positive,False,unknown,Player loves the game and finds it very fun.,
10791289874,gb,Olivia avocado 🥑,5,2024-01-06 14:43:35,Really good,I first downloaded this app and I love 😁🥑great if you love angry birds 🦜,0,11.18.1,praise,positive,False,new,New player loves the game after downloading it.,
10773756591,gb,Trae 💆‍♀️,4,2024-01-02 07:07:00,I want the old soundtrack and more challenging like it used to be,"I love it but I miss the old one, how it used to be, so make it just as challenging and I want the old soundtrack too",0,11.18.1,live_events,neutral,False,unknown,Player enjoys the game but misses the old soundtrack and wants the difficulty restored to its former level.,
10732646056,gb,HJWhack,5,2023-12-22 21:00:28,I love it!,"It’s probably the best angry birds game I’ve ever played, the levels are fun the characters are cool. I recommend playing it!!",0,11.18.1,praise,positive,False,unknown,Player considers it the best Angry Birds game with fun levels and cool characters.,
10646091742,gb,Djemba1986,1,2023-12-01 15:49:04,Disappointed,Not as great as i first thought. When i began i was happy with the game and then realised that it only has 110 levels? Thats just not good enough. The tournament’s are also rather poor. So ended up completing the game then deleted it. If your bored for a couple of days then its ok but after youve completed the game its a waste of time.,0,11.18.0,progression_difficulty,negative,True,new,"Player found only 110 levels and poor tournaments, completed the content quickly and deleted the app.",
10590993817,gb,haggismuncher,1,2023-11-16 09:26:15,Tired,"I am getting sick to death of adverts for Royal Kingdom, run for over a minute and being pushed by so called celebs (who make me never wanna buy anything) so get it sorted Rocio and stop dicking us around",0,11.18.0,ads,negative,False,unknown,Player is fed up with long Royal Kingdom ads promoted by celebrities and demands they be removed.,
10589495593,gb,k8hhjohnson,2,2023-11-15 21:36:50,Won’t work,"App updated, phone updated. Keep saying internet failed, despite everything else on my phone working and internet being fine. It’s a shame as I enjoy playing angry birds. Just can’t see why it is happening.",0,11.18.0,bugs_performance,negative,False,unknown,App fails to connect to the internet after updates despite the device having no connectivity issues.,
10587982580,gb,Dj wiccan,5,2023-11-15 11:56:10,This game is great,I really like this game it’s to play when you get bored.,0,11.18.0,praise,positive,False,unknown,Player finds the game great for passing time when bored.,
10559735361,gb,Airplanehut,1,2023-11-07 12:38:26,Level 7 (6 Nov) not working,Level 7 of the new game (6 Nov) isn’t accessible.  It goes back to the menu when you try and open it,0,11.17.1,bugs_performance,negative,False,unknown,Level 7 of the November 6th tournament crashes back to the menu when opened.,
10546850985,gb,bingolongo,2,2023-11-03 21:35:52,#bringback2012,"Bring back the old angry birds games right now
  Honestly, deleting everyone’s childhood game that is loved by everyone
 😡😡",0,11.17.1,feature_request,negative,False,unknown,Player demands the classic Angry Birds games be brought back.,
10480457856,gb,Mandy261974,1,2023-10-16 08:10:29,Great but not great,I have been playing this game for a while but today a new tournament started went to play it and it won’t let me.  It is so annoying.  Please sort it out.,0,11.17.1,bugs_performance,negative,False,unknown,New tournament is inaccessible and the player cannot enter levels.,
10429974783,gb,Sallie777,1,2023-10-02 09:47:28,Great,Now been unable to connect this game for days. Not impressed as it is a super game to play.,0,11.16.0,bugs_performance,negative,False,unknown,Player has been unable to connect to the game for several days.,
10428620174,gb,Orca too,5,2023-10-01 23:25:01,Gaming,Excellently put together,0,11.16.0,praise,positive,False,unknown,Player praises the game as excellently put together.,
10428230925,gb,allycat09,1,2023-10-01 20:24:57,Angry birds,Was enjoying it but for some reason can't get it to load now since they did up date and the update won’t work and when it offers to switch back to old version it won’t work as well. gutted,0,11.16.0,bugs_performance,negative,False,unknown,Game stopped loading after an update and rolling back also fails.,
10314854816,gb,Dss199,1,2023-08-30 08:39:31,Ads ads and more ads,"Enjoyed this game at first but then you realise it’s effectively pay to win with power pups for the Star cup, tower and tournament to a degree",0,11.15.0,monetization,negative,False,unknown,"Player criticises the game as pay-to-win due to power-ups in Star Cup, tower and tournaments.",
10308723765,gb,Sandrarose1960,1,2023-08-28 14:57:03,Not happy,In the last few weeks had nothing but trouble with game not receiving bundles I purchased and not getting much help so going to delete game as I have spent a small fortune .Not no more,0,11.15.0,bugs_performance,negative,True,unknown,Player spent significant money but did not receive purchased bundles and plans to delete the game.,
10162482853,gb,"Marn,s",5,2023-07-20 19:01:42,A B friend’s,Hi I can’t get on my game but it won’t let me,0,11.14.0,bugs_performance,negative,False,unknown,Player cannot access the game despite giving it five stars.,
10153567531,gb,u hehdhjfjfjjfkdkdkdjd,5,2023-07-18 10:53:09,Constant ads interrupt gaming experience👾,"Ads r constantly interrupt ur gaming experience u need 2 fix dis immediately!
Thank you 
Ollie",0,11.14.0,ads,negative,False,unknown,Constant ad interruptions are disrupting the gaming experience and need to be fixed.,
10151154719,gb,Rock On and Roll 🫠🤠🤮,5,2023-07-17 17:37:57,ANGRY BIRDS,This game is not better than I expected but it’s better,0,11.14.0,praise,positive,False,unknown,Player finds the game better than expected.,
10144806269,gb,terry wayt,5,2023-07-15 23:58:01,Hi,Lol great fun to play,0,11.14.0,praise,positive,False,unknown,Player finds the game great fun.,
10066751457,gb,Wibble go,4,2023-06-24 07:38:40,Make the ads work,"Love this game and understand the need for ads but please make sure they work, I’m fed up with being kicked out of the game and having to restart.
Fix the ads.",0,11.14.0,ads,neutral,False,unknown,Player accepts ads but is frustrated by broken ads that crash the game.,
9999313406,gb,Razangel,1,2023-06-04 18:48:25,Won’t load,"Download this game on my iPad and keeps saying the internet is offline, but I can play my other games",0,11.13.0,bugs_performance,negative,False,unknown,Game falsely reports being offline on iPad despite other games working fine.,
9994384254,gb,Derbyben,5,2023-06-03 10:38:36,AB friends,It is the best game,0,11.13.0,praise,positive,False,unknown,Player simply calls it the best game.,
9973306646,gb,gemma lbg,5,2023-05-28 08:00:07,its good but...,its good but can you make the original free🥹 if you can i will be very happy🥳🥳🥳🥳🥳🥳🥳🥳🥳🥳🥳🥳🥳🥳🥳🥳🥳,0,11.13.0,feature_request,neutral,False,unknown,Player requests that the original Angry Birds game be made free.,
9971291993,gb,lisa63🇬🇧,1,2023-05-27 16:49:47,Can’t load the game!,I’ve been playing ABF for years… I loved it BUT over the past couple of weeks I’ve not been able to get on… an “error” and “unable to connect” keeps coming on…. I had quite a few coins and power ups and now nothing! I’m going to give it another week then I’ll delete it… I’m not wasting my time keep trying,0,11.13.0,bugs_performance,negative,True,veteran,"Long-time player has been unable to connect for weeks, lost coins and power-ups, and will delete if not fixed soon.",
9962998533,gb,🧿💝🌈🤣🔮😇😍,5,2023-05-25 07:19:48,This game is great,Thanks for making this,0,11.13.0,praise,positive,False,unknown,Player simply thanks the developers for making the game.,
9921438686,gb,Jazzy doodle,5,2023-05-13 06:06:06,Angry Birds,I’m so good at Angry Birds because my dad taught me💚💚💚🥨🥨😄🙂,0,11.12.1,praise,positive,False,unknown,Player is proud of their skill at Angry Birds learned from their dad.,
9867420971,gb,shussbuttle,4,2023-04-27 17:36:29,Birds,Loving this game great fun and for all ages,0,11.12.1,praise,positive,False,unknown,Player enjoys the game and highlights it is fun for all ages.,
9860859650,gb,big pesnip,5,2023-04-25 20:34:40,Where are the other angry bird games?,"Angry Birds go, angry Birds Rio, angry Birds starwars 1&2, and angry Birds space? They were the greatest things ever",0,11.12.1,feature_request,neutral,False,unknown,"Player misses other Angry Birds titles like Go, Rio and Star Wars and wants them back.",
9849544790,gb,Dick Harbinger,2,2023-04-22 16:31:05,Ad freeze!,Persistent “Royal Kingdom” banner advert on the bottom of the screen has appeared today. Making it impossible to tap functional buttons. It can’t be closed. In fact the only way to interact with it is to “install”it. Can’t play until this is removed as it obscures the buttons to go on to the next game.,0,11.12.0,ads,negative,False,unknown,"A persistent banner ad obscures game buttons and cannot be closed, making the game unplayable.",
9848997297,gb,FredTplunger,5,2023-04-22 13:40:56,Very good,Very extremely good!,0,11.12.0,praise,positive,False,unknown,Player gives a brief but enthusiastic positive endorsement.,
9815629188,gb,Solo-Polo,5,2023-04-13 00:39:19,Great game but I think they put effort in it,The greatest game has became a legend of all the games that have been played in years,0,11.11.0,praise,positive,False,unknown,Player praises the game as a legendary title that has stood the test of time.,
9814290122,gb,shep19570,5,2023-04-12 15:32:52,Angry Birds friends,YOU ARE SOOOOOOOOOOOOOOOOOOOO AWESOME,0,11.11.0,praise,positive,False,unknown,Enthusiastic short praise for the game.,
9806871673,gb,brown kid-1769,5,2023-04-10 13:14:29,Greats game!,Played it since I was 4 and I’m 17 now.,0,11.11.0,praise,positive,False,veteran,Long-time player since age 4 giving a 5-star rating.,
9764184141,gb,Bbg 74,5,2023-03-29 12:04:24,Brilliant,Brilliant fun game,0,11.11.0,praise,positive,False,unknown,Brief praise calling the game brilliant and fun.,
9749584460,gb,yes Roblox is so good,5,2023-03-25 08:54:09,Nice,Well very close to the original and you can continue making nice classic game reds first flight or go cash grab mode please bring back more classic s,0,11.10.0,feature_request,positive,False,unknown,Enjoys the classic feel and requests more classic content over cash-grab mechanics.,
9727951035,gb,ben flips,1,2023-03-18 23:27:37,Angry Birds,Don’t download this game cause you played a couple of minutes andThen it will take me from the game and then Home Page That is why I given a one I am very angry please sort it out if you don’t sort it out cause if you don’t I will rate it zero stars if that is a thing,0,11.10.0,bugs_performance,negative,True,new,Game crashes back to home screen after a few minutes of play.,
9710214511,gb,n8ray,5,2023-03-13 20:26:08,Great fun,Better than expected,0,11.10.0,praise,positive,False,unknown,Short positive review saying the game exceeded expectations.,
9695343751,gb,DivineCrazyLady,3,2023-03-09 13:21:59,Brawl cup not working,"Brawl cup not working properly month now, rewards after watching commercials are subsided…not a fan..",0,11.10.0,bugs_performance,negative,False,unknown,Brawl Cup has been broken for a month and ad-reward system is not functioning properly.,
9638184411,gb,pipiluda,3,2023-02-20 19:39:32,Question about this game,"I want to know if I don’t choose any items payable, just playing these levels and competitions, will I be charged?",0,11.9.1,monetization,neutral,False,unknown,Player asks whether they will be charged anything for playing without purchasing items.,
9629581716,gb,aeg300537,1,2023-02-18 08:52:14,App won’t open,Says bad request,0,11.9.1,bugs_performance,negative,False,unknown,App fails to open and shows a bad request error.,
9625872519,gb,Ftdrew,1,2023-02-17 07:27:32,Not good anymore,"Very slow to load during games, keeps locking out when trying to use power ups, now have to contend with adverts. Sorry Rovio not happy, now finding the game more frustrating than enjoyable. Dec 2020 new downgrade!! Power ups now at the bottom of the screen, keep accidentally hitting them grr....

Feb 2023
Sorted power up problem but this game is being ruined, constant ads during game play and now like others the star brawl does not register scores. Have contacted Rovio 😖😫no response",0,11.9.1,ads,negative,True,veteran,"Veteran player frustrated by constant in-game ads, unresponsive support, and broken Star Brawl score registration.",
9604338021,gb,AltonTowersNerd,5,2023-02-10 21:48:10,Really enjoyable as remember it,"The first time I played this was on Facebook as it was playable then through it could use some nifty features on iOS, such as off-line play would be good.",0,11.9.1,social_account,positive,False,veteran,Returning Facebook player enjoying the iOS version and requesting offline play.,
9593593244,gb,Ma maika ti putkata,1,2023-02-07 17:50:02,Poor,"Just downloaded few days ago , and cannot access the game since the second day of playing. Waste of time.",0,11.9.0,bugs_performance,negative,True,new,New player unable to access the game since day two after downloading.,
9570324434,gb,beanoboy24,1,2023-02-01 07:05:13,Last update has meant wins on the tournament don’t register,Have stopped playing as wins not recorded and no chance of getting on the leaderboard,0,11.9.0,bugs_performance,negative,True,unknown,"Tournament wins not being recorded after update, causing player to stop playing.",
9560860702,gb,lee judge a,2,2023-01-29 16:25:33,tournament won’t save score or give prizes,don’t know if anyone else has had the problem since the game updated that in the tournament where you have to get point score it keeps saying play to enter that’s why I have it 2 stars,0,11.9.0,bugs_performance,negative,False,unknown,Tournament scores and prizes not saving since the latest update.,
9546574620,gb,yass💅🤤🤤,1,2023-01-25 18:01:25,No,No,0,11.8.3,other,negative,False,unknown,Single-word negative review with no additional context.,
9535540954,gb,Ardiddy,1,2023-01-22 15:08:35,It was a pretty decent game,"It was alright, but then I started getting bombarded with adverts. Which I suppose is fair enough, but when the adverts close the game to take you to your App Store mind if leaves the game unplayable.",0,11.8.3,ads,negative,True,unknown,Forced ads redirect player to the App Store and make the game unplayable.,
9534496183,gb,me1065,1,2023-01-22 09:09:17,Angry birds = Angry Player,The Brawl aspect of this game is not recording any of my rewards. I have contacted several times over the last few weeks to report this problem and got no response whatsoever! What is happening? Am I doing something wrong? Have I missed some obscure rule?,0,11.8.3,bugs_performance,negative,False,unknown,Brawl rewards not being recorded and multiple support contacts have gone unanswered.,
9520659380,gb,"Fedupwthenteringnickname""",1,2023-01-18 12:17:03,Quilter,"Had to close down AB Friends as it would not work probably. Got no feathers or rewards for games won, so had to delete it and lost all my data. Also could not get rid of adverts that play between games, often took me 3 Minutes to get back to game. If this continues after my reload, I will give up playing altogether",0,11.8.3,economy_rewards,negative,True,unknown,"Player deleted the game due to missing feathers and rewards, excessive ad delays, and threatens to quit if issues persist after reinstall.",
9501889874,gb,jdchhencdhbhchnjrenk,5,2023-01-13 07:17:43,Love it,It has no ads and has made my life funnier,0,11.8.2,praise,positive,False,unknown,Positive review praising the absence of ads and enjoyable experience.,
9496538470,gb,Hassczu,2,2023-01-11 18:04:25,😡😡😡,"I am so mad know , I got 30 level on box tournament nothing went wrong and then  I got 1st level who like 🤷🏼🤦🏼‍♂️ I lost all ✌🏻",0,11.8.2,bugs_performance,negative,False,unknown,Player lost all progress after reaching level 30 in the box tournament.,
9488524119,gb,Yazz3,4,2023-01-09 12:03:03,Not working,"I have been playing Angry Birds Friends for a few years now and love it.
Recently however I can’t seem to be able to compete in the ‘Star Cup Brawl’ as it won’t show me my position along with other players. Also the power ups that you get in the game no longer work for me?",0,11.8.2,bugs_performance,negative,False,veteran,Multi-year player reports Star Cup Brawl leaderboard and power-ups are no longer functioning.,
9454436775,gb,qruhvtu,1,2022-12-31 08:32:44,Constant ads stop you playing,"I love this game, and play it daily, but since the last update of the game it has become impossible to play because of the so many ads (that you can’t close) en between the levels. I’m not talking about ads to get powers, those are OK as you choose to click on them to get powers, I’m talking about forced ads that stop you going from one level to the other or redoing that level. Totally RUINS the game. For God’s sake, release a PAYING version of the game that cuts out all the ads, I’d certainly pay for it to get rid of those ads, but there isn’t the option. 
I will wait for the next update of the game to start playing it again, hoping it will fix things, as for now it is simply UN-playable !",0,11.8.2,ads,negative,True,unknown,Daily player finds the game unplayable due to forced unskippable ads between levels and requests a paid ad-free version.,
9437953721,gb,mammymargaret,1,2022-12-26 20:37:01,Rubbish,Not working again!!!!,0,11.8.2,bugs_performance,negative,False,unknown,Very brief complaint that the game is not working again.,
9434748927,gb,evilc42,5,2022-12-25 22:34:57,It’s great to play again,I down loaded the very 1st Angry Birds and it is still one of the all time greats. 👍👍,0,11.8.2,praise,positive,False,returning,Returning player praises the original Angry Birds as an all-time great.,
9433794760,gb,Djbri,1,2022-12-25 15:22:06,Ruined,I get that they have to show ads to monetise the app but recently the ads are ridiculously long. Not just one page but going on to others and then the App Store before they can be closed. Great way of getting people to lose interest in your product.,0,11.8.2,ads,negative,True,unknown,Excessively long ads that redirect to the App Store are driving players away from the game.,
9420477882,gb,jonnmedds,1,2022-12-21 16:58:38,Too many ads,"Love the game play. But they’ve made it that if you actually want to compete with others, you need power ups, but to get power ups, you have to watch 30 second ads for each one. Now they’ve even put ads between stages. Sorry, delete.",0,11.8.2,ads,negative,True,unknown,Player enjoys gameplay but is deleting the app due to excessive ads required to obtain power-ups and ads inserted between stages.,
9391335763,gb,Tiatet,1,2022-12-13 10:04:16,Goodbye. 😢,"I have played angry birds friends ever since it was launched and was very much looking forward to the Christmas edition but I won’t be playing it any more. No ones age is needed to play and I feel insulted that you ask players to tell you their age. I loved this game but will nit play again as long as you insist on asking for very personal information from players who have always supported you. 

Goodbye !",0,11.8.1,social_account,negative,True,veteran,"Long-time player since launch is quitting over being asked to provide their age, feeling it is an invasion of privacy.",
9358016754,gb,help 145627,5,2022-12-04 00:28:15,Adds have ruined it !!!,"Used to be a good game but has been ruined by all the continuous adverts, over and over again. You spend half the time watching them. I’ve given up.send",0,11.7.0,ads,negative,True,unknown,Player says continuous adverts have ruined the game and they have given up playing.,
9342809259,gb,Nathan's DrawingUK,3,2022-11-29 19:38:55,Angry Birds Ripoff,"This is a pretty good game! It has lots of levels, lots of challenges, lots of competitions and more! But the only thing is it’s just a free ripoff of the the Classic Game! Since Rovio released back the original game onto Phones, I just totally forgot this game for months.
Due to the amount of levels this game has, this is still a great game to play for me! :D",0,11.7.0,live_events,neutral,False,unknown,Player appreciates the volume of levels and challenges but drifted away after the original Angry Birds returned to mobile.,
9342411947,gb,Sandrabrightman,1,2022-11-29 16:51:36,Angrybirdsfriends have lost the plot!,"I have been playing this game for many years.  Rovio has lost the plot the game is not viable.  To many things go wrong so that players cannot complete the levels. 

Sandal",0,11.7.0,bugs_performance,negative,False,veteran,Veteran player of many years reports recurring issues preventing level completion and says the game is no longer viable.,
9307413191,gb,Chippy888777,1,2022-11-19 22:36:59,Greedy,"This used to be a great game but now you have to use power ups to be competitive but when you run out you need to spend real money.
Greed has ruined Angry Birds.",0,11.7.0,monetization,negative,False,veteran,Long-time player says greed has ruined the game as power-ups needed to compete now require real money.,
9272783199,gb,Ipssissimus,1,2022-11-09 22:16:09,Adverts adverts adverts,"Start a game - an advert
Replay a level - an advert
Go back to main menu - an advert
Select free power up - an advert

The whole game is now an advert on how to loose players and spoil game enjoyment.

The repetitiveness of the same ad over and over again. 

Goodbye Birds from Mr Angry.",0,11.6.0,ads,negative,True,unknown,Player is leaving due to an overwhelming number of repetitive ads triggered at almost every game action.,
9260736858,gb,Gorgeous robin,1,2022-11-06 09:12:52,Frustrating,Yet again no video or rewards. Yet again if there is a video no rewards. Can someone please sort this out!!!!!,0,11.6.0,bugs_performance,negative,False,unknown,Player is frustrated by videos consistently failing to deliver their promised rewards.,
9254956386,gb,Ava Lily Rexford,5,2022-11-04 18:33:27,The amazing Angry Birds,It’s so fun to play and also a really good game for any age and it’s also a really good game for anyone around the world I suggest you play it it’s really fun to destroy the bad guys and if you’re really good at it then there’s loads of levels for you to defeat,0,11.6.0,praise,positive,False,unknown,Player enthusiastically praises the game as fun for all ages and recommends it broadly.,
9246826962,gb,Pat from wxm,5,2022-11-02 10:29:07,Gutted,I can no longer open this game. I get a message that it won’t connect to the internet. Tried everything to even deleting and putting the app back on my iPad Pro 🥺,0,11.6.0,bugs_performance,negative,False,unknown,Player cannot open the game on their iPad Pro due to a persistent internet connection error despite reinstalling.,
9234833704,gb,Jean Novelli,5,2022-10-29 19:13:07,It’s good,Birds go pew pew pigs go boo boo,0,11.6.0,praise,positive,False,unknown,Brief humorous praise for the core bird-flinging gameplay.,
9146422378,gb,Amandanith,2,2022-10-03 09:37:09,Buggy,"Still my favourite game and the only one that I have kept up with since it began. But! Major disruption seems to be a common denominator at the moment. We are just over the big bust which kept us from playing with our Facebook accounts and now yet again it won’t let us in. I’ve restarted my iPad as well as deleting and reinstalling the game so I am confident that this is an internal error again. Come on guys, let us play!",0,11.5.1,social_account,negative,False,veteran,Long-time player reports a recurring issue preventing login via Facebook after a previous major outage was barely resolved.,
9116617657,gb,OMGitsKBOZ,5,2022-09-24 12:20:45,Angry birds,Really good fun game,0,11.5.1,praise,positive,False,unknown,Short positive review calling the game really good fun.,
9096133100,gb,mitopa,5,2022-09-18 05:26:53,Angry birds,Best game ever,0,11.5.1,praise,positive,False,unknown,Brief review calling Angry Birds the best game ever.,
9084628836,gb,mazzammefred,3,2022-09-14 17:21:56,Toon Blast,"Please do not use this to gain a bonus, you CANNOT get it to clear to get the bonus and you have to come out of the game, really annoying !!!",0,11.5.0,ux_ui,negative,False,unknown,Player is frustrated that a Toon Blast bonus offer cannot be cleared or completed without exiting the game.,
9076642881,gb,Dominic209@,5,2022-09-12 06:39:27,It’s a good game,Okay,0,11.4.0,praise,positive,False,unknown,Simple positive endorsement of the game.,
9025848576,gb,dudes mam,3,2022-08-28 09:24:13,What’s going on,"I play this game everyday well I did until about a week ago, alert message now pops up saying it’s having issues and trying to fix. We’ll come on it’s been ages now!",0,11.4.0,bugs_performance,negative,False,unknown,Daily player has been locked out for about a week due to an ongoing error the developer has not yet resolved.,
9024094465,gb,Skyscrapergirl,1,2022-08-27 20:02:32,Doesn’t connect to Facebook,"Since last update, it doesn’t connect to Facebook and although Rovio know .... they haven’t fixed it. If you can’t fix it please transfer all my power-ups (300+ each) and coins (125k)",0,11.4.0,social_account,negative,False,unknown,Facebook connection has been broken since the last update and the player demands their power-ups and coins be transferred if the issue is not fixed.,
9022205292,gb,jyno1,1,2022-08-27 09:15:22,HOW DO U REPORT THESE THIEVES?,"It’s almost a week since this app went down. 3rd time now. Left multiple messages on their support App. They haven’t had the decency to respond. they have taken me down from the diamond level back to the beginning. They have taken 22,000 coins that I have paid for and all my power ups which cost an absolute fortune. Who on earth do we complain to about this bunch of thieving idiots? I have told them I want the equivalent of what I have spent on this app back but of course they refuse to respond to that request!",0,11.4.0,bugs_performance,negative,True,unknown,"Player reports a week-long outage that wiped their Diamond-level progress, 22,000 paid coins, and all power-ups with no response from support.",
9022025215,gb,Bonesey212,1,2022-08-27 08:06:24,Facebook’s app,"For days now all you get is the very first game. Still won’t load current progress. Too many damn adverts. Message said they’re trying to fix problem with Facebook, over a week now. Will be deleting game, it’s a shame because I like Angry Birds.",0,11.4.0,social_account,negative,True,unknown,"Player is planning to delete the game after a week of Facebook-related outage resetting progress, compounded by too many ads.",
9020950233,gb,ttasha83,2,2022-08-27 00:47:22,What is happening???,My game has completely gone and I’m not able to connect to Facebook can someone please let us know what is going on please because I’m using iPhone 11 and it’s not working but my husband’s is working fine on galaxy,0,11.4.0,social_account,negative,False,unknown,Player's game progress is gone and Facebook connection is broken on iPhone 11 while a family member's Android device works fine.,
9018556228,gb,gabriela iulia na,3,2022-08-26 10:50:32,Can’t connect,I can’t connect to Facebook “app not active”,0,11.4.0,social_account,negative,False,unknown,Player cannot connect to Facebook and receives an 'app not active' error message.,
9015431694,gb,Dottie00007,2,2022-08-25 13:42:51,FB Connection Lost?,When will we be able to connect Angry Birds with FaceBook please? Not been able to play it for a few days now. :(,0,11.4.0,social_account,negative,False,unknown,Player has been unable to link Angry Birds to Facebook for several days and is asking when it will be fixed.,
9015302889,gb,Country Dave 70,1,2022-08-25 13:00:40,Problems,"Not connecting to Facebook. Not working on my iPad or phone.
Get it fixed please.",0,11.4.0,social_account,negative,False,unknown,Game is not loading on either iPad or phone due to a Facebook connection failure and player demands a fix.,
9011061815,gb,DaveGalaxy,1,2022-08-24 07:20:53,Face book,"Game not loading due to a problem with face book, this isn’t the first time this has happened. Problem is that you can’t progress in the league you actually go down. Please sort this issue.",0,11.4.0,social_account,negative,False,unknown,"Recurring Facebook login failure is preventing play and causing league rank to drop, frustrating the player.",
9008916571,gb,chl03333,1,2022-08-23 15:33:51,wont connect to facebook,:(,0,11.4.0,social_account,negative,False,unknown,Player cannot connect to Facebook.,
9004787726,gb,paba2,2,2022-08-22 11:30:18,"Angry Birds, down hill","I'm afraid you have lost the plot of late. If it ain't broke don't fix it. There have been too many problems, changes that have made even staying connected difficult, never mind knowing exactly the duration of games. It's a pity, but I am starting to lose interest.",0,11.4.0,live_events,negative,True,unknown,Too many changes and connectivity problems are causing the player to lose interest.,
8978901408,gb,BobF871,2,2022-08-14 20:05:43,Angry Birds Friends,It is a great game but recently I have been having lots of problems with it as it keeps crashing abdvI am continuously losing points and rewards. I have to contiously have to redownload the game and this happens on all of my devices.,0,11.3.0,bugs_performance,negative,False,unknown,Frequent crashes are causing loss of points and rewards across multiple devices.,
8965803560,gb,opheliaa99,5,2022-08-10 22:41:40,Angry birds,"Heck yeah, gg like the game ive missed it",0,11.3.0,praise,positive,False,returning,Player is happy to be back and enjoying the game.,
8879470502,gb,hanky pizza,5,2022-07-16 10:45:36,Angry birds,Is awesome,0,11.3.0,praise,positive,False,unknown,Player finds the game awesome.,
8879322607,gb,I WANNA BE DEADPOOL!!!,5,2022-07-16 09:39:26,The Best. Will Always Remain the Best.,"This was the first Angry Birds game I’ve played and no matter what other Angry Birds game I play, this will remain the best. There are other really great ones like Angry Birds 2 and Bad Piggies but this one just makes it the best all the way. All I have to say really, just play this masterpiece.",0,11.3.0,praise,positive,False,unknown,Player considers this the best Angry Birds game and highly recommends it.,
8835725314,gb,oli jac joh cam,5,2022-07-03 09:08:46,Angry birds is the best,This game brings back so many childhood thoughts and it is so good and very original PS I love the music.,0,11.2.0,praise,positive,False,unknown,Player loves the nostalgic feel and originality of the game.,
8830120712,gb,Wendwhy,5,2022-07-01 17:00:56,Love it,Good fun and absorbing. Really loving it,0,11.2.0,praise,positive,False,unknown,Player finds the game fun and absorbing.,
8747446072,gb,a person who is on earth,5,2022-06-06 15:53:28,Angry bird friends review,"this game is really fun and is good to play whenever you’re bored.
ty for reading bye!😁😁",0,11.1.1,praise,positive,False,unknown,Player enjoys the game as a fun pastime.,
8746713809,gb,wagnudg,1,2022-06-06 11:41:12,"I dislike the new tournament system, and the bug which is never fixed.","I dislike the new tournament system, and the bug which is never fixed. 
The new tournament system basically is not ranked by the skill, but simply how many hours you played. The ticket recovers fully every 2 hours, but if you have a proper job or a proper student, you know you can't possibly sit in front of your tablet every two hours spend an hour to play the game.

Also, there is a bug which has been there for years since I started to play.
Quite frequently in the tournament, the screen won't react whatever I do, so I have to quit playing and restart the game.
It is annoying especially when in the new system gives you more points when you win in a row.",0,11.1.1,tournaments_fairness,negative,False,veteran,Player dislikes the new tournament system for rewarding time played over skill and is frustrated by a long-standing screen freeze bug.,
8740325319,gb,PeakyP,5,2022-06-04 13:40:39,.,Brilliant game.  I love Angry Birds.,0,11.1.1,praise,positive,False,unknown,Player loves the game.,
8729622895,gb,prats_Oman,5,2022-06-01 11:15:51,"Lost my history, coins and slings","FB got disconnected yesterday, today I managed to login. Unfortunately I lost all of my history achievements, my coins and sling shots. Pls advise",0,11.1.1,social_account,negative,False,unknown,"Facebook disconnect caused loss of all history, coins, and slingshots.",
8728947642,gb,garydwebb,1,2022-06-01 06:08:52,Impossible to log in,Now it is impossible to logging using Facebook. Refuses to do so on both my iPad and iPhone. Just blooming infuriating.,0,11.1.1,social_account,negative,False,unknown,Facebook login is broken on both iPad and iPhone.,
8728035428,gb,Eastlander1,1,2022-05-31 23:06:40,Facebook sync no longer works,Everything was going fine and then for some reason the app asked me to sign in with Facebook again. An error now comes up and I cannot login with Facebook so I’ve lost everything. Until I can login I can’t do anything.,0,11.1.1,social_account,negative,True,unknown,Facebook re-authentication fails and player has lost all progress as a result.,
8727709521,gb,Zetrepus,1,2022-05-31 20:31:20,Stopped working,"All of a sudden it’s lost my history and asked me to login again. When I try, I get an error message.",0,11.1.1,social_account,negative,False,unknown,App lost player history and login now returns an error.,
8721717275,gb,GannetGARFORTH,5,2022-05-30 01:28:28,Angry Birds,Awesome,0,11.1.1,praise,positive,False,unknown,Player finds the game awesome.,
8667612326,gb,Valjf23,4,2022-05-13 19:43:39,Great game,Enjoyable challenge,0,11.0.0,praise,positive,False,unknown,Player finds the game an enjoyable challenge.,
8626869207,gb,CHafayatYaUG,5,2022-05-01 19:42:09,Great game,I played this for an hour super amazing recommend 10/10 the best game ever,0,11.0.0,praise,positive,False,unknown,Player had a great first hour and highly recommends the game.,
8614116374,gb,Angry Bird Player Again,1,2022-04-28 07:57:47,"Freezing, Crashing and Blank Screen","This app has become too complicated. It crashes every time i play. Nothing wrong with my Ipad or internet connection. Crashes when loading rewards, freezes when watching ads to get rewards or just crashes out. Playing for a long time but not much longer.",0,11.0.0,bugs_performance,negative,True,veteran,"Frequent crashes, freezes, and blank screens during ad and reward loading are pushing a long-time player to quit.",
8609498932,gb,👊🤛🤟👌,5,2022-04-26 22:18:54,Angry birds,Good game,0,11.0.0,praise,positive,False,unknown,Player thinks the game is good.,
8608184292,gb,Superneato,1,2022-04-26 13:31:40,It’s been absolutely ruined,"My favourite part of this game used to be the Star Cup. I was never convinced I was actually playing against someone else in real time, but they did their best to suggest it. Recently they removed it for a few days and reinstated it with a new format, and suddenly it is literally impossible. I’ve seen examples of the “opponents” scoring 6,500,000 on a level with no more than 2,500,000 points available. You used to be able to play 18 games (3 lots of 6) before waiting for more “tickets”, but now you only get 12. This is an obvious ploy to get us to spend more on in-app purchases, but instead it’s driving me towards deleting an app that I usually play every day.",0,11.0.0,tournaments_fairness,negative,True,unknown,Player accuses Star Cup of impossible opponent scores and says the ticket reduction is a pay-to-win ploy.,
8594281334,gb,lolo lyn,5,2022-04-22 13:27:17,CL,Good entertainment,0,11.0.0,praise,positive,False,unknown,Player finds the game good entertainment.,
8594156902,gb,Dr love 22,1,2022-04-22 12:46:23,Game,Disappointed this game keeps starting me back from the beginning was on level 3334 or something like that now back to level one lost everything not happy!,0,11.0.0,bugs_performance,negative,False,unknown,"Game reset progress back to level one, losing all advancement.",
8562137444,gb,fyitvtuvddc6,5,2022-04-13 09:19:29,Glorious,This is one of the best Angry Birds games out there,0,10.12.1,praise,positive,False,unknown,Player considers this one of the best Angry Birds games.,
8552268199,gb,Mizenmast,1,2022-04-10 12:41:50,Ruined by adverts,This is essentially an entertaining and inventive game but it is a complete pain to play as games are constantly interrupted by adverts - which cannot be turned off.,0,10.12.1,ads,negative,False,unknown,Constant unskippable ads ruin an otherwise enjoyable game.,
8543560946,gb,rawnak9,5,2022-04-08 03:03:05,Rawnak Mir,আমার পছন্দের খেলা,0,10.12.1,praise,positive,False,unknown,Player briefly expresses that the game is their favourite.,
8540601966,gb,sophronites,2,2022-04-07 07:17:23,Crashes too often,Great fun but crashes 50% of time when showing video ads.,0,10.12.1,bugs_performance,negative,False,unknown,Game crashes roughly half the time when displaying video ads.,
8537386457,gb,Jackcresswell,5,2022-04-06 09:31:24,Game,It is Very Much Better,0,10.12.1,praise,positive,False,unknown,Player gives a brief positive endorsement of the game.,
8534592446,gb,brit80,1,2022-04-05 13:57:18,No access to update so cannot play,Have to update the app. Cannot as the link does not work. So cannot play at all.,0,10.12.1,bugs_performance,negative,True,unknown,Update link is broken so the player cannot access the game at all.,
8534188890,gb,Ccccaaaarrrr,3,2022-04-05 11:48:57,Angry,Struggling with updates !,0,10.12.1,bugs_performance,negative,False,unknown,Player is struggling with game updates.,
8533990797,gb,Walnet66,3,2022-04-05 10:37:04,Update,Will not allow me to update why?,0,10.12.1,bugs_performance,negative,False,unknown,Player cannot complete a required update and is blocked from playing.,
8533952426,gb,jhugar,1,2022-04-05 10:21:56,Fails to upload updates,Self sabotage from the endless loop of updates not loading.,0,10.12.1,bugs_performance,negative,False,unknown,Game is stuck in an endless update loop preventing play.,
8533921603,gb,Willow 345,4,2022-04-05 10:09:35,Have been playing game for years.,"Have been playing this game for years, just lately I’m having loads of issues with it. It won’t down load, takes me back to the very start of the game, even though I’m on diamond. I go back to wood..been playing this morning then it said update to continue.. so I tried updating, but it wouldn’t update.. so I went to the app which said it was open. So I rebooted my iPad but still kept saying update. Help!!!!",0,10.12.1,bugs_performance,negative,False,veteran,Long-time Diamond-tier player loses progress and cannot update the app.,
8533897648,gb,диляна стохорова,1,2022-04-05 09:59:47,Can’t update,"Can’t update without connecting to facebook,and i don’t use facebook.Such a shame!",0,10.12.1,social_account,negative,True,unknown,"Update requires Facebook login which the player refuses, blocking access entirely.",
8533884491,gb,dismayed999,1,2022-04-05 09:54:26,Rubbish,Just now forced to update it which I did but now it not working.  Want me update but not possible as I have already updated it. You guys really need to stop tinkering with this classic game.,0,10.12.1,bugs_performance,negative,False,unknown,"Forced update completed but game still won't work, trapping the player in a loop.",
8533848643,gb,KEZ9691,3,2022-04-05 09:39:42,What went wrong?!,"How annoying! Been playing this game for ages. All of a sudden it wants me to update & now it won’t work at all. Just keeps going round in circles even though I have signed in a million times. 
Maybe it’s time to bin it!",0,10.12.1,bugs_performance,negative,True,veteran,Long-time player hit by a broken update loop and hints at quitting the game.,
8511663196,gb,bellsy1946,1,2022-03-30 11:34:09,Lost everything,Finally got the app to work but I’m back at level one and lost all the credits I had built up.,0,10.12.1,bugs_performance,negative,False,unknown,"After getting the app working again, player found all progress and credits wiped.",
8511597669,gb,Jillwarnes,3,2022-03-30 11:13:00,What good fun,And a totally brill way to waste away some spare minute#,0,10.12.1,praise,positive,False,unknown,Player finds the game great fun and a good way to pass time.,
8511428915,gb,Somewhere in Wales,1,2022-03-30 10:13:51,Don’t know what’s happened,Can’t play now screen has been frozen for the last 3 days,0,10.12.1,bugs_performance,negative,False,unknown,Screen has been frozen and the game unplayable for three days.,
8510927307,gb,Uncleturf,1,2022-03-30 06:37:30,Won’t load now,Same as everyone else - last update killed it at 25% load screen. Won’t open,0,10.12.1,bugs_performance,negative,False,unknown,"Latest update breaks loading at 25%, preventing the game from opening.",
8509795108,gb,Dozf,1,2022-03-29 22:13:13,Daily fix,"Well you,ve totally messed up ABF with this new update! Graphics belong in 1960 it crashes it steals your power ups it crashes in the middle of games and its so slow you could make a coffee and it still has,nt loaded the next game! Its broken its rubbish and its a total rip off! Star cup is,nt another player its a computer and it gets ridiculously high scores that you,ll never beat... but you dont know that till the final score..... november 2019 Getting really naffed off with this game lost lots bought birds etc with the blessed adverts you,ll loose an avid player at this rate!!! Get your act together when you charge so much!! An ANGRY BIRD!! it's becoming very expensive... after the first log in it becomes really difficult to even match your first high score so you end up purchasing more coins... which are becoming ridiculously expensive! Plus when you receive a receipt there are no dates on the purchases?? On several occasions I,ve suspected being overcharged!! Get your act together!! You may just cure me of this addiction if you carry on!!!!!  Really clever angry birds... not only have you forced an update onto Facebook (which I,m not interested in) but it now won't download?!?! What have you done? 24 hrs on and I,m still not able to log in? I,m getting a message to say ""really? You don't want to save progress and get rewards"" The answer is NO I just want to log in and play at my own pace! Please sort it out! Finally got this update done BUT IVE LOST ALL MY GOLD CUPS ALL MY ADD ONS... JINGLE SLINGS ETC AND I,M BACK TO SQUARE ONE,!!!!!! Sooooo unfair!!",0,10.12.1,bugs_performance,negative,True,veteran,"Avid player reports the new update ruined graphics, causes crashes, steals power-ups, and lags, while also accusing Star Cup of using bots.",
8509448503,gb,Roland1904952,1,2022-03-29 19:31:10,Won’t load,"Since last update lost all my stuff and the game won’t load, seen so many recent reviews and seems the IT department just ignoring all this and not trying to fix the issue!",0,10.12.1,bugs_performance,negative,False,unknown,"Latest update wiped all progress and the game will no longer load, with no developer response.",
8509207182,gb,Caijac,4,2022-03-29 17:49:37,Frozen,Love it but why has it frozen?,0,10.12.1,bugs_performance,neutral,False,unknown,Player loves the game but asks why it has frozen.,
8508938255,gb,csaba a,2,2022-03-29 16:08:47,Question,"For 2 days is not working on my iPhone 11.
Why???!!!!",0,10.12.1,bugs_performance,negative,False,unknown,Game has been non-functional on iPhone 11 for two days.,
8508872264,gb,Dugs707,1,2022-03-29 15:45:36,Poor,Updated the app now it won’t load !!! Poor,0,10.12.1,bugs_performance,negative,False,unknown,App fails to load after a recent update.,
8506391521,gb,N4r5,1,2022-03-28 22:39:29,Doesn’t work since the update,Doesn’t work since the update,0,10.12.1,bugs_performance,negative,False,unknown,Game stopped working entirely after the latest update.,
8505590528,gb,Mujjer,1,2022-03-28 16:50:06,WONT LOAD!!!,"After latest update game won’t even load! Stuck on loading page, been over 4 days now, sort it out.
Forget Angry Birds, you’ve got Angry Players",0,10.12.1,bugs_performance,negative,False,unknown,Game stuck on loading screen for four days after the latest update.,
8504383725,gb,dog ji,2,2022-03-28 09:45:45,Angry birds friend,Game won’t load e last update,0,10.12.1,bugs_performance,negative,False,unknown,Game will not load since the last update.,
8504143441,gb,polqtr,1,2022-03-28 07:56:18,Not loading,"Love this game but will not load at all for a few days now, reinstalled but still no joy",0,10.12.1,bugs_performance,negative,False,unknown,Game has not loaded for several days even after reinstalling.,
8503969126,gb,Bozzeeeeee,1,2022-03-28 06:33:17,No……………….just no,"Updated dozens of times,written dozens of reviews… still no FB friends to be seen…. Unplayable….. and now after the latest update it won’t load… and i’m sure my friends won’t have appeared if I could get into the game.Why is it taking so long to sort seeing friends out? I don’t want to play against the computer…..",0,10.12.1,social_account,negative,True,veteran,"Long-time player cannot see Facebook friends, game now won't load after latest update, and player implies the game is unplayable.",
8503201298,gb,Biceptus,1,2022-03-28 00:39:55,Dan,"My favourite game ever . But latest download has now stopped working . It doesn’t load past the loading screen 
Sort it out for god sake !!!",0,10.12.1,bugs_performance,negative,False,unknown,Game no longer loads past the loading screen after the latest update.,
8502635236,gb,CeeCeeEBF,3,2022-03-27 20:17:31,Problem,Complete failure to load after latest update.,0,10.12.1,bugs_performance,negative,False,unknown,Complete loading failure following the latest update.,
8501997971,gb,Shiner Sm,5,2022-03-27 16:21:26,Can’t play,"Can’t play the game since the latest update! It will not load. 
Sort it out!",0,10.12.1,bugs_performance,negative,False,unknown,Game will not load at all since the latest update.,
8501967477,gb,EDarkness,1,2022-03-27 16:11:39,Well it was fun …,"Latest update will not open on my
iPhone. This means all the time I’ve put in on this game will be lost. The developers don’t seem interested so please accept this as a warning that maybe it won’t work for you",0,10.12.1,bugs_performance,negative,True,unknown,"Latest update prevents the game from opening on iPhone, with fear that progress will be lost.",
8501947878,gb,GrazieAppRev,1,2022-03-27 16:05:14,WARNING! This Tournament is mercilessly addictive . .,"Arrrghhh! Latest Update 25 March 2022, through Apple, will not load. Any ideas?",0,10.12.1,bugs_performance,negative,False,unknown,Game will not load after the 25 March 2022 Apple update.,
8501669556,gb,ladypoplou,2,2022-03-27 14:39:28,Won’t load anymore,Love this game and play most days  however for the last 3 days I’ve been unable to play it as I usually do on my iPhone X just won’t load at all it’s so frustrating,0,10.12.1,bugs_performance,negative,False,unknown,Game has been completely unplayable on iPhone X for three days due to loading failure.,
8501659575,gb,MCMLXIMCT,1,2022-03-27 14:36:20,NOT LOADING (signed in w/Apple),"It’s been 48 hours, simply refused to load!!! Tried restarting phone, deleting and re-installing app. Just won’t work with Apple signed-in. All my premium items gone???!!!",0,10.12.1,bugs_performance,negative,True,unknown,Game refuses to load for 48 hours with Apple sign-in and premium items appear lost.,
8501422578,gb,sortitoutnoworiquit,5,2022-03-27 13:24:15,What’s gone wrong,It won’t load since the update?,0,10.12.1,bugs_performance,negative,False,unknown,Game will not load since the latest update.,
8501409293,gb,BlueMonster007,3,2022-03-27 13:20:04,Latest update has broken the game,"When the works, it’s OK. But the latest update (26th March 22) has broken the game and it won’t load on a new iPad mini.",0,10.12.1,bugs_performance,negative,False,unknown,The 26 March 2022 update broke loading on a new iPad mini.,
8501123809,gb,Timm H,5,2022-03-27 11:46:15,Won't load,Stuck on loading screen. I've removed Facebook permissions and readded. Won't progress,0,10.12.1,bugs_performance,negative,False,unknown,Game is stuck on the loading screen even after removing and re-adding Facebook permissions.,
8501026818,gb,bobzock12,5,2022-03-27 11:11:14,Bobzock,Why won’t my phone load it up,0,10.12.1,bugs_performance,negative,False,unknown,Game will not load on player's phone.,
8500785098,gb,SurfySpud,1,2022-03-27 09:36:07,iPad issues,"No longer opens on iPad Pro 2021.
Loading progress bar gets to just under the letter “o” of “loading” and just sits there….",0,10.12.1,bugs_performance,negative,False,unknown,"Game no longer opens on iPad Pro 2021, freezing partway through the loading bar.",
8500686795,gb,Hate bubbles,5,2022-03-27 08:57:21,Angry birds 2,Game won’t load,0,10.12.1,bugs_performance,negative,False,unknown,Game will not load.,
8500413380,gb,Simon in Leeds,1,2022-03-27 07:04:18,Update has broken the game,Since the most recent update the game won't even load on a fully updated iPad Air 2.,0,10.12.1,bugs_performance,negative,False,unknown,Most recent update has broken loading on a fully updated iPad Air 2.,
8499314789,gb,fffffffffffffffffffffffddd,2,2022-03-26 23:20:00,Angry already,"Rovio please reply. I lost my account on Angry Birds 2 because you updated the game that often it wouldn’t work on my IPhone, so resorted to Angry Birds Friends and now that won’t play either. Please tell me this is a glitch. Over the years I’ve spent more than enough- either reimbursement is required or buy me a new iPhone. Everyone can read this, so let’s see your response please Rovio.",0,10.12.1,bugs_performance,negative,True,veteran,"Long-time spender lost their Angry Birds 2 account to updates and now Angry Birds Friends also refuses to load, demanding reimbursement from Rovio.",
8498994551,gb,Banjohalley50,1,2022-03-26 20:54:11,Awkward,I’ve downloaded this game twice and just can’t get it working on my new I phone 13 pro max?!,0,10.12.1,bugs_performance,negative,False,unknown,Game cannot be gotten working on a new iPhone 13 Pro Max after two download attempts.,
8498928547,gb,Singlemumof3,3,2022-03-26 20:26:07,Loading The app,There is a new issue where the game loads in but it freezes at 25% for a long time,0,10.12.1,bugs_performance,negative,False,unknown,Game freezes at 25% on the loading screen after a new issue appeared.,
8498831702,gb,Heftybawsack,1,2022-03-26 19:46:10,Won’t load after last update 🙄,"Getting increasingly difficult to play without paying. 
Very frequent time dependent adverts. 
Basically ruined.",0,10.12.1,bugs_performance,negative,True,unknown,Game won't load after the last update and is described as basically ruined by increasing pay-to-play pressure and frequent ads.,
8497894999,gb,KennyReady,1,2022-03-26 14:28:47,Won’t start,Downloaded and is forever on loading screen game doesn’t start will change review if game actually works,0,10.12.1,bugs_performance,negative,False,unknown,Game is stuck forever on the loading screen and has never started.,
8497881850,gb,Podge7,2,2022-03-26 14:24:55,Game won’t load,The game just started a new tournament but it won’t load. I’ve tried several times including shutting iPad down . Help!,0,10.12.1,bugs_performance,negative,False,unknown,Game will not load at the start of a new tournament despite multiple restart attempts.,
8497836705,gb,andrewiphonecrapynickname,3,2022-03-26 14:11:55,No longer loads,"A shame, please fix",0,10.12.1,bugs_performance,negative,False,unknown,Game no longer loads and player hopes it will be fixed.,
8496598327,gb,Woodfordfelines,5,2022-03-26 07:04:03,Help,Just tried to open game and it will not sorry can you sort as I love the game.,0,10.12.1,bugs_performance,negative,False,unknown,Game suddenly stopped opening despite the player loving it.,
8475473452,gb,Jonnyboy1959,1,2022-03-20 08:33:44,Removal of credit,Appalling behaviour from makers. Games makers removed thousands of my credits without warning. No help offered when requested. Avoid this game!,0,10.11.0,economy_rewards,negative,True,unknown,Developer removed thousands of credits without warning and offered no support when contacted.,
8469388005,gb,DixieXx,2,2022-03-18 16:48:23,Maybe,THIS IS SO FRUSTRATING I CAN'T DOWNLOAD IT. I have had it before as well Xx,0,10.11.0,bugs_performance,negative,False,returning,"Player is unable to download the game and finds it very frustrating, having had it before.",
8419951556,gb,Stenterman,4,2022-03-04 16:21:05,Levels made harder,"The game is very good, but the extras don’t work very good, earthquake, dose not work very well, in fact doesn’t work at all sometimes, forcing people to bye coins,to get a good score,apart from them who get them through cheats on the internet,because it is impossible to get a good score on a lot of levels with what your given.",0,10.11.0,tournaments_fairness,negative,False,unknown,"Power-ups like earthquake are unreliable, forcing coin spending while others exploit internet cheats for high scores.",
8418873612,gb,Kikis533,2,2022-03-04 10:18:52,Angry Player,"Played angry birds for years which I loved, what has happened? Why all the adverts now? It plays one for 30seconds then plays another for 5, free spins on the wheel you watch an advert then again plays another, it’s very annoying",0,10.11.0,ads,negative,False,veteran,"Excessive and repetitive ads, including back-to-back ads after free spin wheel, are very frustrating.",
8413772718,gb,Yvycyrc.,2,2022-03-02 21:32:32,Ok but ruined by ads,"The ads ruin the game. I get they have to keep pushing them to make money, but they literally crash the game (multiple times) making me lose progress and boosters. I’ll load the ad, then it doesn’t let you get out of it and basically freezes.The ‘X’ to close doesn’t work, but opening to download the app does... 

Nobody watches them anyway - and if anything it makes me never want to download whatever it is they’re pushing (not that I ever have).",0,10.11.0,ads,negative,False,unknown,"Ads crash the game, cause progress and booster loss, and the close button freezes making them unavoidable.",
8413167799,gb,CaptainClownRules,5,2022-03-02 17:02:44,Your mum,Mummy,0,10.11.0,other,neutral,False,unknown,Non-substantive one-word review with no meaningful feedback.,
8391704538,gb,christinabrowne,5,2022-02-24 15:27:00,My honest review,"I love your game so much and I hope you're going to make lots more amazing angry bird games 
Everyone should know more about this amazing 🤩 game 
I can not believe that you actually made this amazing 😻 game
Love       
  ?",0,10.10.2,praise,positive,False,unknown,Player expresses strong love for the game and hopes for more Angry Birds titles.,
8377978923,gb,mgyar2022,5,2022-02-20 18:16:47,Amazing game for all the family,This is an amazing game that anyone on the family can ply,0,10.10.2,praise,positive,False,unknown,Player calls it an amazing family-friendly game.,
8340879568,gb,Isaac Coombs,5,2022-02-10 17:24:24,A great game with great levels!,"In my opinion, angry birds friends is one of rovio’s games that are very similar to the original (not that the new games are bad or anything) and still has the same charm. If anyone here can’t get Apple Arcade for angry birds reloaded (like me), then I highly recommend angry birds friends as everything is similar to the original. The levels also feel like they were picked straight from the original game (they could be but hey, I don’t know) and have the same difficulty and range of characters. Overall, I highly recommend this game for anyone who is thinking to buy it!",0,10.10.2,praise,positive,False,unknown,Player highly recommends Angry Birds Friends as a great alternative to the original game.,
8308113165,gb,fshhhhh with no 👀,1,2022-02-01 18:48:32,Down Hill,"This game used to be so good.
All the family could play it but lately its gone downhill. Theyve reduced the damage that the birds can cause making it harder to finish a level.
There customer service used to be so polite and understanding yet now when you contact them all they do is insult you by calling you a liar.
Then fire lots of stupid stats at you to confuse you. They also don't like it if you save up your coins once you do that they start disappearing from your account.When you complain they tell you someone must have been on your phone while you wasn't  looking rather than admit fault on there part.such a shame that they now think they can continue without there loyal support which ironically is what got them where they are now.... absolute disgusting",0,10.10.1,bugs_performance,negative,True,veteran,"Long-time player reports coins disappearing from account, reduced bird damage, and dismissive customer service.",
8308057698,gb,Micky.75,1,2022-02-01 18:25:28,Lost all coins,After the last update I needed to login again in the Facebook account and I discovered I lost all my coins and they was around 23000. Why happened that? I want back all,0,10.10.1,social_account,negative,False,unknown,"Player lost around 23,000 coins after being forced to re-login to Facebook following an update.",
8307693616,gb,Dibdo8,1,2022-02-01 16:05:01,Won't open after latest update keeps telling me to update even though I have updated,?,0,10.10.0,bugs_performance,negative,False,unknown,Game won't open after latest update and keeps prompting for an update that has already been installed.,
8270219840,gb,bigboy65,5,2022-01-22 15:53:20,Great.,Love this game thank you,0,10.9.1,praise,positive,False,unknown,Short positive review expressing love for the game.,
8263268544,gb,Rapitillar,5,2022-01-20 19:52:04,Such an amazing game! ⭐️⭐️⭐️⭐️⭐️,"Wow! I’m having so much fun playing this phenomenal game! Best mobile game of the year #AngryBirds2022! 

Keep it up you guys!",0,10.9.1,praise,positive,False,unknown,Player enthusiastically praises the game as the best mobile game of 2022.,
8226764913,gb,z txextxugduhsgcys,4,2022-01-10 22:41:57,Monkey,Ok,0,10.9.0,other,neutral,False,unknown,Minimal one-word review offering no substantive feedback.,
8213686667,gb,ncknme?,1,2022-01-07 09:21:34,Game is ok but the inapp purchases don’t work,"Or rather they work, by double-charging for in-game currency and only giving you half. And good luck getting any help from Roxio or Apple, who both blame each other while they’ve already stolen your money.",0,10.9.0,monetization,negative,False,unknown,In-app purchases double-charge players and deliver only half the currency with no resolution from support.,
8203694325,gb,cb charlie buttery,5,2022-01-04 14:39:19,The game is fun,Bc its really distracting,0,10.9.0,praise,positive,False,unknown,Player enjoys the game because it is fun and distracting.,
8149400513,gb,jacklen,5,2021-12-20 07:29:05,Good fun,Great game love it,0,10.9.0,praise,positive,False,unknown,Short positive review expressing enjoyment of the game.,
8137129807,gb,Xxjemyxxpro,5,2021-12-16 18:51:59,AB angry birds,Your game is so fun I will play it everyday thank you for making it it’s my favourite game now,0,10.9.0,praise,positive,False,unknown,Player loves the game and plans to play it every day.,
8101928629,gb,Jamiegamer_rules,5,2021-12-06 16:23:53,I love this game,I like that you have abilities to get with the coins you have.I wish that the classic angry birds got put back on the App Store.,0,10.8.0,feature_request,positive,False,unknown,Player enjoys the coin-based abilities but wishes the classic Angry Birds were restored to the App Store.,
8099132752,gb,Baggins himself,1,2021-12-05 20:28:56,Can’t play offline!,Why does the game need the internet to play? I can’t play it in areas when I have no signal so it’s useless to me. Deleted.,0,10.8.0,ux_ui,negative,True,unknown,Player deleted the game because it requires an internet connection and cannot be played offline.,
8084828780,gb,dan.j.greenwood,1,2021-12-01 21:45:13,"Learn a skill, read a book, watch a film - just don’t waste your time on this.","It’s shocking, ads often.  I bought the original Angry Birds way-back-when.  My son has been playing this, but there’s too much of a cash grab to actually interest me.",0,10.8.0,ads,negative,True,veteran,Original Angry Birds buyer finds the game a cash-grab with shocking ad frequency and discourages others from playing.,
8067649371,gb,Paul uk user,3,2021-11-27 04:05:02,Not really a fan of rovio right now,"I remember playing good games from rovio which is:

ANGRY BIRDS CLASSIC
ANGRY BIRDS EPIC
ANGRY BIRDS FIGHT
ANGRY BIRDS GO!

I remember playing this game when I was younger, now that they got removed from the App Store I’m not really happy, it made me cry myself to sleep when I found out it was gone, I’m wondering if anyone else misses those games, if you could actually bring back those angry birds games, then I will grant you a nice tip of 0.99",0,10.8.0,feature_request,negative,False,returning,Player misses classic Rovio titles removed from the App Store and requests they be brought back.,
8016301919,gb,catalin11,4,2021-11-12 14:52:22,Friends play,"The game is perfect,but when actually will be available to play with my friends,real friends?",0,10.7.1,feature_request,positive,False,unknown,Player enjoys the game but wants a real-time mode to play with actual friends.,
7955055898,gb,cooll mannn,5,2021-10-26 08:28:59,Its amazing,Wow just wow I played this when I wAs younger and I still love it now,0,10.7.0,praise,positive,False,returning,Returning player loves the game as much as they did in childhood.,
7878047617,gb,Taximan1818,5,2021-10-04 19:35:05,👍👍👍,Luv i,0,10.6.6,praise,positive,False,unknown,Short positive review expressing love for the game.,
7853438733,gb,l.ogan on tik tok,5,2021-09-28 09:00:02,Angry Birds is drippy,Amazing game 100/100 get this game,0,10.5.0,praise,positive,False,unknown,Player gives the game a perfect rating and recommends it to others.,
7840951905,gb,manlikeLE4,5,2021-09-24 17:58:23,Thank You 😍,I struggle with my autism and using apps like this helped me so much,0,10.5.0,praise,positive,False,unknown,Player with autism finds the game genuinely helpful and therapeutic.,
7806618456,gb,Botaway,1,2021-09-14 22:00:14,No where near as angry birds 2.p,No where near as angry birds 2. However I can’t play AB2 because it doesn’t load on my iPad... why? And help!,0,10.5.0,bugs_performance,negative,False,unknown,Player frustrated that AB2 won't load on iPad and finds ABF inferior.,
7773470529,gb,Spodmodus,1,2021-09-05 10:24:13,Started to freeze all the time,"This is a top game but it now freezes on every other ad you play to gain power ups.

I guess this is to put you off trying to get power ups from ads and pay for them instead",0,10.4.0,bugs_performance,negative,False,unknown,"Game freezes on ad-based power-up videos, suspected to be intentional to push paid purchases.",
7759243184,gb,DIanaNTaylor,1,2021-09-01 15:05:56,Can’t sign into Facebook 🤬,Still can’t sign into Facebook 😢,0,10.4.0,social_account,negative,False,unknown,Player unable to sign into Facebook.,
7755509328,gb,Μπουγάτσα,4,2021-08-31 14:38:10,Good but it can be better,This is an awesome game and I love it but I think it needs a update with a new mode just keep the thinks that you create but do and something else,0,10.4.0,feature_request,positive,False,unknown,Enjoys the game but requests a new mode be added in an update.,
7739797244,gb,Alexander Georgiou,2,2021-08-27 08:59:23,BOTS,All the competitors are bots.,0,10.4.0,tournaments_fairness,negative,False,unknown,Player believes all tournament competitors are bots.,
7726346888,gb,Lucy hanson,5,2021-08-23 18:14:15,Very good game recommend,Fun fun fun,0,10.4.0,praise,positive,False,unknown,Brief enthusiastic recommendation of the game.,
7699640695,gb,Morpheus1479,5,2021-08-16 14:40:42,Such an amazing game!,you just gotta… FLYYYY LIKE AN EAGLE,0,10.4.0,praise,positive,False,unknown,Short positive exclamation of enjoyment.,
7685717272,gb,lanky47,4,2021-08-12 20:57:18,Angry Birds Seasons,When we first bought this game for 59p it was very  good and now  in 2021 everything is  not included in the game now you have to pay for everything it’s not so good now you don’t get anything for nothing now you have to pay pay payI don’t like the game anymore lying in someone’s pockets love have the days back when you could buy the game and then everything that’s included now it’s not so nice as when it first ever came out I loved it when it first come out Angry Birds it’s not Angry Birds anymore in my book get rich quick people while  you can few people wise up hate this game now always someone comes along and spoils it for everyone,0,10.4.0,monetization,negative,True,veteran,Long-time player upset that the game shifted from a paid one-time purchase to a pay-for-everything model.,
7595710158,gb,2):88:&2!:8-901's,5,2021-07-19 22:34:48,love it!!,"when i first downloaded this game (as it was a childhood fave of mine and hadn’t played in years) i was so pleasantly surprised and the amount of fun levels unlocking new birds along the way and how it has upgraded so much but still kept the traditional aim and values of the game including the characters. LOVE LOVE LOVE it! I can’t tell you how much i have enjoyed playing. and to prove this, when i first downloaded i played for 45 minutes no gap because i simply just couldn’t put the phone down. truly addictive but also truly fun. i’ve had no adverts whatsoever and so can enjoy my game in peace! a new fave of mine. i really really recommend this game and can’t understand why there are lots of poor reviews here.",0,10.3.2,praise,positive,False,returning,"Returning childhood fan thrilled with how the game has evolved while keeping its core feel, with no ads encountered.",
7579315809,gb,"""to app store""",5,2021-07-15 13:11:18,My Opinion On Angry Birds Friends,It’s A Awesome Game And I Always Get 3 Stars Every Level! Maybe. But I Still Think This Game Is Awesome!!!! ^^,0,10.3.2,praise,positive,False,unknown,Player finds the game awesome and consistently achieves three stars.,
7546496898,gb,juicydoubles,1,2021-07-06 18:14:35,Freezing and losing my winning streaks!,Game keeps freezing when I’m in the middle of a one on one battle and then it takes all my winning streak and tickets! So frustrating! What is the point… and the adverts are too long. 30seconds every time!,0,10.3.0,bugs_performance,negative,False,unknown,"Game freezes mid-battle causing loss of winning streaks and tickets, plus excessively long ads.",
7437797294,gb,My Commet,5,2021-06-07 16:11:35,It’s like the REAL Angry birds 2,This game is so similar to the classic angry birds if you want your nastolgic heart to pump like crazy play this!,0,10.2.0,praise,positive,False,unknown,Player recommends the game as the closest experience to classic Angry Birds.,
7424712119,gb,CubeReview🎥,5,2021-06-04 08:43:26,Angry birds™ Friends,"As we all know, the classic version of Angry birds ™ is now unable to play and AB friends is the closest we can get to AB classic

Review:
Good game, welcome to new players, addicting and fun!
Pros:
‘Fun game modes
‘Play with friends
‘Simple/easy to understand the game
‘New tournaments coming
‘All levels are unique
‘Not too much glitches
Cons:
‘Piggy tower feels boring
‘Tournaments starts to feel like a grind
‘Some bird coin deals (costing real money) are not worth it
Glitches:
Today I lost 2 birdquake power ups on nothing (the power up turned gray and nothing happened) what made it even worse I was on a shortage on birdquakes",0,10.2.0,economy_rewards,positive,False,unknown,"Balanced review praising gameplay variety but noting tournament grind, poor coin deal value, and a power-up bug.",
7323619407,gb,Croupmach,1,2021-05-11 01:34:11,Cant win without paying!,"It's impossible to get three stars now without using the extras...... ive played this game for ten years! But, all the ads, plus forced paid extras?

You'll got greedy, I quit",0,10.1.1,monetization,negative,True,veteran,Ten-year player quitting due to impossible-to-win levels without paid extras and overwhelming ads.,
7302465178,gb,cwc1899's,1,2021-05-05 21:25:11,Angry birds,...,0,10.1.0,other,neutral,False,unknown,Review contains no meaningful content.,
7302245484,gb,Chorsea83*,5,2021-05-05 20:04:07,Just love this game!,Absolutely love this game. I have played it for years! No matter what phone I have or if on the laptop/pc I have it there ready and waiting. It’s a great stress relief for me xx,0,10.1.0,praise,positive,False,veteran,Veteran player loves the game across multiple devices and uses it as stress relief.,
7301268307,gb,Reprobate dad,5,2021-05-05 14:44:39,Tops for childbirth,Brilliant game when in a maternity ward waiting for newborn to wake for next feed!,0,10.1.0,praise,positive,False,unknown,Player recommends the game as a great pastime during maternity ward waits.,
7282394441,gb,Angry Neet,3,2021-04-30 21:30:38,Angry at Angry Birds Friends,Too much detail on screen and everything is so small it’s becoming unplayable on iPhone.,0,10.0.1,ux_ui,negative,False,unknown,Screen is too cluttered and elements too small to play comfortably on iPhone.,
7251932868,gb,Hammersnut99,5,2021-04-22 18:42:35,Great game,This is very addictive game never bored with it new levels and difficulty makes this game but most days i cant play it coz it doesn’t load and im on ios,0,10.0.1,bugs_performance,positive,False,unknown,Loves the game's variety and difficulty but frequently can't play due to loading issues on iOS.,
7248675785,gb,joe mama 12344,1,2021-04-21 21:52:44,Wow.,This game promised one thing and one thing only. PvP with friend,0,10.0.0,feature_request,negative,True,unknown,Player downloaded the game solely for PvP with friends and found that promise unfulfilled.,
7248667128,gb,Ffjjsrjceybhgzfhvdtckfwu,1,2021-04-21 21:49:00,Where are the friends?,WHERE THE F&#$ IS THE PVP? I DID 10 LEVELS WAITING TO UNLOCK THE FRIENDS FEATURE AND IT DIDNT HAPPEN,0,10.0.0,feature_request,negative,True,new,Angry new player completed ten levels expecting a friends PvP feature that never appeared.,
7242994798,gb,Vmaxkiddy,1,2021-04-20 10:33:52,Update crash,"Another “update “ that’s made things worse. Game loading takes for ever, then it crashes.",0,10.0.0,bugs_performance,negative,False,unknown,Latest update caused excessively slow loading and crashes.,
7233823098,gb,GoldFranks10,5,2021-04-17 21:42:53,Game itself is good but...,"First of all, I think this game is pretty cool so far from what I’ve played. But there is one thing that I don’t understand and that is the fact that you just straight up deleted the original Angry Birds and Angry Birds Space. Please bring them back and I hope you read this. Thank you",0,10.0.0,feature_request,positive,False,unknown,Enjoys the game but requests Rovio restore the original Angry Birds and Angry Birds Space.,
7203805421,gb,proninjago,5,2021-04-09 22:42:37,My childhood game,This is the best game it was my first game I played when I was 4 I played it 6 years now I started from the age of 4 to 10 I still play it,0,10.0.0,praise,positive,False,veteran,Player's cherished childhood game played continuously since age four.,
7202740861,gb,Lady DMcB,1,2021-04-09 16:32:23,Bring back every single angry birds game,These new angry birds games are trash ngl they ruin my childhood and now you going down hill and still your not bringing the old games back. Angry birds blast is a horrible annoying dum game. Just bring the old ones back,0,10.0.0,feature_request,negative,True,unknown,Player upset about removal of classic Angry Birds titles and demands they be brought back.,
7195714656,gb,Doomed blunts,1,2021-04-07 21:04:48,Bird crash,"Run by robots who send pre filled email response 
which my 10 year old granddaughter could send.

Still waiting for my refund",0,10.0.0,bugs_performance,negative,False,unknown,Player is still waiting for a refund after a crash and received only an automated support response.,
7190776143,gb,Shedrool,1,2021-04-06 15:24:52,"Crash, crash, crash.",The new version has cost me around 8 Wingmen with additional power-ups by crashing before the end of the level. Infuriating,0,10.0.0,bugs_performance,negative,False,unknown,"New version crashes repeatedly before level completion, causing loss of Wingmen and power-ups.",
7189318366,gb,belamba,1,2021-04-06 06:45:25,Love this AB competition,"I have played this game since day one, and love it so much. So why the 1 star? Because Rovio have got so greedy I can no longer afford to play it. As it’s a competition against friends and strangers, you can only compete by having power-ups. The only bundle worth buying costs £75 (now increased to £99). That used to last me a couple of months, now it lasts just ‘two weeks’. Firstly there were  12 levels a week, this then increased to 18, then to 24 levels. Then a boom box was added, but the game was still affordable. Now, they’ve added extra power-ups to each level. To play this game and to be able to compete it’ll cost you around £150 a month! Even with friends gifting (Max 30 a day) it still requires a lot of money. And this during lockdown is even more of a kick in the teeth.

I’m so sad as I look forwards to this game three times a week, but will be uninstalled and I’ll go ‘cold turkey’!",0,9.10.0,monetization,negative,True,veteran,"Long-time player can no longer afford to compete as Rovio increased level count and power-up requirements, making the game prohibitively expensive.",
7135982792,gb,Nicksoeoneelsesname,1,2021-03-23 16:34:44,Update failure,"Updated and can no longer play the game......
Just an ( oooooops something went wrong ) ?????

Are you clever enough to sort this ? Eh ?",0,9.10.0,bugs_performance,negative,False,unknown,"Game is completely unplayable after an update, displaying only an error message.",
7120924069,gb,James or you,5,2021-03-19 17:16:04,Angry birds can't get it .,Why can't l get angry birds.they say l need to upgrade l been trying .and nothing happens l ask you for help and no one helping me can you help me please .,0,9.9.0,bugs_performance,negative,False,unknown,Player is unable to install or upgrade the game despite multiple attempts and no support response.,
7114928841,gb,196mmmm,1,2021-03-18 00:47:18,Latest update not compatible with my devices,Can't play any more as game is not compatible with my 5 year old iPad. Bye  Angry Bird Friends,0,9.9.0,bugs_performance,negative,True,unknown,"Latest update is incompatible with player's older iPad, forcing them to quit the game.",
7113127350,gb,johnboy119,1,2021-03-17 13:51:36,Disappointed,Been enjoying playing this game on my iPad and now new update tells me it's no longer compatible with my device.,0,9.9.0,bugs_performance,negative,False,unknown,"New update broke compatibility with the player's iPad, leaving them unable to play.",
7110782051,gb,Panda&Meerkat,5,2021-03-16 21:55:24,Angry birds,I enjoy playing angry birds it’s like the first game angry birds and Rio that I use to play when it first came out in 2010 but I can’t get the old games online anymore.,0,9.10.0,praise,positive,False,veteran,"Player enjoys the game and fondly recalls playing Angry Birds since 2010, but misses the old titles.",
7109937778,gb,littl car,5,2021-03-16 16:31:27,Super cool 😎,Great game soooo fun 🤩,0,9.10.0,praise,positive,False,unknown,Player finds the game super fun and cool.,
7106624324,gb,Badkneemark,1,2021-03-15 18:47:48,Game crashes out,Since the new update the game crashes out on head to head mode,0,9.10.0,bugs_performance,negative,False,unknown,Game crashes in head-to-head mode since the latest update.,
7102965838,gb,FF Howard,1,2021-03-14 18:36:06,Cannot play against “friends” since latest IOS update,Game crashes now when you attempt to play your 6 turns against “friends”.  Tried to contact App Support through the game but my ticket was wiped with no explanation.  Deleted the app then reinstalled but still the same issue.  Please fix,0,9.10.0,bugs_performance,negative,True,unknown,"Game crashes during friend battles after the iOS update, and a support ticket was deleted without explanation.",
7075901350,gb,NIKatTFL,2,2021-03-07 12:44:32,Disappointing.,"I thought this might be an improvement to 'AB2', but...
It's FAR inferior. The 'Friends' are not real People, Whom You might know (which is why I d/loaded it), but invented characters.

The Graphics are inferior to 'AB2', with lifeless Pigs & when it comes to aiming a Bird, You don't know where it's going to go, as the dotted trajectory aiming-line, is not permanently there, like in 'AB2' !!!

Then, We won't mention the out-of-reach Pigs, at the far right-hand side, some of which are in impregnable Brick Structures !!!

I'll probably be deleting this soon, as You only get 1 or 2 extras per Game, so You can't make progress, unless You PAY !!!  👎🏻",0,9.9.0,ux_ui,negative,True,new,New player finds the aiming mechanic inferior to AB2 and plans to delete the game due to poor controls and unreachable pigs.,
7075832196,gb,#horseppl123,5,2021-03-07 12:23:47,Great,It’s a wonderful game. Very addictive and very interesting. Thank you very much,0,9.9.0,praise,positive,False,unknown,Player finds the game wonderful and very addictive.,
7043553618,gb,leehealey 1984wythenshawe,5,2021-02-27 04:53:38,Get this game,Mint game,0,9.9.0,praise,positive,False,unknown,Player gives a brief positive endorsement of the game.,
7041292102,gb,yucko the clowm,5,2021-02-26 14:38:48,Angrey bird master game,Really good game I would play for a long time because of how good it is🤩🤩🤩 download it. It’s better than the other angry bird games.,0,9.9.0,praise,positive,False,unknown,Player enthusiastically recommends the game as better than other Angry Birds titles.,
6997505221,gb,Hetrogeneous,5,2021-02-15 13:58:03,GreatFun and not always as easy as it looks,Great way to ideal away those times when you are awaiting the next mindless event in your exsistence.,0,9.9.0,praise,positive,False,unknown,Player enjoys the game as a fun and sometimes challenging time-filler.,
6967561091,gb,RhyanKidd,1,2021-02-08 01:01:46,Pay 2 Win,"This game has the classic angry birds style gameplay but after playing over and over again i realised the levels were made to be harder and impossible to the point where “boosts” and “wingman” is the only thing that can finish the level, Some won’t see it but if you replay the levels you’ll see how brilliant thay hide it. Even going up against a bot in a 1v1 highest score win game the bot will sometimes have way more points, Rovio only cares about the money and not the fans",0,9.9.0,monetization,negative,False,unknown,Player accuses Rovio of designing levels to be impossible without paid boosts and claims 1v1 bots are rigged to score higher.,
6939623810,gb,Ronnie123p,5,2021-02-01 08:13:10,Not loading states that signal problem,Why is this always after you do a update it’s not loading,0,9.9.0,bugs_performance,negative,False,unknown,"Game fails to load after every update, which the player attributes to a signal or server problem.",
6881394414,gb,CyberGamer123,5,2021-01-17 16:12:56,Really fun game,A.B friends is a really fun game to play and I recommend u should play it,0,9.8.1,praise,positive,False,unknown,Player finds AB Friends really fun and recommends it.,
6877639374,gb,SWH68,2,2021-01-16 17:20:21,Can’t play with friends without Facebook,"Gameplay is excellent, but to be able to play against friends, you must sign in with Facebook.
There are many people, myself included, who don’t/won’t have a Facebook account. There are several other ways to link players (I’m signed into Apple game centre), so why discriminate against us?",0,9.8.1,social_account,negative,False,unknown,"Player is frustrated that competing against friends requires a Facebook account, excluding those using Apple Game Center.",
6856139778,gb,cdwattie,4,2021-01-11 06:53:36,It could be better,They need to fix the bugs not loading and so on and what about more coins for a tournament win rovio has got greedy just like the rest of them,0,9.8.0,economy_rewards,negative,False,unknown,"Player wants bugs fixed and more coins rewarded for tournament wins, criticising Rovio's greed.",
6829636137,gb,nick has been named,1,2021-01-04 11:16:40,Best ab game yet! :D,"So a lot of people are complaining about “bringing back 2012” or whatever, why? If the games are from 2012, there pretty darn obsolete at this point. Meanwhile, this game allows you to play with friends and compete with your Facebook friends! This is much better, who needs all of the old games, the games like angry birds match 3? The only reason why you would play those games are for memories or nostalgia, but now you can play a mindless candy crush clone with the angry bird characters slapped on for money!

Rovio is one of the worst companies there is, they used to actually care about making the best games to make the best memories, now they only care about getting money from kids.",0,9.8.0,monetization,negative,False,unknown,"Player criticises Rovio as money-driven, arguing the game is a shameless cash-grab unworthy of the Angry Birds name.",
6821435079,gb,Holly1minnie?,5,2021-01-02 09:15:19,Angry birds,Excellent game,0,9.8.0,praise,positive,False,unknown,Player gives a brief positive rating calling the game excellent.,
6814895348,gb,HorraPunk,3,2020-12-31 16:02:50,Please listen,It’s great but I miss the other angry birds you know the original ones the Star Wars ones the one with the racing cars I want them back I want them back to there round form I don’t want to level up birds I don’t want to collect them one by one and the bird humanoid and humanoid pigs don’t look aesthetically pleasing so please bring the originals back please,0,9.8.0,feature_request,negative,False,unknown,"Player misses the original classic Angry Birds games and requests their return, disliking the bird-levelling and new character designs.",
6762694328,gb,Grandoo,3,2020-12-17 10:54:36,Angry Birds update creates problems,"I have been playing this game since it’s early days and I’ve enjoyed it mostly, except when there have been updates and ‘improvements’. In the latest tournament, the display of power ups at the top left of the screen was obscuring some of the targets and I’m presuming some players complained, so the response was to put the power ups at the bottom of the screen instead. This was fine, until I started catching the powerups accidentally when making my shot, resulting in the waste of rather a lot which I usually use very selectively. I know you can’t please all the people all the time, but this is getting really annoying now.",0,9.8.0,ux_ui,negative,False,veteran,"Veteran player finds that moving power-ups to the bottom of the screen causes accidental activation during shots, wasting valuable items.",
6762254267,gb,iainsyoung,1,2020-12-17 07:56:37,Videos won’t work to get rewards,Videos won’t work to get rewards,0,9.8.0,ads,negative,False,unknown,"Ad videos fail to load, blocking players from earning rewards.",
6762233231,gb,Manutd1958,1,2020-12-17 07:47:56,Power up videos,New adverts just get OOPS SOMETHING WENT WRONG... so no power ups.  Sort it out load of rubbish,0,9.8.0,ads,negative,False,unknown,"New ads return an error, preventing players from receiving power-ups.",
6762122755,gb,3PPP01,1,2020-12-17 07:01:48,BewareRobbersOnTheProwl,"Why have Angry Birds moved the location of your buys, Bombs,Catapults,etc from the top of the screen to the bottom of the screen. The move now covers over the game and when you are playing the game you end up touching your bought items by mistake because they are too close to the starter catapult. Is this deliberate? For cost. Also the adverts are freezing when you click on the free items and unable to get the free items as it constantly comes up with “Something Went Wrong?” So you end up with nothing free.",0,9.8.0,ux_ui,negative,False,unknown,Power-up bar moved to bottom of screen causes accidental taps and ads also fail to load free items.,
6744492342,gb,sirmonts12,5,2020-12-12 09:20:42,It is like all the angry birds games in one and it is easy and not other complicated so far,👍 insane,0,9.7.2,praise,positive,False,new,Player finds the game fun and easy to pick up.,
6724808274,gb,Bobrgv135,5,2020-12-06 19:46:33,Love angry birds,I'm 80 years young and hooked on it but I would prefer more of the three comps per week love the colours so vibrant would prefer more bombs. I 5 stars don't do it justice I would rate it at 10 stars,0,9.7.2,praise,positive,False,unknown,80-year-old player loves the game and wants more tournaments and bombs.,
6724372506,gb,cute besty,4,2020-12-06 16:49:05,Bit tricky,This game is so tricky when you get to the daddy part!,0,9.7.2,progression_difficulty,neutral,False,unknown,Game becomes noticeably tricky at harder levels.,
6694584433,gb,Angelicancan,5,2020-11-28 08:55:31,Friends,Too many pop ups,0,9.7.0,ux_ui,negative,False,unknown,Too many pop-ups disrupting the experience.,
6692194553,gb,Mi3lpops,1,2020-11-27 16:57:01,More addssssssss please,"Nice update, more adds, that redirect you 50% of the time directly to the AppStore 👍",0,9.7.0,ads,negative,False,unknown,Update added more ads that redirect players to the App Store half the time.,
6673445296,gb,Nana T1942,5,2020-11-22 11:49:44,Just great fun,Good to while away the hours under Covid,0,9.6.0,praise,positive,False,unknown,Player finds the game great fun for passing time.,
6670288035,gb,Wiganpieeater,2,2020-11-21 14:41:05,My account,"Had to uninstall and reinstall the app. Keeps saying tournament unlocks at level 10 but I have been playing against friends for months. 
What has happened ??",0,9.6.0,social_account,negative,False,returning,"After reinstalling, game incorrectly shows tournament locked despite months of prior play.",
6625340317,gb,reetthefeet,5,2020-11-09 08:53:55,Not loading,I have been on angry birds friends for a while and this morning it’s a black screen which says loading but does nothing - i am so disappointed,0,9.6.0,bugs_performance,negative,False,veteran,Game shows a black loading screen and fails to start.,
6611093689,gb,Stubb!,2,2020-11-05 10:34:05,Connection,"Why when everything else works on my iPad do I keep getting told I have no WiFi connection to Angry Birds Friends, really very annoying.",0,9.6.0,bugs_performance,negative,False,unknown,Game repeatedly reports no Wi-Fi connection despite iPad being connected.,
6608559652,gb,Andreous (KGB),1,2020-11-04 15:41:04,Pay to win!,"The game has been ruined, what a shame.  Greed, greed, greed.",0,9.6.0,monetization,negative,True,unknown,Player says the game has been ruined by pay-to-win greed.,
6601734368,gb,AUSTRaKo,5,2020-11-02 16:40:49,BringBack2012,"Bring back Angry Birds Classic,Angry Birds Seasons,Angry Birds Rio, Angry Birds Star Wars,Angry Birds Star Wars 2,Angry Birds Stella,Angry Birds Space, Angry Birds Epic and the old Angry Birds Friends.",0,9.6.0,feature_request,negative,False,veteran,Player requests the return of classic Angry Birds titles and the old Friends experience.,
6593978185,gb,maysam abdiul,5,2020-10-31 14:40:59,Angry birds three,Bdhdhdhurh72888,0,9.6.0,other,neutral,False,unknown,Review contains only unintelligible text with no meaningful content.,
6587249434,gb,golden years 41,4,2020-10-29 17:42:17,Goldenyears41,"Have been playing this game for a couple of years , it has just started freezing , when playing against another player. Now it’s freezing at the first hurdle not even getting to the start line. 
What is going on , you call this game Angry Birds, the way I feel is in the name it’s self. Needs sorting immediately.
Cheers if anyone is at all listening.",0,9.6.0,bugs_performance,negative,False,veteran,"Game recently started freezing during multiplayer matches, making it unplayable.",
6516594683,gb,HueyQ,2,2020-10-09 11:30:44,Crash,"As with previous reviewer, it’s constant crashing now. It makes trying to play the game to keep moving up the tables. One bad crashing session and you give up. It’s getting more and more glitchy. Such a shame",0,9.5.1,bugs_performance,negative,True,unknown,Constant crashing ruins tournament progression and is getting worse over time.,
6474607676,gb,Costas24234,1,2020-09-27 16:08:58,Annoying updates,"Hi I used to like this game so much but when the new update was released it is so bad. It’s bad because i can’t play properly with my friend and levels were better before. Please read this developers and can you put the old version.
If not I will delete it.",0,9.4.0,bugs_performance,negative,True,unknown,"Recent update broke multiplayer functionality and worsened levels, player threatens to delete.",
6464452797,gb,olejnikster,1,2020-09-24 18:53:18,old sucky game,not worth the download,0,9.4.0,other,negative,True,unknown,Player dismisses the game as not worth downloading.,
6438980750,gb,allan7747,5,2020-09-17 16:59:10,Angry birds.....,Great fun for all,0,9.4.0,praise,positive,False,unknown,Brief positive review calling the game great fun for everyone.,
6436282229,gb,TBunny63,5,2020-09-16 21:44:26,My review,Didn’t intend to write a review (I accidentally tapped on the stars) but I suppose I have to now. I find this game really fun & good to play in spare time.,0,9.4.0,praise,positive,False,unknown,Player accidentally left a review but genuinely enjoys the game in spare time.,
6427331983,gb,cazer76,1,2020-09-14 06:28:55,DONT UPDATE!!!!! U lose the video free bees,"Great game love it until it automatically updated then you don’t get your free video goodies anymore. 
They have changed the whole add in shop so no more discounts on extra slings or booms TNT or free ones for watching a video 

Very disappointed money grabbing as you have to pay now 

Bring back the free video bonus",0,9.4.0,economy_rewards,negative,True,unknown,"Update removed free video rewards and power-up discounts, replaced with paid-only options.",
6418237722,gb,Heathersull,5,2020-09-11 14:44:22,Kool!,A rovio game w/ Facebook is good!,0,9.4.0,social_account,positive,False,unknown,Player appreciates the Rovio and Facebook integration.,
6405397829,gb,Magzy7,1,2020-09-07 18:40:22,Expensive.,"Very glitchy and more costly,not impressed at all.",0,9.4.0,bugs_performance,negative,False,unknown,"Game is glitchy and has become more expensive, leaving player unimpressed.",
6402637914,gb,Chanchito Blanco,1,2020-09-06 22:22:28,Just in it for the money.,So you’ve done away with the free power up if you watch an ad and now have to pay for everything. That me out.,0,9.4.0,economy_rewards,negative,True,unknown,Removal of free ad-based power-ups means player is quitting the game.,
6402471485,gb,rubber731,5,2020-09-06 21:03:50,Rubbish update,"Stop messing around with the game, I’ve played for years!! I hate this update 🤬🤬",0,9.4.0,ux_ui,negative,False,veteran,Long-time player is furious about a recent update that changed the game negatively.,
6396196196,gb,Mutz-Nutz73,1,2020-09-05 02:15:03,No advert freebees?,"Well it turns out that Rovio has decided to do away with their advertising free power ups! And now have changed that to a straight, you have to pay for those power ups! It was great whilst it was fun! But after the Covid crisis, I will not pay for power ups! So sadly I will be deleting this app! Greedy greedy Devs! 🤷‍♂️🤷‍♂️🤷‍♂️",0,9.4.0,ads,negative,True,unknown,Player is deleting the app after Rovio removed ad-based free power-ups and replaced them with paid ones.,
6359110001,gb,sherb from animalcrossing,5,2020-08-25 12:13:51,Great and kinda boring,There’s events happening in the app well it kinda good,0,9.3.2,live_events,neutral,False,unknown,Player finds the game decent but somewhat boring despite ongoing events.,
6349686949,gb,Moglee0001,1,2020-08-22 19:30:51,Rigged,"Upped the number of levels to 8 without increasing prizes, star cup is rigged, opponents getting ridiculously high scores, ads that redirect you to the App Store, it’s just a shambolic mess now.",0,9.3.2,tournaments_fairness,negative,False,unknown,"Player accuses Star Cup of being rigged, citing inflated opponent scores, poor prize scaling, and misleading ads.",
6344473812,gb,Nshawe,1,2020-08-21 10:34:35,Rip off,"Game fails to load and just freezes displaying a ‘loading’ message, the only way out is to totally close game, which loses all your credits. Zero customer support, so you don’t get any money or credits back. Do not download game as it’s a total rip off.",0,9.3.2,bugs_performance,negative,True,unknown,"Game repeatedly freezes on loading, causes loss of credits, and has no customer support.",
6318746100,gb,tigotamer,5,2020-08-14 14:55:33,Angry birds,"Absolutely amazing I love playing this game , I am amazed , Ethan age 12",0,9.2.2,praise,positive,False,new,A 12-year-old player expresses amazement and love for the game.,
6288494214,gb,Nolliemop,2,2020-08-06 22:53:25,ANGRY,We have just one day ago updated our internet and now the game won't load!!! I have been playing this for years and have never had this problem ahhhh!!,0,9.2.2,bugs_performance,negative,False,veteran,Long-time player frustrated that the game stopped loading after a router update.,
6288471234,gb,I Installed it,5,2020-08-06 22:43:16,Fun game,You get addicted to increase your high scores,0,9.2.2,praise,positive,False,unknown,Player enjoys chasing high scores and finds the game addictive.,
6223891147,gb,Riley_meyler,1,2020-07-21 12:44:50,The only good one,This is the only good angry birds game,0,9.0.0,praise,positive,False,unknown,Player considers this the only worthwhile Angry Birds title.,
6185792887,gb,gamer2736368172,4,2020-07-11 16:08:34,Developers please listen,"This is a very good game but can you bring back the older games like angry birds go and star war because they are different, good and have cool teleopods that I still have so plz bring them back",0,9.0.0,feature_request,neutral,False,unknown,Player enjoys the game but requests the return of older Angry Birds titles like Go and Star Wars.,
6178177736,gb,Lazluv83,2,2020-07-09 20:43:11,Lvl 60 doesn’t work,Level 60 in the tower is glitching and the switches don’t work so I can’t pass the level. Will be great once it’s fixed.,0,9.0.0,bugs_performance,negative,False,unknown,Level 60 of the tower is glitching with broken switches preventing progression.,
6095439921,gb,dounghnuts,5,2020-06-19 10:40:19,You are the best,Wow who made this game it’s brilliant!!!!!!,0,8.8.0,praise,positive,False,unknown,Player is enthusiastic and praises the game wholeheartedly.,
6093265792,gb,RickyRoo88,2,2020-06-18 21:33:37,Bring back the classics!,"Since you’ve decided to just ditch the classic games in the series (including Angry Birds Classic), I have decided to ditch all the current games in the series.  Bring back the classics please, Rovio!  I don’t CARE what the excuse is, you should always keep the originals available even if you are not going to add anything new.  You have also turned all the other games into money-grabbing machines, which is NOT cool.  Please bring back classic Angry Birds, Epic, Space, Rio, Star Wars etc and I will reinstall all the others as well.  I speak for other players too, not just myself.",0,8.8.0,monetization,negative,True,unknown,Player is uninstalling all current Angry Birds games in protest of classic titles being removed and remaining games becoming money-grabbing.,
6064222545,gb,Munna Özil,5,2020-06-11 19:46:12,Best game for kids,I am not kid but I enjoy this game every day,0,8.7.1,praise,positive,False,unknown,Adult player enjoys the game daily despite it being marketed toward kids.,
6054018734,gb,Jay So&so,5,2020-06-09 09:09:06,😂,I love(like) this game!,0,8.7.1,praise,positive,False,unknown,Player briefly expresses enjoyment of the game.,
6032993707,gb,Si'z,1,2020-06-04 06:43:29,Greedy!!!,I have played angry birds from the beginning and am very sad that the game has changed into a money grabbing exercise. Put it back to 1 power up or make the bonuses much better.,0,8.7.1,monetization,negative,False,veteran,Long-time player from the beginning upset that the game has become too money-focused with reduced bonuses.,
6031649314,gb,zxzxSAD,1,2020-06-03 22:17:53,Disappointed .,"I have been playing angry birds for over 7 years and really enjoyed it.  This latest update though has ruined it.  40000 of my coins disappeared and it keeps buffering when a new tournament begins. Such a shame
Now I just have a black screen. 
What is happening?
I have deleted the app and started from zero five times. After a few levels it just freezes
What do I do?",0,8.7.1,bugs_performance,negative,True,veteran,"Seven-year veteran has lost coins, faces constant freezes and black screens, and has reinstalled five times without resolution.",
6021279510,gb,crate lovers,5,2020-06-01 10:28:22,Dear Rovio,"I am writing to you because your app angry birds friends is the best app I have ever played ,so I hope you are planning another angry birds game to me. ;)

Love Aaron.",0,8.7.1,praise,positive,False,unknown,Player named Aaron writes to Rovio calling Angry Birds Friends the best app he has ever played.,
5990696928,gb,Mancitys,3,2020-05-25 06:09:52,Fantastic game,We love playing this game but it’s very slow going back to the catapult one you let one off and so annoying when your viewing close up and then it automatically goes full stretch ..... come on guys sort these kitty issues out,0,8.7.0,ux_ui,neutral,False,unknown,Player loves the game but is frustrated by slow slingshot reset and unwanted auto-zoom behaviour.,
5973604353,gb,THE MUTTSNUTTS,1,2020-05-21 07:39:30,Just ruined it,This was a great game but the developers greed has just totally ruined it 😤 what was wrong with only being able to use one power up per level? Oh guess it wasn’t making you enough money well you just lost a player that’s played it from day one I will be deleting the game you’ve taken the skill out of it and let anyone that’s willing to spend the most money triumph over the skill players ....there’s no skill in spending money on multiple power ups 🤬😤,0,8.7.0,monetization,negative,True,veteran,Day-one player is deleting the game after the multi-power-up change removed skill and handed advantage to big spenders.,
5970700234,gb,TheOriginalSparky,1,2020-05-20 15:30:05,Give me my money back!,"I’ve been sadly hooked on Angry Birds Friends since my girlfriend introduced it to me a couple of years ago. But it’s my guilty pleasure and so far, so good. But today (20th May 2020), they have done something so dumb, I never want to play again. They have allowed more than one use of the extra powers on each level, which is not in itself a problem, but at the same time, they’ve reduced the effectiveness of them! So for those fools like me that occasionally top up the coins and actually spend money on the thing, you have literally stolen half my money by making this change. I want it back please. In fact, I want ALL of it back, for being so f$%ing cheeky in the first place. Angry Birds? Angry Bloke here!",0,8.7.0,monetization,negative,True,returning,Paying player feels robbed after power-up effectiveness was halved alongside the multi-use change and wants a refund.,
5945595891,gb,BarnardBill,4,2020-05-14 20:46:28,Ab Fab,"I love this game and have done so for many a year. BUT, I am not enjoying the switch to a score screen between games. It feels slow and tedious and often causes the game to freeze (for me anyway). Keep it simple folks ... the old tab to the right (if you wanted) scores ... was fine! 
Yet still ... a classic!",0,8.7.0,ux_ui,neutral,False,veteran,Long-time fan enjoys the game but finds the new between-level score screen slow and freeze-prone compared to the old layout.,
5945462553,gb,MrBlack!,1,2020-05-14 19:55:32,What’s gone wrong 🙁,"This has been one of my favourite games for years, but for two weeks now it has become virtually unplayable. After every level it now crashes and needs resetting. It also erases the points earned each tournament. Gutted - please fix",0,8.7.0,bugs_performance,negative,False,veteran,Favourite game of years has become unplayable due to crashes after every level that also erase tournament points.,
5930645885,gb,LeedsOldLad,1,2020-05-11 07:36:09,"Apple Update, game not working","Can’t find a way to report this so leaving it as a review.
Apple have updated my Ipad & now Angry Birds Friends does not work.
Will change rating & review when corrected.",0,8.6.0,bugs_performance,negative,False,unknown,Game stopped working after an iOS update and player is awaiting a fix before revising their rating.,
5909938386,gb,hey hey for noddy,5,2020-05-06 11:42:47,Fantastic game,UP THE TOFFEES,0,8.6.0,praise,positive,False,unknown,Player gives a brief enthusiastic endorsement of the game.,
5904937714,gb,htyyhnytjut,5,2020-05-05 07:18:11,Brilliant game,If u love angry birds then download this app it is amazing,0,8.6.0,praise,positive,False,unknown,Player loves the game and enthusiastically recommends it.,
5903664697,gb,hdbdgsdjbddn,5,2020-05-04 23:54:17,Up the blues,Haven’t played the game in years I just support Everton an they sponsor Everton so I thought I’d drop em a review,0,8.6.0,praise,positive,False,unknown,Everton fan leaves a supportive review due to the club sponsorship.,
5901855181,gb,dbsofnekd,4,2020-05-04 13:52:53,AB Friends,"Love the game, just won’t let me connect to Facebook",0,8.6.0,social_account,neutral,False,unknown,Player enjoys the game but cannot connect to Facebook.,
5884018355,gb,DaveTobias,3,2020-04-30 13:50:20,Ooops level not found,"I’m stuck on this game as when I complete a level I get an ooops message and I have to close the app, not sure if it’s an update thing but I’m stuck on level 22",0,8.6.0,bugs_performance,negative,False,unknown,Player is stuck because completing a level triggers an error message forcing an app close.,
5870532802,gb,Monika_1978,1,2020-04-27 12:11:35,Not good now,Since the new update the tournament scores have disappeared and I have coins disappearing aswell.,0,8.6.0,bugs_performance,negative,False,unknown,New update caused tournament scores and coins to disappear.,
5870116341,gb,123dorothyjack,2,2020-04-27 09:56:16,Angry Birds Friends,"Am only wading through all this rubbish as for the last two games I’ve been top in friends and high up in the league and never received any points. That’s about 800 it’s done me out of. I deleted and started again. There’s no point in playing all week if the rewards are not given. If this doesn’t work I shall say goodbye , after 5 years of playing. Exceptionally disappointing",0,8.6.0,economy_rewards,negative,True,veteran,Five-year veteran threatens to quit after losing around 800 points worth of rewards twice with no resolution.,
5870069945,gb,Steve12862,1,2020-04-27 09:40:30,Angry birds friends,"I have been playing this game for a long time now and up until a couple of weeks I’m not happy with it , twice now when the tournament has finished and I get to collect my winnings I get nothing, sort this problem out otherwise it will be deleted",0,8.6.0,economy_rewards,negative,True,veteran,Long-time player threatens to delete the game after tournament winnings failed to be awarded twice.,
5861490101,gb,JLiam95,1,2020-04-25 10:39:17,Meh,"I thought  it was fun , then I realised this game is focusing on the online mode now , most of the time you need power ups to be able to upgrade the slingshot and birds , unless you pay (because daily rewards are poor and scarce) you have no chance in the tournaments , which offer the best rewards .",0,8.6.0,monetization,negative,False,unknown,Player feels the game is pay-to-win as daily rewards are too scarce to compete in tournaments without spending money.,
5821100998,gb,Acereddwarf,1,2020-04-16 18:42:46,Problem with latest version,Love Angry Birds and friends version. There is however a problem with the latest version. Normally activating wingman or another extra bird buys you the extra time to use it. I have now been cut off several times during a game before being able to sling the bird. Hence I have lost birds from my total number available without being able to improve my score.,0,8.5.0,bugs_performance,negative,False,unknown,"Activating a wingman or extra bird cuts the player off mid-game, causing birds to be lost without improving the score.",
5800040015,gb,dont like whores,1,2020-04-12 09:05:54,Lost scores,"After playing the tournament, I got to first place but the game kept freezing and I had to restart it.  i lost all my high scores and was reset to my last lowest scores. I had wasted all my time effort and mostly my super bird powers. I’m p**sed off and will be deleting this game.  I know you’ll be thinking ‘mehhh it’s only one player among thousands’ but this one player spent money on this app which I won’t be spending again",0,8.4.0,bugs_performance,negative,True,unknown,"Game freezes wiped a first-place tournament score and wasted paid power-ups, prompting the player to quit and stop spending.",
5799946965,gb,DJDW01,3,2020-04-12 08:36:32,Good game but,"This is one of the first games I ever played (on my dads phone) I remember the game being short and sweet, you started on one level and moved on to the second one.
However now is a completely different story, even the old bird noises when you fire them have been removed! (This was a highlight for me when playing)
I don’t like the whole floors idea and that you collect coins (spend up to £20) 
I also don’t like the stupid background music.
Thanks for reading, I hope this changes!",0,8.4.0,ux_ui,negative,False,returning,"Returning player dislikes the floors mechanic, coin system and music changes compared to the original simpler experience.",
5789960021,gb,b9pen,5,2020-04-10 08:26:32,Keeps freezing,"Oh no not again reloaded as below and been playing happily for about 6 weeks, now frozen again after you do tweaks to it - please leave well alone  I now have to start all,over again I will eventually give up on angry birds if this continues such a shame 

Since the updates the games keeps freezing - I was at diamond level but started again have now reloaded this game six times but after som many levels just freezes with the time cog wheel thingy just spinning - such a shame have been playing for years hope it gets sorted",0,8.4.0,bugs_performance,negative,True,veteran,Long-time veteran has reinstalled the game six times due to persistent freezing and warns they will eventually give up.,
5777084028,gb,🔼🔼🔽🔽◀️▶️◀️▶️ba,5,2020-04-07 18:34:47,Fun game,This game is a big tower destruction simulator with birds,0,8.4.0,praise,positive,False,unknown,Player briefly and positively describes the game as a fun tower-destruction simulator.,
5745250930,gb,Milohop,3,2020-04-01 10:15:16,Not happy bird,"I’m playing angry bird sling shot. It keeps freezing the game, twice I have had to reinstall it and it’s frozen again on level 102 😒 giving up now",0,8.4.0,bugs_performance,negative,True,unknown,Repeated freezing on level 102 has led the player to give up after reinstalling twice.,
5682730130,gb,Sabot dab,1,2020-03-19 15:53:25,Boring and useless,Absolutely a waste of time,0,8.3.0,other,negative,True,unknown,Player finds the game boring and a complete waste of time.,
5682285832,gb,Chopsueyvonne,2,2020-03-19 14:08:33,Crash!,Does the game have to crash at least twice a day just as I get an extra bird into action?  Please do something .......,0,8.3.0,bugs_performance,negative,False,unknown,"Game crashes at least twice a day, consistently happening when an extra bird is activated.",
5665308493,gb,Rimmy.22,4,2020-03-15 19:29:20,Annoying,Love this app but seems to be full of bugs just lately . Please fix ASAP. Can’t update and won’t let me play?,0,8.3.0,bugs_performance,negative,False,unknown,Player loves the app but reports recent bugs preventing updates and gameplay.,
5665095074,gb,kaeleahcortaneeygreen.com@,5,2020-03-15 18:17:27,Kaeleah green.com.gameing,I love this game,0,8.3.0,praise,positive,False,unknown,Player simply expresses love for the game.,
5654480171,gb,Falling Dan,2,2020-03-13 11:44:49,Game freeze,Guys! What do I find myself having to delete and download every single week!? The buffering is interminable and doesn’t ever clear meaning the above happens.,0,8.3.0,bugs_performance,negative,False,unknown,Persistent buffering forces the player to delete and reinstall the game every week.,
5633014309,gb,craze jimjam2078,5,2020-03-08 14:24:43,Is a great game,"I love this game it so much fun and is
Amazing",0,8.2.0,praise,positive,False,unknown,Player finds the game great and very enjoyable.,
5603126137,gb,DavyRD,1,2020-03-01 19:39:17,Reloading app to stop freeze wiped out my scoring history!,"This app seems to be becoming increasingly unstable and unreliable. After being stuck on the calculating scores screen for hours I had to delete and reload the app. I lost many months of scoring history, levels and rewards / purchased tokens. Not. Happy.",0,8.2.0,bugs_performance,negative,False,unknown,"App instability forced a reinstall that wiped months of scoring history, levels and purchased tokens.",
5583681044,gb,Mandy_uk,1,2020-02-26 15:54:57,Rubbish,"App keeps crashing 
IOS is up to date",0,8.1.0,bugs_performance,negative,False,unknown,App keeps crashing on an up-to-date iOS device.,
5537679808,gb,velocitupture,5,2020-02-16 05:27:33,Great game good customer consideration,"The game is the game. The customer consideration is fantastic. They poll opinions, pay out in game bonuses when there are server side issues by way of compensation and update the game regularly. Good work Rovio.",0,8.1.0,praise,positive,False,unknown,"Player praises Rovio for polling opinions, compensating for server issues and regular updates.",
5512981024,gb,jenipeni 123,5,2020-02-10 13:25:06,Great game,This game is cool and fun. The levels are challenging but it’s what makes it fun. Although I like it you might wanna turn of your Wi-fi while u play because you could end up spending money. Other than that I love this game. Hope people agree with me and hope you could get this game too. 🤗🤗🤗🤗,0,8.0.1,praise,positive,False,unknown,"Player enjoys the challenging levels and recommends the game, with a tip to disable Wi-Fi to avoid accidental purchases.",
5496641904,gb,sed654743,2,2020-02-06 20:11:51,Bored,"Sick of the adds now, take too long to finish.",0,8.0.1,ads,negative,False,unknown,Player is fed up with ads that take too long to finish.,
5473653414,gb,gggbgg ggg g,5,2020-02-01 08:26:20,Cc’d c,Fcdcc Ge,0,8.0.1,other,positive,False,unknown,Unintelligible text with no meaningful content.,
5473190921,gb,Potty5,3,2020-02-01 05:53:10,Angry birds friends,"This game is without a doubt fixed love playing it because I compete with friends,But they all say the same it's a real shame.I have lost 2 wingmen they never worked when I wanted them to so wasted them both .will I be compensated!,",0,8.0.1,bugs_performance,neutral,False,unknown,Player enjoys competing with friends but lost two wingman power-ups to bugs and wants compensation.,
5454178146,gb,chrisy Bee,1,2020-01-27 08:08:49,Vanishing stars,"I’ve played ABF since it was launched 
I will purchase coins but have noticed recently that I will play games gain full three stars only to find that those stars and points have vanished when re entering the game 
I have alerted support .. The first time they admitted fault and gave me three of each weapon .. Keep in mind that I  purchase 1470 bird coins at a time 
Last week after a month or so playing minus purchasing coins I decided to bite the bullet only for it to again wipe out points and stars after I’d purchased 1470 coins and used them for weapons in the games
This time I’m being told foolishness about my internet connection and speed 
This is terrible that they happily take your money but are reluctant to remedy the issue.",0,8.0.0,bugs_performance,negative,True,veteran,Long-time paying player reports stars and points repeatedly vanishing after purchases with inadequate support response.,
5451086327,gb,Timmy turnerrrrrrer,4,2020-01-26 13:01:39,Update needed,"Was a 5 star review until recent update. Game worked smoothly and was fun to play however, after the recent update the game crashes every time I try to open the app. This currently renders the game unplayable for me.",0,8.0.0,bugs_performance,neutral,False,unknown,"Game crashes on every launch after a recent update, making it completely unplayable.",
5442387200,gb,Zakynthossaint,1,2020-01-24 10:42:56,Crap,Had this for years but deleted because it's always crashing after playing 4 or 5 times. And as soon as an advertisement video comes on I know it will crash. Only started playing up when it was last changed. DONT FIX IF NOT BROKE,0,8.0.0,bugs_performance,negative,True,veteran,"Veteran player deleted the game due to persistent crashes, especially when ads play.",
5436045403,gb,MikeyMamah,5,2020-01-22 19:07:36,Happy 10 years Angry Birds,I grew up playing angry Birds  at 4 years,0,7.9.0,praise,positive,False,veteran,Player celebrates the game's 10-year milestone with a fond childhood memory.,
5398767958,gb,Happy Snidge,1,2020-01-13 14:14:10,To not make in game purchases/ buy extra credits,"Bugs in game mean when advert auto plays during cup game get kicked out back to iPad home screen. Achievements lost along with the credits used to buy extra game tickets and equipment. Rovio have suggested a long list of work around, none of which I can get to work on iPad.  T and c's confirm tough luck, no refund due.",0,7.9.0,bugs_performance,negative,True,unknown,Ad-triggered crashes during Star Cup cause lost progress and purchased credits with no refund from Rovio.,
5384873856,gb,Harmar658,2,2020-01-10 10:43:30,Upgrade,Keeps informing me upgrade required but won't do anything tells be to do it through Facebook log on but that doesn't work so nothing works I use it on iPad ver 9,0,6.0.6,social_account,negative,False,unknown,"Forced upgrade prompt loops without working, blocked by broken Facebook login on iPad.",
5367733545,gb,disappointed Solihulk,5,2020-01-06 09:50:54,Angry birds,Kids love it,0,7.8.1,praise,positive,False,unknown,Short positive review noting kids enjoy the game.,
5352566916,gb,esussexgal,1,2020-01-02 20:14:08,Updated on iPad and no longer loads,Just installed the new update on my iPad and the app now doesn’t load at all. So much for making improvements.....,0,7.8.1,bugs_performance,negative,False,unknown,New update causes the app to not load at all on iPad.,
5351077999,gb,Liebkucken,1,2020-01-02 12:13:00,Update,"After my last update ........experiencing slow and jerky bird speed very slow taking forever to switch from News pop up screen  of which there isn’t any news !! Back to the game.
All very infuriating and too many ads......",0,7.8.1,bugs_performance,negative,False,unknown,"Post-update performance is sluggish with slow bird speed, laggy UI transitions, and too many ads.",
5334342591,gb,BambooForrest,1,2019-12-29 11:10:26,Bug fixes,Lots of bug fixes to sort out!  Game suddenly terminates wasting all my bird coins and high score! Very frustrating!!!!!,0,7.8.1,bugs_performance,negative,False,unknown,"Sudden game crashes waste bird coins and high scores, causing significant frustration.",
5322091540,gb,Mystery joker,5,2019-12-26 13:30:57,The best game ever,It is the best game ever in the whole world,0,7.8.1,praise,positive,False,unknown,Enthusiastic five-star praise calling it the best game ever.,
5290943123,gb,A.rabeie,5,2019-12-19 10:10:28,Addictive game,I appreciate the developers of this game a very addictive game,0,7.8.1,praise,positive,False,unknown,Player praises developers for creating a highly addictive game.,
5281195307,gb,simonfreeserve,1,2019-12-16 22:23:18,Why,Why must I now play on a 4” phone when I used to play on a 27” Mac,0,7.7.0,ux_ui,negative,False,unknown,"Player frustrated that Mac support was removed, forcing play on a small phone screen.",
5280633872,gb,Shee100,1,2019-12-16 18:20:19,Where's the update?,"Unable to access game as it keeps telling me to update via App Store, but no update is available.",0,6.0.6,bugs_performance,negative,False,unknown,Game is inaccessible due to an update prompt that links to a non-existent App Store update.,
5276724040,gb,puresilk01,1,2019-12-15 17:33:51,Angry,"This is a new iPad, angry birds was transferred from my old I pad I lost all my old scores and profile picture.",0,7.7.0,social_account,negative,False,unknown,Transferring game to a new iPad caused loss of all scores and profile data.,
5275329363,gb,si brenn8,5,2019-12-15 10:05:37,Congrats on 10 years,"I used to play this game and loved it but for some reason I stopped playing for ages and I was just watching Angry birds movie 2 and thought I should play this game. And boy I was right, this is truly a classic game and I love it",0,7.7.0,praise,positive,False,returning,Returning player rediscovered the game and loves it as much as before.,
5275196344,gb,scoobysnax8,3,2019-12-15 09:20:20,Not enjoying the new version,I’m disappointed with the new version. It may look snazzy but it’s not so great to play especially Star Cup. The on screen scores in the game aren’t accurate so you think you’re beating your opponent only to find at the end of the game you’re not. So you don’t have the opportunity to consider using a power up to increase your chances of winning. Also the interface seems very slow compared to the old version,0,7.7.0,ux_ui,negative,False,unknown,New version's inaccurate in-game scores during Star Cup and slow interface disappoint the player.,
5272775719,gb,dytrdhtrcthrdhtrchtsd,2,2019-12-14 17:44:33,Torneio,"Lamento, mas este novo visual e método é saturante.

Cansa e faz perder o interesse. 

O visual está tão diminuído que mal vejo.

Sugiro que retomem o estilo anterior.

Cumprimentos e desculpem a franqueza. 

“Cross”",0,7.7.0,ux_ui,negative,False,unknown,"Player finds the new visual style tiring, hard to see, and urges a return to the previous design.",
5270980908,gb,dorbarrett,4,2019-12-14 08:42:44,Bird game,Good game,0,7.7.0,praise,positive,False,unknown,Brief positive review simply calling it a good game.,
5269110675,gb,Sexman690,5,2019-12-13 21:32:57,Buffer delay,Please sort out! If I select a power up it don’t load up! It’s getting annoying now! 😡,0,7.7.0,bugs_performance,negative,False,unknown,"Power-ups fail to load when selected, causing frustration during gameplay.",
5266629057,gb,moaningminny,3,2019-12-13 06:58:37,Update not for me,I love playing on my tablet but it will not take the new update as it not iOS 10 but it is still a good machine. Stop mending things that are not broke.,0,7.7.0,bugs_performance,neutral,False,unknown,"Older tablet cannot install the new update, locking the player out of current content.",
5255198148,gb,BaaBaaBing,2,2019-12-10 08:37:49,Shame,"I noticed, after the last update, that the number of birds has been reduced to the point,that, only those with money to burn can win. Ive been playing since the beginning, I have many first place wins under my belt. Now it seems only money can improve people’s skill, one used to be able to win with skill and accuracy alone perhaps with the odd 3.99 bundle. It’s a shame an era has come to an end😏🤷‍♂️",0,7.7.0,monetization,negative,False,veteran,"Long-time player feels the reduced bird count after the update makes winning impossible without spending heavily, killing skill-based play.",
5253321718,gb,Gleeson77,1,2019-12-09 19:09:46,Shame!!!,"I used to love this game and played every day I’ve even spent money on it, but after the last update and the change in graphics and the gameplay I’m afraid to say this game has gone so far downhill that I have deleted and I won’t be back.
You know what they say “ if it’s not broken, don’t fix it”.
Seeya",0,7.7.0,ux_ui,negative,True,veteran,Dedicated daily player deleted the game after the graphics and gameplay overhaul made it unenjoyable.,
5251478077,gb,bollix to this,2,2019-12-09 08:03:54,New version,"rubbish. Slow, unresponsive horrible graphics.Bring back the old version",0,7.7.0,bugs_performance,negative,False,unknown,"New version is slow, unresponsive, and has poor graphics compared to the old one.",
5244461515,gb,Flossie.50,4,2019-12-07 13:26:05,What have you done?,This is my all time favourite relaxation game but the latest upgrade with timed advertisements every time you want to replay is annoying.  The latest change means that some of these adverts spill over the action buttons.  I would much prefer two minutes of solid advertising each time I log in rather than what happens now.,0,7.7.0,ads,negative,False,unknown,"Timed ads interrupt gameplay and overlap action buttons, which is frustrating.",
5243423924,gb,Acmda,2,2019-12-07 08:24:38,Greed is overtaking the birds,This used to be my favourite game but now it is virtually impossible to achieve anything without paying out for power ups which are not cheap. Rovio NEVER respond to comments on their FB page and seem to ignore their many loyal players. It seems that Rovio are turning into greedy piggies!,0,7.7.0,monetization,negative,False,veteran,Game has become pay-to-win with expensive power-ups and Rovio ignoring loyal player feedback.,
5243243757,gb,neta69,1,2019-12-07 07:24:35,New update,"Why o why did you change it’s rubbish now loads of adverts &
All you want now is for us players to buy more and more extra birds please change the new format",0,7.7.0,ads,negative,False,unknown,Too many ads and pressure to buy extra birds in the new format.,
5237914382,gb,Cazzamarra,5,2019-12-05 22:53:40,Angry Birds Friends (NOT),"So angry with whoever's responsibile for updating this game so that it can only be played on newer iPads.  I can't afford a new one, so now I can't play this anymore, and if it wasn't a requirement to leaving feedback, I wouldn't have given this even one star.  So many people have enjoyed this game until now. I'm really angry, but I don't think that was what this game was meant to be about. Very disgusted...",0,6.0.6,bugs_performance,negative,True,unknown,"Update broke compatibility with older iPads, forcing player out of the game entirely.",
5236911640,gb,Nessie-Noo,1,2019-12-05 15:54:25,Latest Tournament,"Why the big ads for new games and no get out. Takes too long. Don’t mind little gaps, but this is annoting",0,7.7.0,ads,negative,False,unknown,Large unskippable ads for other games during tournaments take too long.,
5236134468,gb,-*_,1,2019-12-05 11:51:21,Glitchy,This update is rubbish. It has far too many glitches and throws me out in the middle of a game. Sort it out or go back to the old one!!!,0,7.7.0,bugs_performance,negative,False,unknown,Update introduced glitches that crash the game mid-play.,
5235807339,gb,Croc13,4,2019-12-05 10:09:32,Why did,"You change something that worked? 
This version is poor and after many years of playing I am seriously considering deleting and finding something else or maybe just use my time more productively. 🙄",0,7.7.0,ux_ui,negative,True,veteran,Long-time player considering quitting after the new version worsened the experience.,
5232539558,gb,jackson3309,1,2019-12-04 13:02:15,Con,"The update has turned this into an absolute joke of a game, competing against computer and not other competitors!!!",0,7.7.0,tournaments_fairness,negative,False,unknown,"Update replaced real competitors with bots, making tournaments feel dishonest.",
5231397091,gb,sikend jim,1,2019-12-04 06:37:20,Jim fletcher.,"You have spoiled a good game your graphics are poor and the game is impossible to win. The old game was much better.
The game is poor poor poor",0,7.6.1,ux_ui,negative,False,unknown,Poor graphics and impossible gameplay in the new version compared to the old.,
5229230875,gb,Maudbird,1,2019-12-03 15:46:13,Keeps crashing 🙁,"Don't get me wrong, I love Angry Birds and it's the only game I've played consistently for years. It keeps changing so it's challenging and fun. The new version does load more quickly, so that’s a plus. But the graphics aren’t as clear, or as pleasing. Not so curvy! Mainly though - I am unable to play on my iPad as it won’t update nor let me play without updating. I can play on my phone but prefer the bigger screen so it’s frustrating. Please sort this out, Angry Birds folk!",0,7.6.1,bugs_performance,negative,False,veteran,Veteran player frustrated that new update blocks iPad play and degrades visual quality.,
5222841864,gb,dinkansu,2,2019-12-01 23:01:30,Tornement,Not liking new version at all where’s coins u earn can’t buy anything boring,0,7.6.1,economy_rewards,negative,False,unknown,Player can't find or spend earned coins in the new version.,
5220543882,gb,colz2,3,2019-12-01 10:23:56,Friends Updated slow restarts,"This recent update has slowed down the restart. So, now when you want to restart it takes sometimes 5 or more seconds before returning to the level. This makes for a less enjoyable experience.",0,7.6.1,bugs_performance,negative,False,unknown,Recent update introduced a frustrating multi-second delay when restarting levels.,
5219253527,gb,macacj12,1,2019-12-01 03:09:12,Won’t update app,After constantly telling me to update the app when I tried it fails to update,0,7.6.1,bugs_performance,negative,False,unknown,"App update repeatedly fails to install, making the game unplayable.",
5217987501,gb,top 70 %,4,2019-11-30 19:17:52,The updated game,"Hi there I love playing Angry Birds. Thank you for the new format really enjoying playing 
Well done 👍🏻",0,7.6.1,praise,positive,False,unknown,Player is enjoying the new format and praises the update.,
5217016973,gb,Dawnwarry,3,2019-11-30 14:30:24,New Friends,Not liking the new format - all seems to have shrunk?  Not sure about the scoring and length of play either.,0,7.6.1,ux_ui,neutral,False,unknown,New format feels smaller and scoring and play length changes are uncertain.,
5217008179,gb,Daisyevela,1,2019-11-30 14:27:57,Slow and deleted my old account,Terrible update and no reply to customer email many times,0,7.6.1,social_account,negative,False,unknown,Update deleted old account and customer support has not responded to multiple emails.,
5216453149,gb,hightydbu,1,2019-11-30 11:56:24,Not loading,Why isn’t it loading when I want to play it use to but not anymore,0,7.6.1,bugs_performance,negative,False,unknown,Game no longer loads when attempting to play.,
5215904202,gb,MargyD,2,2019-11-30 09:23:06,Bring back the old,I prefer AB friends with the old graphics this just looks cheap and nasty,0,7.6.1,ux_ui,negative,False,unknown,New graphics look cheap compared to the preferred old visual style.,
5215735412,gb,Tim42bish,1,2019-11-30 08:38:43,Changes,New changes are rubbish,0,7.6.1,ux_ui,negative,False,unknown,Player dislikes all the recent changes with no specifics given.,
5215313350,gb,Mammy Pat,5,2019-11-30 06:34:19,So so sad,Been playing Angry Birds for years and hope they never end. Sadly since you revamped the look I never get the rewards at the start of a new game. So disappointing!!!! I only play Friends now and uses to so look forward to Mondays and Thursdays and Saturdays but without any rewards the fun has gone,0,7.6.1,economy_rewards,negative,False,veteran,"Revamp broke the start-of-game rewards, removing the main motivation to keep playing.",
5213412591,gb,Jen74a,3,2019-11-29 20:06:26,Not good!,Why did you mess with it? Should’ve left it as it was. New graphics look amateur,0,7.6.1,ux_ui,negative,False,unknown,New graphics look amateur and player wishes the game had been left unchanged.,
5212344982,gb,Col.W.E.Kurtz,1,2019-11-29 14:29:12,I'm stuck in a cycle of update!,"I have installed the game and now want to play it, however when I start the game it says I need to update it. So I press update, it takes me to the App Store where it says, play, not update. I press play and back I go to, update the game please. 
I'm going to delete this software because it's boring me. Good luck if you download this game. Have a Merry Christmas. X",0,6.0.6,bugs_performance,negative,True,unknown,Stuck in an endless update loop and planning to delete the game.,
5212143633,gb,SplodgeDotOrg,1,2019-11-29 13:31:10,Used to be good,"I loved this game before the update, played it every day for years. Now everything is tiny, for no apparent reason, plus there’s an artificial delay between retries so you’re forced to look at an ad for one of their (many) terrible games.

If it aint broke, don’t ‘fix’ it.",0,7.6.1,ads,negative,False,veteran,"Update shrank the UI and added forced ad delays between retries, ruining the experience.",
5211522100,gb,dizlizbiz,4,2019-11-29 10:26:32,Don’t like upgrade!,"I really enjoy Angry Birds, but have to admit don’t like new upgrade ! Preferred the old one , and at the end of the tournaments when you got your scores it was better than this new one . Shame some things should be left as they were",0,7.6.1,ux_ui,negative,False,unknown,Player enjoys the game but prefers the old tournament results screen and overall format.,
5210767883,gb,Atilla the Hun (no relation),2,2019-11-29 06:14:03,<heavy sigh>,"I’ve been playing AB from the early days but this update could be the one that marks the beginning of the end for me. It’s slower, the graphics have been dumbed down, the zoom has a mind of its own and where there is information on the screen it’s got smaller and the capering distractions around it have got bigger. 
Not a fan for much longer at this rate.",0,7.6.1,ux_ui,negative,True,veteran,"Long-time player frustrated by slower performance, dumbed-down graphics and poor UI changes in latest update.",
5208345353,gb,RedGirl6,4,2019-11-28 15:51:14,Better,Hmmmm....,0,7.6.1,other,neutral,False,unknown,Vague positive review with no substantive feedback.,
5208263065,gb,eBay is my friend lol,1,2019-11-28 15:25:51,Total crap,"This new “update” is ruining the game for everybody! Very, very ,very slow and prone to crashing.  If there was a ZERO Star award then I would have given that instead of a 1!",0,7.6.1,bugs_performance,negative,False,unknown,New update has made the game very slow and crash-prone.,
5208122666,gb,Nannygreg,1,2019-11-28 14:41:26,Rubbish!,"Along with many other reviews your app is now rubbish, in too many ways to write about. Probably won’t bother any more.",0,7.6.1,ux_ui,negative,True,unknown,Player finds the app ruined by the update and may stop playing.,
5207306938,gb,Lesley Rodda,1,2019-11-28 10:33:18,New look Angry Birds,I don’t like the new look angry birds,0,7.6.1,ux_ui,negative,False,unknown,Player dislikes the new visual look of the updated game.,
5207273409,gb,Kitty 13131313,1,2019-11-28 10:22:56,Awful!,The worst up-date ever. Spoilt a totally fun game! Just go back to how it was - now!!,0,7.6.1,ux_ui,negative,False,unknown,Player considers the latest update the worst ever and wants a rollback.,
5206879735,gb,dunnchad,1,2019-11-28 07:56:04,Rubbish,Spoilt really great game with greed,0,7.6.1,monetization,negative,False,unknown,Player feels greed has ruined what was a great game.,
5206567090,gb,alisharose134,2,2019-11-28 05:55:23,CRAP UPDATE,Get rid of the new update!! It’s awful!,0,7.6.1,ux_ui,negative,False,unknown,Player strongly dislikes the new update and wants it removed.,
5206507179,gb,hxpq,5,2019-11-28 05:31:34,Hit & miss,"The game was fun before update now it is slow to react, when I press to add a bomb etc it takes it but doesn’t always add it so I lose it and when playing against an opponent their score doesn’t always register until the end so have no idea if I am winning or losing.",0,7.6.1,bugs_performance,negative,False,unknown,"Post-update the game is slow to react, power-ups disappear without effect and opponent scores fail to display.",
5204828009,gb,Matt.hutch,1,2019-11-27 19:07:26,Bloody awful update,"Re update Nov 2019

Absolutely dreadful UI, please  roll back and fire the design team. It was perfect before now it’s crap, totes",0,7.6.1,ux_ui,negative,False,unknown,Player calls the November 2019 UI redesign dreadful and demands a rollback.,
5204574256,gb,Amorphia13,1,2019-11-27 17:35:13,Zero Star Update,"If I could give this new update zero stars I would. The latest update is terrible in every respect. The graphics look outdated and child-like, if you’re playing on a smaller screen it’s hard to read the new text being used and the game is so laggy. AND now even when I use powers I can barely get into the top 10 whereas before it was never a problem for me. Is the game now fixed against us? Roll us all back to the previous version! It was perfect!",0,7.6.1,ux_ui,negative,False,unknown,"Update delivers outdated graphics, hard-to-read text, lag and seemingly rigged scoring even with power-ups.",
5204028094,gb,Lonicera 2,4,2019-11-27 14:33:33,Really good game,"This is still a very good game, but since the latest update it sometimes seems slow and clunky.  When playing the Star Cup the opponent’s score is frequently not displayed, therefore one has no idea of the game position.",0,7.6.1,bugs_performance,neutral,False,unknown,Game is still enjoyable but post-update slowness and missing opponent scores in Star Cup are frustrating.,
5202690593,gb,Ultraplex,1,2019-11-27 07:58:17,Hate the update,Why such a big change when the game has been so good for years??? Hate the new version.,0,6.0.4,ux_ui,negative,False,veteran,Long-time player hates the major changes introduced by the latest update.,
5202640238,gb,Prafster,1,2019-11-27 07:41:09,No longer works on iPad mini,"A recent update requires iOS 10. The original iPad mini goes up to iOS 9.x.

Was it really necessary to use APIs in iOS 10 or just developer laziness?!",0,7.6.1,bugs_performance,negative,True,unknown,"Recent update broke compatibility with iPad mini running iOS 9, making the game unplayable.",
5201019749,gb,Dab2899,5,2019-11-26 21:29:36,Angry Birds Friends updated app Nov 2019,The new is great but I am suffering serious lagging when playing this game on my iPad Air.  Please address this as it is ruining my experience!!!!!!,0,7.6.1,bugs_performance,negative,False,unknown,Player likes the new update content but is experiencing serious lag on iPad Air.,
5200936753,gb,Dimbulbegg,1,2019-11-26 20:57:20,Rubbish,So glad I never reviewed this before. Used to love it. Now it's been effectively 'upgraded' it is awful. Always thought rovio's business model was atrocious and just been confirmed. Well done rovio! Another lost subscriber!,0,7.6.1,monetization,negative,True,veteran,Former fan says the upgrade has ruined the game and criticises Rovio's exploitative business model.,
5200702127,gb,Word game..pro,1,2019-11-26 19:31:13,Will not update,"Been playing this for about 6 months now and have had problems with the adverts crashing my iPad constantly however enjoy the game so put up with this.
It seems if you don't make in app purchases you there is no real chance of enjoying the game.
I think I will delete!",0,6.0.4,monetization,negative,True,returning,Six-month player frustrated by ad crashes and pay-to-win feel is considering deleting the game.,
5200346213,gb,Maysafan,5,2019-11-26 17:19:34,New angry birds friends Nov 2019,Very disappointed! My iPad mini cannot update to iOS10 but I am quite happy to continue using the older version of abf. However when the app loads an upload screen blocks the game! I can find no way past it. I have deleted the app and when reloaded was offered the option of using the old version but when I tried I was still blocked. Not happy! Is there a way round it?,0,6.0.6,bugs_performance,negative,False,unknown,iPad mini user on iOS 9 is completely blocked by an update screen with no workaround available.,
5199959249,gb,Sues tigger,2,2019-11-26 15:01:04,Mrs,"Love this game however cannot get on , it keeps asking for an update but does not allow me to do it",0,6.0.6,bugs_performance,negative,False,unknown,Player loves the game but cannot access it due to a broken update prompt.,
5199042324,gb,PompeyRuss,1,2019-11-26 10:16:40,Why??,Great game before the update. Total dog poop since the update.,0,7.6.1,ux_ui,negative,False,unknown,Player says the game was great before the update but is now terrible.,
5198946801,gb,Huddsfield,4,2019-11-26 09:42:26,Could be better,"It's  good game spoilt for me by the news flashes that interrupt a game, most recently 9 times in one attempt at a game, and always when I was heading for a good score!
Later comment-
Struggling to keep at diamond level with an Ipad2. After using a power-up and watching video/advert for free power-up I often get a white screen, or the program aborts!
After a period running smoothly I am now shut out completely by program telling me to update and then when I click open it takes me back to the update page. A complete loop! If it doesn't change - Bye Bye Angry Birds!",0,6.0.6,bugs_performance,negative,True,veteran,Frequent mid-game news interruptions and post-ad white screens are pushing a diamond-level player towards quitting.,
5198732836,gb,Butterfly1318,1,2019-11-26 08:22:06,Ronnie,Hi to whom it may concern you are updating all these apps but your doing it so people need to keep upgrading there devices nut people just haven't got the money all the while so therefore I'm taking this game off mine as it will not work because my software isn't high enough so just keep doing this & you'll loose even more people,0,7.6.1,bugs_performance,negative,True,unknown,Player is removing the game because the update requires a software version their device cannot support.,
5198464234,gb,Taratyson,4,2019-11-26 06:34:26,Game won't load.,"Love the game but it won't load keeps coming up with update, when I try and update just takes me to App Store then nothing.",0,6.0.6,bugs_performance,negative,False,unknown,"Player loves the game but it fails to load, looping between the app and the App Store update page.",
5197375392,gb,Giantbigfat,1,2019-11-25 23:32:54,Latest update is crap,"The latest update done today is crap, it just doesn’t look right at all if you are not a child.",0,7.6.1,ux_ui,negative,False,unknown,Player finds the latest update's visual style too childish and unappealing.,
5197323493,gb,Manc232,2,2019-11-25 23:12:29,Jams on buffering!,"Have played this for a long while because the tournaments are fun, only problem is it keeps buffering, intermittently but very regularly, so the segment can’t be played! Especially with the latest update, I have to switch my phone off and on again! Please sort this bug out! It doesn’t happen on other Angry Birds game!",0,7.6.1,bugs_performance,negative,False,returning,Regular player enjoys tournaments but constant buffering and freezes since the latest update require phone restarts.,
5196673261,gb,Blue Dave,1,2019-11-25 18:42:53,I do not have a Facebook account!,So that is me kicked out of AB Friends because I don't have a FB account! Cannot upgrade even though I am clicking the button that should allow me to upgrade and lose my progress. Click the 'Open' button on the app page and it just takes me back to 'Upgrade' options!,0,6.0.6,social_account,negative,True,unknown,Player cannot access the game without a Facebook account and is locked out of upgrading.,
5195932700,gb,Wmtrevor,1,2019-11-25 14:33:33,Love this game.,"There is a saying “if it isn’t broke don’t fix it” well it wasn’t broken but it certainly is now. The fonts are difficult to distinguish, it takes ages to load when you press the level reset. Please get it sorted then I can go back to giving it 5 stars.",0,7.6.1,bugs_performance,negative,False,unknown,Post-update fonts are hard to read and level reloading is very slow.,
5195777714,gb,Ripped off123,5,2019-11-25 13:44:14,Don’t fix it if it ain’t broke!,New update is awful. Very slow to reload a level and Iast game l lost all completed levels and had redo as game would not reload. Far from impressed. May leave after playing for over 3 years if things do not improve.,0,7.6.1,bugs_performance,negative,True,veteran,Veteran player threatens to quit after update caused slow reloads and lost completed levels.,
5195245611,gb,Norcatty,1,2019-11-25 11:07:08,New update,"Free boosts don't work"" oops something went wrong"" yup, the app! Also keeps closing",0,7.6.1,bugs_performance,negative,False,unknown,Free boosts trigger errors and the app keeps crashing after the latest update.,
5194838624,gb,Nozg,2,2019-11-25 08:43:49,Friends Update,Since update program sticky and slow. Not impressed.,0,7.6.1,bugs_performance,negative,False,unknown,Game became sticky and slow after the recent update.,
5193527411,gb,Dez8807,3,2019-11-25 00:10:10,The old one,The old one was much better please bring it back I don’t think I’ll be playing this one for much longer but nothing will bring it back,0,7.6.1,ux_ui,negative,True,unknown,Player prefers the old version and hints they will stop playing the new one.,
5192266305,gb,Dayo 51,5,2019-11-24 16:52:55,Angry birds,"Brilliant game just can't stop playing it got to beat  my friends 
Thanks better that watching TV",0,7.6.1,praise,positive,False,unknown,Player loves the game and is driven by competing with friends.,
5191917116,gb,Pkz100,2,2019-11-24 15:07:16,Update,Ruined,0,7.6.1,ux_ui,negative,False,unknown,Player feels the update has ruined the game.,
5190638117,gb,springet,2,2019-11-24 08:38:38,Bad update,Since the most recent update the game crashes over and over again..,0,7.6.1,bugs_performance,negative,False,unknown,Game crashes repeatedly since the most recent update.,
5190609723,gb,cucumber 2756,1,2019-11-24 08:29:15,New version keeps freezing and is slow,New version,0,7.6.1,bugs_performance,negative,False,unknown,New version freezes and runs slowly.,
5190567670,gb,Elmarky31,1,2019-11-24 08:16:35,Undo the update,"This used to be my favourite game. And given the lack of updates for the other original angry bird platforms that was a big deal. But this update is terrible. Worse gameplay, takes me several go’s to launch a bird etc etc. Is there a way to go back to the old version??",0,7.6.1,ux_ui,negative,False,unknown,"Formerly favourite game now has worse gameplay and controls after the update, player asks how to revert.",
5190427441,gb,Ricardo197006,1,2019-11-24 07:26:47,Ruined,"Been playing this for years, loved it, but the new update is awful. Not like the graphics and it’s laggy as hell.",0,7.6.1,bugs_performance,negative,True,veteran,Long-time player dislikes new graphics and reports significant lag after the update.,
5188891463,gb,Super G #,4,2019-11-23 23:01:37,New version,Slow to respond appears to freeze. Costlier to play which puts people of. Graphics are good but not as much fun.Now seems for more serious gamers,0,7.6.1,ux_ui,neutral,False,unknown,"New version is slow and less fun despite good graphics, and feels aimed at more serious gamers.",
5187969858,gb,AM11TEL,1,2019-11-23 18:20:24,Rubbish update,Absolute rubbish Update. Game freezes every time when try to click anywhere. Layout is pathetic. Put it back to previous version.,0,7.6.1,bugs_performance,negative,False,unknown,Game freezes on every tap and layout is criticised as pathetic; player demands rollback.,
5186993623,gb,marie0968,1,2019-11-23 14:10:38,New Format,I hate it,0,7.6.1,ux_ui,negative,False,unknown,Player simply states they hate the new format.,
5186976535,gb,Petlin 70,1,2019-11-23 14:07:06,Linda,Don’t like this new format ! I’m going to delete !,0,7.6.1,ux_ui,negative,True,unknown,Player dislikes the new format and plans to delete the app.,
5185934530,gb,Lighty7,1,2019-11-23 09:49:23,Bad update,The latest update to this game was unnecessary.  It was fine.  Now it’s more child like.  It all runs slower as well.  Please revert back.,0,7.6.1,ux_ui,negative,False,unknown,Update made the game feel more childish and slower; player requests a revert.,
5185907279,gb,Tilda76,5,2019-11-23 09:41:50,Tilda2,"I have been playing this for some years now, but I don’t get any better! Still do it everyday. 😊",0,7.6.1,praise,positive,False,veteran,Long-time player enjoys the game daily despite not improving.,
5185600292,gb,anfieldrtfd12,2,2019-11-23 08:19:54,Update,"Since the update I lose all the coins I have gained each day I go on it. Also, if a tournament finishes I don’t get the results or gain any coins. Load of rubbish",0,7.6.1,economy_rewards,negative,False,unknown,"Since the update, earned coins reset daily and tournament rewards are not received.",
5184924650,gb,Hugely irked,2,2019-11-23 05:03:22,We’ve been conned,"Latest update is a con, it lets you win once in a blue moon in the cup unless you use your boosters which is a complete waste in the context of the game 😡",0,7.6.1,tournaments_fairness,negative,False,unknown,"Player feels the Star Cup is rigged to force booster spending, making wins extremely rare.",
5183875250,gb,milmoocher1,3,2019-11-23 00:15:45,Why,"Why alter things so dreadfully ?
Awful child appealing  but not necessary as alienates adult players",0,7.6.1,ux_ui,negative,False,unknown,Player feels the changes are needlessly childish and alienate adult players.,
5183004125,gb,ancacupsa,1,2019-11-22 20:01:58,No customer service,Don't bother to download it! An update came and 1000 coins despair from the game. I removed the game and download it again and I lost everything. I spent quite a lot of money on the game. I tried to contact customer service just to realize they do not have one. If you play DO NOT BUY anything. If you change your phone you will lose everything and there is nobody to help you as they do not have a consumer service,0,7.6.1,bugs_performance,negative,True,unknown,Update caused coin loss and reinstalling wiped all progress and purchases with no customer support available.,
5182783311,gb,Angry Person no 5,1,2019-11-22 18:57:58,Keeps freezing,"Had this game for a long time, Diamond league 5 with no purchases - have a brand new iPhone but had to reload 3 times now!!!!
It’s still frozen now on the free spin - used to love this game but will not be loading again. Really not a great service.  Back to the App Store I suppose ☹️☹️☹️☹️☹️",0,7.6.1,bugs_performance,negative,True,veteran,Long-time Diamond league player has experienced repeated freezes and says they will not load the game again.,
5181896985,gb,pickertons assorted colours,1,2019-11-22 14:56:30,Awful,The new upgrade is awful I have had to reload the game at least 10 times in 2days because the screen freezes and stutters during game play Please return to the original as it was much better,0,7.6.1,bugs_performance,negative,False,unknown,"Screen freezes and stutters repeatedly since the new upgrade, player urges a rollback.",
5178375710,gb,carpet inspector,5,2019-11-21 22:05:07,New layout,Love all the new updates.,0,7.6.1,praise,positive,False,unknown,Player loves the new layout and updates.,
14458296967,de,Fat doppel G,2,2026-08-22 11:10:17,App geht nicht mehr auf,"Heute 22.8.26 die app funktoniert nicht mehr 
Am anfang lade bildschirm lädt nicht mehr",0,14.6.0,bugs_performance,negative,False,unknown,App fails to load past the initial loading screen since August 22.,
14452488277,de,Dubflyvfnkkdobvd,1,2026-08-20 22:22:28,Pay to win leider,"Eigentlich schon sehr gutes Spiel macht doch recht Spaß zwischendurch aber wie schon jemand geschrieben hat die Turniere sind viel zu schwer zu schaffen früher wahr  noch so dass wenn man den Laserpointer geholt hat er mindestens 3-4 Minuten gehalten hat jetzt bei jedem Neustart des Levels ist der Laserpointer weg muss man neues holen irgendwann muss man wieder Geld ausgeben damit man es holen kann dazu bekommt man einfach deutlich mit dass wenn man halt bezahlt die Level besser schaffen kann dadurch auch natürlich mehr Punkte machen kann und auch im ersten Platz landen ran also für mich ist das Spiel von einem spaß Spiel zu ein PAY TO WIN Spiel geworden sehr schade bringt sie Haus dass man wenn Mann Laserpointer zum Beispiel benutzt er oft Zeit geht und nicht oft Levels das wäre schon mal ein Vorteil und dass man vielleicht auch dieses komisches Roulettespiel öfter machen kann und nicht nur alle 23 oder 24 Stunden was auch immer 
So kurzes Update es bleibt wie es ist pay to win leider und obwohl ich paarmal doch Geld ausgegeben hatte hab ich  gemerkt bei manchen Levels dass man gar nicht die Punkte erreichen kann wie manche Spiele es erreichen und wenn müssen die locker bestimmt 3000 € im Jahr ausgeben für das Spiel und ich habe auch so langsam das Gefühl dass da auch ein bisschen im Hintergrund manipuliert wird auch wider Spiel reagiert auf manche Zügen und wie gesagt und ich hatte vorhin ein Level wo ich fast alles weg radiert hab und die erste Platz hat 900 Punkte und ich kann mir gerade bei 780 punkte also denke ich mehr irgendwas stimmt da nicht schade sonst würde das Spiel echt für Freude machen aber naja dafür gibt’s andere andere Spiele wo man kein Geld ausgeben muss",0,14.6.0,monetization,negative,True,unknown,Player criticises pay-to-win mechanics where paying users can achieve higher scores and top placements in tournaments.,
14339412949,de,Deanerya,3,2026-07-23 18:10:15,Speicherfehler / Serverfehler,"Ich bin sehr vergärt , zum wiederholten mal stürzte mein Spielfortschritt bei STAR CUP ab , es macht langsam kein Spaß mehr wenn man immer wieder Absturz , Speicher oder Fehlermeldungen bekommt. Die benutzen Power Ups die man in den Spielen verbraucht hat bekommt man auch nicht wieder und man hat nix gewonnen damit nur verloren !! Man gibt dafür Geld aus es ist eine Schande . Ich fordere Ausgleich dafür.",0,14.5.0,bugs_performance,negative,False,unknown,"Repeated Star Cup crashes cause lost progress and consumed power-ups with no compensation, despite real-money spending.",
14261498211,de,Euremutter,1,2026-07-04 10:14:23,Werbekonzept,"Schade, nur noch beim Spielwechsel eine Werbestandbild. Belohnungen gibt es nicht mehr für interessante Werbung. Sind die Werbepartner abgesprungen?",0,14.5.0,ads,negative,False,unknown,"Rewarded ad opportunities have disappeared, replaced only by static ad images between games.",
14241917824,de,Muffi857,1,2026-06-29 18:06:09,App lädt nicht,"Leider wird die App auf dem IPad nicht geladen. Auch ein deinstallieren und neu installieren hat nichts gebracht. Schade, ich habe es immer gerne gespielt.",0,14.5.0,bugs_performance,negative,True,unknown,"App fails to load on iPad even after reinstalling, making the game unplayable.",
14216740276,de,Kann nich sein,1,2026-06-23 13:38:05,Achtung: Kriminelle Fake-Werbung im Spiel!,"Das Spiel an sich ist okay, aber die In-Game-Werbung ist eine absolute Frechheit und brandgefährlich. Es wird massiv betrügerische Fake-Werbung ausgespielt (Identitätsdiebstahl unter Missbrauch des dm-Logos, dubiose Abnehmpillen und Fake-Gewinnspiele). Der Entwickler Rovio weigert sich über seinen Chatbot, Verantwortung zu übernehmen, und die Meldeknöpfe in der App sind komplett wirkungslos. Schützt eure Daten und euer Geld! Solange dieser kriminelle Betrug hier geduldet wird, gibt es nur 1 Stern.",0,14.4.0,ads,negative,False,unknown,Player warns of fraudulent and dangerous in-game ad creatives and criticises Rovio for failing to take responsibility.,
14155933781,de,hw1717,1,2026-06-07 20:37:21,iPad version umbrauchbar,Permanente Probleme beim iPad. Man kann keinen Vogel mehr abschiessen. Alle anderen menüpunkte funktionieren. Das nerve schon vorallem wenn es auf dem iPhone ohne Probleme funktioniert !!,0,14.4.0,bugs_performance,negative,False,unknown,"iPad version is broken as birds cannot be launched, while the iPhone version works fine.",
14081199454,de,dragonloona,2,2026-05-19 07:56:00,Lädt nicht,Bei jedem neuen Turnier friert der Ladebalken bei ca. 95% ein. Auch ein erneutes Installieren hilft nichts. Das macht leider keinen Spaß.,0,14.3.0,bugs_performance,negative,False,unknown,"Loading bar freezes at 95% at the start of every new tournament, even after reinstalling.",
14062579761,de,Ellebelle3,4,2026-05-14 07:20:57,"Macht Spaß, aber",Bei mir hängt sich das Spiel ständig auf. Schade.,0,14.3.0,bugs_performance,neutral,False,unknown,Game is fun but constantly freezes.,
14062436258,de,Urigjoij,5,2026-05-14 06:09:17,Utfjpo,"Uh,l kok,
Uhbmkznj",0,14.3.0,other,neutral,False,unknown,Review contains unintelligible text with no meaningful content.,
13986534606,de,Üskadarli 10,5,2026-04-22 21:54:07,Macht süchtig,Einfach ein Geiles spiel,0,14.1.0,praise,positive,False,unknown,Player finds the game addictive and highly enjoyable.,
13925509385,de,hsidnbsls,5,2026-04-05 15:17:31,Mega,Macht sehr viel Spaß,0,14.1.0,praise,positive,False,unknown,Player says the game is lots of fun.,
13801292047,de,Celi-Freak,4,2026-03-01 05:43:36,Tolle Werbeapp,"Ihr finanziert euch über Werbung. Das ist Ok, aber bitte nicht wie es aktuell ist. Man kann gefühlt kaum noch spielen. Des weiteren ist viele Werbung sehr fragwürdig. Fett weg… Höhle der Löwen… etwas seriöser darf es dann doch schon sein, wenn man es sich schon so oft anschauen muss!",0,14.0.0,ads,negative,False,unknown,"Ad frequency is excessive and many creatives are low-quality or dubious, undermining the play experience.",
13756132567,de,aly 69,1,2026-02-16 16:07:38,Grottenschlecht,"Die wissen schon warum…. Offline nicht spielbar, darum muss immer eine stabile Verbindung bestehen, denn so kann man fürchterlich aufdringlichen Werberotz einblenden - welcher die Spiele derart stört, dass man sie genervt aufgibt!!! Minussterne sind leider nicht zu vergeben… nein, der ,,Spielspass“ ist mir vergangen, wurde gelöscht! Und zudem sind wir NICHT PER DU!!!!!!!",0,14.0.0,ads,negative,True,unknown,Player uninstalled the game due to aggressive intrusive ads that disrupt gameplay and require a constant online connection.,
13743670507,de,Jo Emir b Fan,5,2026-02-13 05:45:31,Cool,Ich kenne Angry birds schon seit ich 4 bin und es macht megaa Spass,0,14.0.0,praise,positive,False,veteran,Long-time fan since childhood praises the game as mega fun.,
13729622388,de,Christangardiner,3,2026-02-09 06:29:06,Schade,Seit einiger Zeit ist das Spiel recht Buggy. Häufig Probleme mit Speicherplatz oder Serien brechen einfach ab. Sonst ein toller Zeitvertreib.,0,14.0.0,bugs_performance,neutral,False,unknown,"Game has become buggy recently with storage issues and broken streaks, though it remains a good pastime.",
13626570821,de,Abbruchspiele,3,2026-01-12 21:42:38,Abbrüche,"Das Spiel selbst ist sehr gut, nur habe ich zwei bis drei Abbrüche durch Serverschwankungen von Angry Birds am Tage. Auch friert das Spiel ein und 
Es dauert manche Stunden bis man wieder spielen kann. Das ist ein Trauerspiel ,dass keine stabile Verbindung gehalten wird.",0,13.6.1,bugs_performance,negative,False,unknown,Frequent server-related disconnections and freezes make the game unplayable for hours at a time.,
13545926290,de,Sylvia Safari,2,2025-12-23 11:55:24,friert ständig ein,"wann wird das endlich behoben, es friert ständig ein und Punkte, Coins, Booster, die man einsetzt oder gewinnt gehen verloren, logisch das man dann ständig im Rang sinkt.Support reagiert nicht, wo ich Screenshots gesendet habe, als Beweis.Es macht echt keinen spaß mehr",0,13.6.1,bugs_performance,negative,True,unknown,"Constant freezing causes loss of points, coins and boosters, rank drops, and unresponsive support has killed the fun.",
13426670575,de,Gnufresat,2,2025-11-22 05:28:51,Da kann ich auch Markt Guru spielen. Werbung Werbung Werbung,"Es ist mir bewusst das sich Apps und Spiele finanzieren müssen. Aber derart viel Werbung ist echt liederlich. Das war nicht immer so. Hat leider völlig übertrieben viel Werbung. Für Power Up, zwischen den Levels oder auch wenn man wieder ins Hauptmenü möchte.",0,13.5.3,ads,negative,False,returning,"Ad volume has grown to an unbearable level, appearing between levels, for power-ups and on returning to the main menu.",
13321556829,de,pups44,2,2025-10-27 16:14:59,AB Friends,Leider gibt es viel zu viel Werbung für andere Spiele. Fast nach jedem 2.Versuch. Schade den das Spiel macht Spaß,0,13.5.3,ads,negative,False,unknown,"Too many ads shown almost every two attempts, which spoils an otherwise fun game.",
13289719605,de,Olli Hoier,1,2025-10-20 06:08:24,Spielstand kann nicht mehr gespeichert werden,Neuerdings kann ich den Spielstand nicht mehr speichern.,0,13.5.3,bugs_performance,negative,False,unknown,Game progress can no longer be saved since a recent update.,
13214785150,de,iBroetchen,1,2025-10-02 18:12:15,Gelöscht,"Eins der besten wurde zu dem miesesten. Abzocke vom Feinsten.

We are writing to inform you that your customer review for Angry Birds Friends is not in compliance with the Apple Media Services Terms and Conditions, Submissions Guidelines under Section L.
Due to the violation of the Submissions Guidelines noted above, we removed your submitted review as part of routine moderation practices, during which automated processes were used.
You can submit a review by following the Submissions Guidelines, or learn about your Redress Rights in Connection with the European Union Digital Services Act.
Apple",0,13.5.1,monetization,negative,True,unknown,Player deleted the game calling it the worst example of predatory monetisation after previously rating it highly.,
12998112610,de,Cheyenne99,1,2025-08-10 08:29:16,Eigentlich tolles Spiel aber zu instabil,"Ich habe immer gern gespielt, aber die App hängt sich zu oft auf. Immer wenn neue Level kommen und man das erste Spiel spielt, hängt es sich auf und das Spiel wird nicht gewertet. Eben beim Turm der blauen noch auf Ebene 76, Ebene 77 wäre der nächste Kontrollpunkt. Was passiert? Ich schaffe das erste Level und es hängt sich wieder auf. Danach kann ich aber nicht etwa bei Ebene 76 weiter machen, nein, das Level zählt als verloren und man fällt zurück zum Kontrollpunkt 65. es vergeht einem jeglicher Spaß.",0,13.4.0,bugs_performance,negative,True,unknown,"Frequent freezes on new level loads cause lost progress and forced setbacks in the Piggy Tower, ruining the experience.",
12958611330,de,Bridget3331,2,2025-07-31 12:17:24,Angry birds friends,Kaum noch spielbar…An fast keinem Tag schafft es der Server die Spieldaten zu übertragen…sehr traurig- hab sonst jeden Tag gespielt und bin jetzt jeden Tag auf ‚s neue frustriert 😣,0,13.4.0,bugs_performance,negative,True,veteran,"Daily server failures prevent game data from syncing, turning a previously daily habit into constant frustration.",
12951225926,de,kaefer1702,4,2025-07-29 16:35:03,Spiel hängt fest,"…und lässt sich nicht mehr schließen. Den Support erreicht man nicht ohne seine ID-Nummer, um das Problem zu melden. Siehe oben: Spiel hat sich aufgehängt und lässt sich nicht schließen. Alle Erfolge sind somit verloren. Sehr ärgerlich!!!",0,13.4.0,bugs_performance,negative,False,unknown,"Game freezes and cannot be closed, causing all progress to be lost with no way to reach support.",
12878124349,de,JackVanBlack98,5,2025-07-11 07:12:23,Good,Game,0,13.3.0,praise,positive,False,unknown,Brief positive endorsement of the game.,
12867808081,de,ms__01,1,2025-07-08 16:21:53,Läuft nicht mehr,"Fehler mit Drehrad nach jedem Spiel, läuft nicht weiter beim iPad 8.",0,13.3.0,bugs_performance,negative,False,unknown,Spinning wheel error after each game freezes progress on iPad 8.,
12842315682,de,Angry_Bird_Hunter,2,2025-07-02 07:04:37,Werbung wird immer schlimmer,"Würde ja gerne die App kaufen, weil sie mir gefällt. Geht ja leider nicht. Mit der Werbung für Spiele, die mich überhaupt nicht interessieren, geht der Spaßfaktor enorm kaputt. Die Werbung hat auch deutlich zugenommen. Dabei ist das Spiel großartig…Lasst es uns doch einfach kaufen für einen Einmalbetrag und lasst uns mit der Werbung in Ruhe. 🙄",0,13.3.0,ads,negative,False,unknown,Player loves the game but finds increasing ad frequency a major fun-killer and requests a one-time purchase option.,
12789807637,de,Eugen 855,1,2025-06-18 18:41:04,bloś nicht runter laden kriminell,"die werbung zwischen den apps ist brutal, gewaltätig und es werden misshandlungen gezeigt. und man kann diese app nicht einfachnlöschen, sie taucht immer wieder auf.",0,13.3.0,ads,negative,True,unknown,Player reports violent and disturbing ad content and difficulty uninstalling the app.,
12782832680,de,alto34,5,2025-06-16 23:02:08,Läuft nicht mehr,Fehler im Speicherdienst iPad 7 - Fehler wurde vom Support behoben. Vielen Dank,0,13.3.0,bugs_performance,positive,False,unknown,Save-service error on iPad 7 was resolved by support.,
12778097225,de,Rezensierter,4,2025-06-15 17:27:24,"Gut, aber zu viel Werbung","Gutes Spiel, aber viel zu viel Werbung. Und zu viele in App Käufe",0,13.2.1,ads,neutral,False,unknown,Good game but marred by excessive ads and too many in-app purchases.,
12772643660,de,kjlddfk,1,2025-06-14 09:15:11,Nix geht mehr,Komme nicht mehr ins Spiel. Spielstand kann nicht gespeichert werden,0,13.2.1,bugs_performance,negative,False,unknown,Cannot enter the game and progress cannot be saved.,
12772536676,de,Irener53,2,2025-06-14 08:31:38,Nichts geht !,"Heute geht mal wieder garnichts ! Weder am Iphone noch am Ipad !!!!!
Grausam. 
Auch in letzter Zeit schlimm : … man freut sich über hohe Punktzahl, dann dreht sich das Rädchen und Punkte werden nicht gezählt !!! Auch am Ipad und Iphone !!! Es geht erst wieder , wenn man Gerät herunterfährt !
So schade !!!! Sonst ein tolles Spiel.",0,13.2.1,bugs_performance,negative,False,unknown,"Game repeatedly fails to record scores and freezes, requiring a full device restart.",
12730039282,de,Tigerbabykatze,2,2025-06-03 06:20:00,Spiel übernimmt keine Ergebnisse,seit einiger Zeit bricht die Verbindung zum Netz immer wieder ab und die Ergebnisse werden nicht übermittelt. Man kann dann auch nichts mehr machen und nur Schließen hilft nicht. Nur das Telefon/Ipad komplett ausschalten hilft. Sehr nervig!,0,13.2.1,bugs_performance,negative,False,unknown,"Frequent connection drops cause results not to be submitted and the game to freeze, requiring a full device restart.",
12683945200,de,foodstar12,1,2025-05-22 09:09:14,alles kaputt,"Seit einiger Zeit habe ich morgens, wenn ich das Spiel spiele, immer am Ende ein endloses Rad laufen und ich kann nicht mehr weitermachen.
Es funktioniert wirklich nichts mehr . Das ist sehr schade. Es war mein Lieblingsspiel.",0,13.2.1,bugs_performance,negative,True,unknown,Endless spinning wheel every morning makes the game unplayable; player says it was their favourite game.,
12681129299,de,Mischball,1,2025-05-21 14:29:22,Spiel speichert nicht mehr.,"Egal welches Level gespielt wird, das Spiel speichert keine Ergebnisse mehr ab. Sehr schade. Habe es sehr gemocht.",0,13.2.1,bugs_performance,negative,True,unknown,"Game no longer saves results for any level, disappointing a formerly happy player.",
12614704089,de,Eckfahninho,1,2025-05-03 13:59:17,Absturz,"Leider stürzt die App ständig ab. Insbesondere nach ganz bestimmten Werbespots. Der Fortschritt, der erzielt wurde, ist dann weg. Der Support ist eine Katastrophe. Spart euch die Rückmeldungen! Das ist nicht ehrlich und blanker Hohn!",0,13.1.1,bugs_performance,negative,False,unknown,"App crashes constantly after certain ads, wiping progress, and support response is inadequate.",
12595342647,de,Kein_guter_Nickname_mehr_frei,1,2025-04-28 11:28:26,Unspielbar !,"Das Spiel ist inzwischen ein einziger Absturz. 
Sehr traurig, es war mal mein Lieblingsspiel. 
Aber hey, Hauptsache die Werbevideos im 3-Minuten-Takt funktionieren noch 😡

Ich kann jedem nur raten: Finger weg!

Update 04.2025: Erst werde ich zum Update gezwungen, um die App überhaupt noch starten zu können. Und dann stellt sich raus, dass das Update fehlerhaft ist und das Spiel nach jedem Level einfriert.",0,13.1.1,bugs_performance,negative,True,unknown,"Game crashes and freezes after every level, making it unplayable despite loving it previously.",
12568671129,de,Torsten.Boch,3,2025-04-21 10:09:54,Fehlerhaft,"Seit kurzem hängt das Spiel, wenn man ein Level erfolgreich abgeschlossen hat. Nichts geht mehr. Man kann das Spiel nur aus dem Speicher löschen.",0,13.1.0,bugs_performance,negative,False,unknown,Game hangs after completing a level and can only be resolved by clearing it from memory.,
12562310816,de,Angry_User22,1,2025-04-19 16:12:47,Support offenbar zu faul oder entlassen,"Checkt ihr eure Apps eigentlich nicht? Checkt ihr die unzähligen Hinweise auf Fehler in der App eigentlich nicht? Seit Wochen kann man nur ein Level spielen. Danach friert alles ein. Kein nächstes Level möglich. Keine Möglichkeit das gespielte Level zu wiederholen. Keine Bestenlisten laden, nichts. Das Spiel friert ein und man ist gezwungen die App zu schließen, um danach das gleiche zu erleben…. Eine Antwort auf die unzähligen Hinweise ist doch das mindeste, das man erwarten kann.  Nicht wenige geben Geld aus, für diese App. Guter Kundendienst geht anders….",0,13.1.0,bugs_performance,negative,False,unknown,Game freezes after every level for weeks with no fix or support response despite many user reports.,
12533197216,de,Leonardo ist unterwegs,1,2025-04-12 06:58:17,Nach Update nicht mehr spielbar,"Seit dem Update bleibt das Spiel ständig hängen und man kann es nur durch Schließen und Neustart wieder starten. Viele PowerUps gehen dadurch sinnlos verloren und das ist frustrierend!
Schade, den bislang war es mein Lieblingsspiel, das ich seit vielen Jahren gerne gespielt habe. Bitte dringend die Fehler beheben!",0,13.1.0,bugs_performance,negative,True,veteran,Post-update freezes constantly waste power-ups and have ruined what was a long-time favourite game.,
12499871882,de,MacBooboo,1,2025-04-03 20:14:09,Fix this buggy version! 😡,"Das letzte Update brachte jede Menge Bugs: 1) Spielstände werden nicht abgespeichert, aber Power-ups sind trotzdem verbraucht, das Spiel kann nich wiederholt oder fortgesetzt werden, d.h. das Spiel muss aus dem Speicher entfernt und neu gestartet werden.
2) Ständige Server/Gateway Errors.
3) Manchmal ruckelt es, auch direkt neben dem WiFi-Router
4) Spiele können nicht beendet werden (trotz Button „Beenden“), die App friert ein. Oder nach Spielende geht es nicht weiter, Freeze.
5) Die App friert auch in der aktuellen Saison mitten im Spiel ein, obwohl z.B. noch 2 Vögel zur Verfügung stehen.",0,13.1.0,bugs_performance,negative,False,unknown,"Latest update introduced multiple critical bugs including unsaved progress, server errors, freezes and lost power-ups.",
12442112297,de,AnRo 99,1,2025-03-20 10:41:20,Abbuchung für ausgewählte Angebote,"Zum wiederholten Male ist es nun passiert, dass die Abbuchungen für ausgewählte Angebotspakete erfolgen OHNE dass die Pakete tatsächlich zur Verfügung gestellt werden. Hey, das ist Betrug! Wahrscheinlich geht man davon aus, dass die Leute sich wg ein paar Euro nicht beschweren. Zumal man auch gar nicht weiß, wo man sich beschweren soll. Tolles Konzept. Nicht. Bin echt sauer.",0,13.0.1,monetization,negative,True,unknown,Player was charged for in-app offer packages multiple times without receiving the purchased content.,
12368116695,de,Rolfbass,1,2025-03-01 07:10:04,Werbung,"Mittlerweile verbringe ich mehr Zeit mit Werbung kucken, als man zum spielen kommt, es ist einfach nur noch traurig, dass man für das Geld was man beim spielen ausgibt unendlich mit Werbung zugeballert, vor allen wenn das Spiele sind die man schon spielt, und auch geld dafür ausgibt.das Spiel ist nur noch Geldmacherei, Level sind mit normalen Waffen nicht mehr zu spielen, wird jetzt gleich gelöscht, auch die Nebenspiele sind nur noch auf kaufen ausgelegt, in Amerika ist das verboten, bei uns leider nicht.",0,13.0.1,ads,negative,True,unknown,"Excessive ads dominate play time, levels feel impossible without purchases, and player is about to delete the game.",
12353510622,de,Gig2023,1,2025-02-25 13:31:56,Funktioniert nicht,Spiel lädt seit 2 Tagen nicht mehr.,0,13.0.1,bugs_performance,negative,False,unknown,Game has not loaded for two days.,
12350023459,de,Thunderstorm999,5,2025-02-24 15:11:46,Schön,Tolles Spiel. Die Events sind gut auch wenn man nur wenig Münzen dabei macht. Momentan scheint es aber Probleme zu geben. Das Spiel hängt sich seit gestern immer wieder auf und wenn man es schließt und neu öffnet kommt eine Fehlermeldung. Ich hoffe das wird schnell behoben.,0,13.0.1,bugs_performance,positive,False,unknown,"Enjoys the game and events but reports recent freezing and error messages, hoping for a quick fix.",
12346372410,de,AnniKO27,3,2025-02-23 16:20:47,Werbung ohne Ende,Mein Kind spielt dieses Spiel liebend gern aber die WERBUNG ist so hardcore nervig…,0,13.0.1,ads,negative,False,unknown,Child loves the game but parent finds the volume of ads extremely annoying.,
12317279103,de,Nicht akzeptabel,1,2025-02-16 09:29:02,"Stürzt meistens ab, sobald booking– und Otto–Werbung läuft.","Super Antiwerbung für dieses Spiel, booking und Otto.",0,13.0.1,bugs_performance,negative,False,unknown,App crashes specifically when Booking and Otto ads play.,
12248143685,de,Teodohr 123,5,2025-01-30 08:21:51,Cooles Gameplay,Ich habe mir schon Angry Birds 2 heruntergeladen aber das hier hat ein ganz anderes Niveau. Ich finde es sehr cool und es ist auch gut für  kleinere Kinder  👍👍👍😀😀😀,0,12.7.2,praise,positive,False,new,New player praises the gameplay as superior to Angry Birds 2 and suitable for young children.,
12217154358,de,Ottomaria8,1,2025-01-22 15:54:17,Werbung……. und Update?,"Es nervt…
wenn ich mir freiwillig Werbung anschaue und die Werbung mittlerweile zwischen 20-30 Sekunden läuft ist das wirklich schon zum nervig.
Aber! mittlerweile sind die Bubble usw. Spiele so massiv, dass man nicht mehr zum eigentlichen Spiel zurück kommt und auch keinen Bonus bekommt😡
Allein deshalb würde ich kein der Angebot ausprobieren. 

Warum muss alles nur noch abzocke sein, für ein bisschen Spaß!!!

Aktuell wird an einer neuen Version gearbeitet, bin gespannt ob die Aufmachung zeitgemäß ist.
Seit Jahren spiele ich AB und bin von dem aktuellen Design in die 80iger zurück ge-beamt. 

Fraglich ist auch, ob überhaupt jemand die Rezensionen liest?
Bei anderen spielen wird sogar nach Vergabe von 4Sternen schon reagiert…..
Schade schade schade……☹️😞",0,12.7.2,ads,negative,False,veteran,"Long-time player frustrated by long ad durations, misleading mini-games that block return to the main game, and an outdated UI design.",
12191834648,de,Alles im Griff.,2,2025-01-16 15:29:51,Werbung bookin com,"Jedesmal hängt sich das Spiel bei dieser Abwerbung auf, und der Level ist verloren. Einfach nicht akzeptabel. BITTE ÄNDERN",0,12.7.2,ads,negative,False,unknown,Booking.com ad causes the game to freeze and the level to be lost.,
12100766634,de,Gbtvtvtgtb6,1,2024-12-24 15:25:55,Kein Ton,Jedesmal nach der dreckswerbung von booking ..com gibts keinen Ton mehr und das Spiel muss neu gestartet werden,0,12.7.2,ads,negative,False,unknown,"Booking.com ad breaks game audio, requiring a full restart every time.",
11884952786,de,Sylboy,1,2024-10-28 15:34:30,Spiel hat seinen Reiz verloren,"28.10.24 Leider stürzt das Spiel ab, bevor man es spielen kann.
Ein nicht spielbares Spiel muss mit null Sternen bewertet werden.",0,12.6.1,bugs_performance,negative,False,unknown,"Game crashes before it can be played, making it completely unplayable.",
11832348198,de,clnjek,1,2024-10-14 09:06:20,Netzwerkfehler ??,"Seit gestern läd das Spiel nicht mehr. 
Jedes Mal heißt es Netzwerkfehler. 
Alle anderen Apps funktionieren, weil Internet funktioniert. Was ist los ???? 🤬🤬",0,12.6.0,bugs_performance,negative,False,unknown,Game has shown a network error on every load attempt since yesterday despite working internet.,
11747503783,de,Sunshineilles,2,2024-09-21 08:12:15,Ärgerlich,Nach dem großen Update hat das Spiel schon an Freude verloren und jetzt noch wird es mir mit zu viel Werbung zu gemüllt Spiele es schon viele Jahre damit habt ihr dieses Spiel komplett zerstört deswegen verabschiede ich mich hier auf diesem Wege 😡🤮😡,0,12.5.1,ads,negative,True,veteran,Veteran player says excessive ads after a major update have ruined the game and they are leaving.,
11598514897,de,Mitchell4747,2,2024-08-11 19:19:16,Störung,"Kann mich nicht mehr anmelden. 
Update wäre angebracht !",0,12.4.0,bugs_performance,negative,False,unknown,Player can no longer log in and requests an update to fix the issue.,
11557197008,de,Jbvgfhkkbhgj,1,2024-07-31 21:21:37,Serverfehler,Nennen Sie das Spiel bitte um in „Serverfehler“🙄🙄🙄,0,12.4.0,bugs_performance,negative,False,unknown,Persistent server errors prompt player to sarcastically suggest renaming the game.,
11478187416,de,Momojh5,2,2024-07-10 21:36:42,"Geil, Aber …","Das Spiel und die Turniere sind grandios.
Aber die dauerhaften Werbung können einem schon ganz schön auf den Zeiger gehen.
Die sollen ein paar Euro verlangen dass man ohne Unterbrechung spielen kann, denn jeder Werbung muss 3-5 weg geklickt werden, dass es weiter geht. Schade",0,12.4.0,ads,neutral,False,unknown,Player enjoys tournaments but finds constant multi-step ad dismissals very frustrating and suggests a paid no-ad option.,
11346100113,de,Milone161,5,2024-06-05 13:12:28,Gut,Ich liebe das Spiel!!!!!,0,12.2.0,praise,positive,False,unknown,Player simply states they love the game.,
11288324099,de,kfbgbrbn,3,2024-05-20 17:59:19,Lässt zu wünschen übrig,Es lässt sich nur bis Level 60 spielen danach funktioniert das Spiel nicht mehr richtig,0,12.2.0,bugs_performance,negative,False,unknown,Game stops functioning correctly after level 60.,
11280382557,de,MaikEinzigunartig,5,2024-05-18 13:18:03,"Tolles Spiel, schneller Support!",Läuft stabil und bei Problemen reagiert der Support recht schnell. Top!,0,12.2.0,praise,positive,False,unknown,Game runs stably and support responds quickly to issues.,
11279794722,de,rean74,1,2024-05-18 09:44:40,Das Spiel lädt nicht mehr,Habe das Spiel immer sehr gerne gespielt und würde es wohl noch immer aber ES LÄDT NICHT MEHR :-(,0,12.2.0,bugs_performance,negative,False,unknown,Player who previously enjoyed the game reports it no longer loads at all.,
11160950105,de,Union 888,1,2024-04-15 10:33:31,Blödsinn,"Am Anfang schafft man Level, aber irgendwann schafft man es nicht mehr. Dann geht es nur noch mit Bonuszügen wo man alles kaufen kann / muss , sonst kommt man nicht weiter.
Gelöscht!!!!",0,12.1.0,monetization,negative,True,unknown,Player complains progress is gated behind mandatory purchases and has uninstalled the game.,
11088054558,de,Me in name is geheim,5,2024-03-26 16:11:37,Einer Der besten Angry birds spiele,Alles super aber ich wünsche das man da so wie Angry birds 2 die hütte machen kann und special event zb Angry birds space Oder Starwars sonst super,0,12.0.0,feature_request,positive,False,unknown,Player loves the game but requests a nest feature and special themed events like Angry Birds Space or Star Wars.,
11058843623,de,Fgbnkhm,5,2024-03-18 16:59:14,Das Spiel ist,Megaaaaaaa,0,12.0.0,praise,positive,False,unknown,Player enthusiastically praises the game.,
11051742697,de,Lutze169,5,2024-03-16 18:09:47,Bw,Sehr gut !!,0,12.0.0,praise,positive,False,unknown,Player gives a brief positive rating calling the game very good.,
10905511344,de,Kira1576,2,2024-02-05 17:22:07,Hängt sich auf,"Seit zwei Tagen hängt sich die App immer auf, wenn Werbung angezeigt wird",0,11.19.1,ads,negative,False,unknown,App has been freezing whenever an ad is displayed for the past two days.,
10840060534,de,SunshineHM65,3,2024-01-19 15:41:10,Angri Birds Friends,Warum kann man das Rad nicht mehr mit Werbung drehen? Ist das ein Fehler im Spiel? Es ist sehr schade.,0,11.19.0,bugs_performance,negative,False,unknown,Player reports the spin wheel no longer works with ad viewing and asks if it is a bug.,
10751625341,de,Ickebinsmalwieder,1,2023-12-27 16:44:51,Schlecht geworden,Bei Belohnungen die nach Videos kommen sollten steht oft „Keine Internetverbindung“ obwohl das Telefon im Mobilnetz eingelogt ist und Verbindung besteht. Somit kann im Turm der Blauen kein Erfolg erzählt werden. Sehr schlecht und die Lust auf das Spiel vergeht 👎🏻,0,11.18.1,bugs_performance,negative,False,unknown,"False no-internet-connection errors block ad-based rewards in the Piggy Tower, frustrating the player.",
10646752217,de,T0113k1983,4,2023-12-01 19:59:49,"Tolles spiel, aber…","…ich schaffe Level 60 seit tagen nicht. Nervt einfach nur, deshalb kommt es nun weg…",0,11.18.0,progression_difficulty,negative,True,unknown,Player is uninstalling after being stuck on level 60 for days with no progress.,
10637886377,de,Briidgget,5,2023-11-29 10:24:26,Sehr coole Updates,"Sehr cooles Update und interessante Levels, jetzt ist es noch interessanter zu spielen👍🏻",0,11.18.0,live_events,positive,False,unknown,Player praises the cool recent update and interesting new levels.,
10503645110,de,Eggers1976,1,2023-10-22 15:11:36,Internetverbindung,"Es wird immer behauptet dass ich keine Internetverbindung habe, was aber blödsinn ist!",0,11.17.1,bugs_performance,negative,False,unknown,Game repeatedly and incorrectly claims there is no internet connection.,
10420350042,de,ÄÖÜ2023,4,2023-09-29 17:23:35,"I love Angry Birds, but…","I first installed this game a couple of years ago on another device and I still love playing it on an almost daily basis. There‘s just so much stress relieve in killing those happy little pigs. ;-)

That being said, there are two points that made me take away one star from the five available. Firstly, the ads: I know it’s a free game. It’s absolutely understandable to me that the creators want to make money off the game one way or another. You can do in-app purchases or, if you don’t want to spend any money like me, watch ads instead. However, the length of one ad alone is absolutely ridiculous sometimes. Most of them are 30 seconds long. My personal record was a recent one that lasted a minute. A lot of the time you have to click a couple of ‚x‘ and at least one pop-up window away, before you can continue playing the game. The content of the ads sometimes doesn’t reflect the fact that children play this game as well. Finally, and that’s my last complaint about the ads, there are a lot of ads for SHEIN, a company that personally I find evil. I don’t want to see that. And I don’t understand how Angry Birds can do game tournaments on climate change awareness on the one hand and show ads like that on the other hand.

The second point that made me take away that one star is a technical glitch that I’ve been experiencing since I connected the game to my fb. Ever since then it’s not working properly anymore. Since there have been technical problems and hiccups in the past that have been resolved in the meantime, I remain hopeful though that this one will be resolved someday soon, too. I’ll continue enjoying to play Angry Birds Friends for so long.",0,11.16.0,ads,negative,False,returning,Long-time player enjoys the game but finds individual ad lengths far too long.,
10416139526,de,1x7_4z8*pA+yMgQ,1,2023-09-28 14:12:01,Das neuste Update sperrt ältere iPads aus!,"Heute früh konnten wir noch unser Lieblingsspiel spielen. Ab dem Vormittag erscheint nur noch ein Hinweis auf ein Update. Erforderlich ist die nächste iOS-Version, die wir nicht aufspielen können. So wird unnötig Elektroschrott erzeugt. Das ist ganz und gar nicht umweltfreundlich. Ihr verliert uns als Fans! Schade, es hat soviel Jahre Spaß gemacht! Wir waren von Anfang an dabei!",0,11.16.0,bugs_performance,negative,True,veteran,"Latest update dropped support for older iPads, locking out longtime fans who cannot upgrade iOS.",
10415196612,de,Lobär,2,2023-09-28 08:17:00,Werbung,"Die Werbung war früher 30 Sekunden jetzt mittlerweile 1 Minute.
Dann vergeht die Lust am Spiel!",0,11.16.0,ads,negative,False,unknown,"Ad length has doubled to one minute, killing the player's enjoyment of the game.",
10330287556,de,Friedward 74,3,2023-09-03 15:42:02,Schwer,Cooles Spiel aber sehr schwer aber ich kannst infelen,0,11.15.0,progression_difficulty,neutral,False,unknown,Player finds the game cool but too difficult.,
10252288584,de,Volker P.,3,2023-08-13 09:35:59,Eigentlich nach wie vor klasse aber…,"Eigentlich macht das Spiel nach wie vor Spaß, nur leider ist es inzwischen, wie es der allgemeine Trend ist, sehr Werbeverseucht.
Damit könnte man noch leben, wenn man nicht bei 50% der Werbung, die man guckt anschließend den versprochenen Preis nicht bekommen würde.",0,11.14.2,ads,neutral,False,unknown,Game is still fun but plagued by ads that frequently fail to deliver promised rewards.,
10248939004,de,Lonrenzo Soil,1,2023-08-12 11:56:31,Von Werbung zugeschissen,"Dieses Game besteht nur noch aus Werbung. Nach jedem Klick, Werbung. Danach, nochmal Werbung. In der Werbung muss man dann achtzehnmal irgendwelche Button drücken, damit es weitergeht. Meistens landet man dann aber im App-Store. Und wenn man Gratis Power Ups will, stürzt das ""Spiel"" ständig ab. Ja, wenn es den Programmierern nur noch um die Scheißkohle geht, dann ist es Rovio.",0,11.14.2,ads,negative,True,unknown,"Game is overwhelmed by excessive, intrusive ads that redirect to the App Store and cause crashes.",
10060428970,de,Chrisi 1927,1,2023-06-22 12:42:36,Werbung und Bewillige Abzocke,"Finger weg!
Seit vielen Jahren habe dieses Spiel mit Freude gespielt undau herausfordernde Level gerne. Seit einiger Zeit (Monaten) werden die Spiele kaum spielbar. DieSpielfreude wird bewusst durch genommen durch böswilliges erschweren. Werbung und „kaufen,kaufen, kaufen“ steht an erster Stelle der Entwickler, die möglichen Bewertungen sind eine Farce!",0,11.14.0,monetization,negative,True,veteran,"Long-time player says the game has become deliberately harder to push purchases, ruining the experience.",
10039490058,de,Mecki Spieler,5,2023-06-16 12:06:43,Birds,Alles super klasse 🙋‍♂️👏👍,0,11.13.0,praise,positive,False,unknown,Short enthusiastic praise with no specific details.,
10033788417,de,herrmausf,1,2023-06-14 18:56:33,Mau,"Extrem viel nervige Werbung. Blues Tower funktioniert nicht, man schafft die drei Level, bekommt den Tagespreis und müsste eins hochkommen. Tatsächlich fällt man auf die letzte Stufe zurück. Inzwischen einfach nur schade um das super schöne Spielprinzip, kaputt gemacht mit Microtransactions und schlechter Programmierung.",0,11.13.0,bugs_performance,negative,False,unknown,Excessive ads and a bug in Blues Tower that resets progress instead of advancing the player.,
9943707019,de,Gummers Burt,3,2023-05-19 16:03:47,"Gutes Spiel,Sparschwein ist blöd","Das Sparschwein ist zwar cool,ABER wer dachte dass es eine gute Idee ist Geld dazu auszugeben.ansonsten ein gutes Spiel.",0,11.12.1,monetization,neutral,False,unknown,"Piggy Bank feature is seen as a bad monetization idea, but the game itself is considered good.",
9858943286,de,Momi53,2,2023-04-25 09:19:33,Nur noch abzocke,"Schade war ein nettes Spiel. Keine Prämien. Vorher habe ich 4 Münzen bekommen, jetzt nur noch 3.  Den Schrott kann ich löschen",0,11.12.1,economy_rewards,negative,True,unknown,Rewards have been cut and the player is considering deleting the game.,
9856959437,de,gtdkkft,5,2023-04-24 18:15:34,Gut,Gut,0,11.12.1,praise,positive,False,unknown,Brief positive review with no specific details.,
9827311556,de,Orchidee1986,1,2023-04-16 07:43:24,Macht überhaupt keinen Spaß mehr!,"Ich spiele dieses Spiel schon sehr viele Jahre. Aber nun wird man nur noch enttäuscht! Es macht keinen Spaß mehr,weil man nur noch Echtgeld investieren MUSS um aufwärts zu kommen und man hat keinerlei Chancen mehr gegen die anderen zu gewinnen! Man ist immer ganz weit unten. Auch die Tiere die man sich mit den Münzen kaufen muss,finde ich sehr überteuert!!!! Hauptsache ROVIO VERDIENT SICH DAMIT DIE TASCHEN VOLL!!!!!! 
Auch das Spiel mit diesen Ebenen,total sinnlos. Schafft man es nicht,rutscht man sehr weit wieder nach unten. Es hat mal Spaß gemacht dieses Spiel zu spielen… Überlege nun nach so vielen Jahren aufzuhören.
Schade ROVIO!",0,11.11.0,monetization,negative,True,veteran,"Long-time player frustrated by pay-to-win mechanics and overpriced birds, considering quitting.",
9792088607,de,Uweredsox,1,2023-04-06 07:04:46,Werbung nervt,"Die Version für Tablet PC unterbricht zu oft mit entsetzlich langen Werbespots, das reduziert den Spaß erheblich",0,11.11.0,ads,negative,False,unknown,Overly frequent and long ads on tablet significantly diminish enjoyment.,
9771898323,de,Rolo.art,1,2023-03-31 16:00:07,Permanente Abstürze!!! 👎🏻,"Wenn ich die App auf dem IPad ca. 2 Stunden nutze, stürzt sie in dieser Zeit mind. 12 mal ab! Und seltsamer Weise immer dann, wenn ich gerade Icons aktiviert habe, die danach natürlich weg sind. Ganz offensichtlich ist das so beabsichtigt 👎🏻👎🏻👎🏻👎🏻 Vom Support reagiert natürlich niemand. Könnte ich 0 Sterne geben, würde ich es tun 😡",0,11.11.0,bugs_performance,negative,False,unknown,"App crashes at least 12 times in two hours on iPad, suspiciously always after activating power-ups.",
9705918410,de,SSYN74,1,2023-03-12 14:34:14,Fehler in Schlägerei werden nicht behoben,"Ich mag das Spiel, aber sein längerem gibt es immer wieder Fehler u.a. Kann man die „Schlägerei“ zwar spielen aber es gibt keine Prämien etc. 
Das Kundenteam antwortet zwar aber die Antwort ist lieblos und von der angekündigte Fehler Behebung ist nix zu merken.
Sehr schade und nachdem es das Spiel schon so lange gibt, sollte man meinen, dass dem Support Team was daran liegt, dass die treuen Spieler auch dabei bleiben. 🤷🏻‍♀️",0,11.10.0,bugs_performance,negative,False,veteran,Long-standing bug in Star Cup mode gives no rewards and support responses are unhelpful.,
9703079583,de,Ulibul,1,2023-03-11 18:06:28,Warum keine Punkte mehr?,"Warum werden wen ein neues Turnier anfängt die Punkte nicht mehr gezählt, Zuwas  spiele ich dann. Werbung Werbung und keine Sterne mehr",0,11.10.0,tournaments_fairness,negative,False,unknown,"Tournament points are no longer being counted when a new tournament starts, making play pointless.",
9689717557,de,SpiderPOH,1,2023-03-07 19:47:40,Woodoku Werbung bringt Absturz !!🤬🤬🤬😡😡,Diese Schei…. Woodoku Werbung bringt das ganze Tablett zum einfrieren !!!,0,11.10.0,bugs_performance,negative,False,unknown,A specific Woodoku ad causes the entire tablet to freeze.,
9682514939,de,Heinz Elvis,5,2023-03-05 16:00:23,Schöner Zeitvertreib,Ich spiele immer wieder die älteren Angry Birds Spiele. Die machen einfach Spaß!,0,11.9.1,praise,positive,False,returning,Player enjoys returning to classic Angry Birds games for casual fun.,
9670412364,de,puk21,4,2023-03-02 07:03:23,Im Grunde ein schönes Spiel,"Allerdings zeigt es in letzter Zeit Werbung für Kriegsspiele und das möchte ich überhaupt nicht sehen müssen. Bitte nehmt das aus aktuellem Anlass raus!!!!!

Jetzt gerade: Turnier funktioniert nicht richtig. Bei Sieg gibt es keine Belohnung bzw. man kann nicht sammeln/weiterspielen",0,11.9.1,bugs_performance,neutral,False,unknown,"Tournament is broken with no rewards on win, and player objects to war game ads being shown.",
9658595294,de,jadra1,5,2023-02-26 18:04:57,Hey a Tip,"Nobody give a #### about your new games, bring back the old ones.",0,11.9.1,feature_request,neutral,False,unknown,Player demands the return of old games instead of new ones.,
9634035246,de,mm.sln,1,2023-02-19 14:10:17,Starcup Schlägerei zählt die …,"Ergebnisse nicht mehr, man kann zwar spielen, aber die Ergebnistabelle wird nicht aktualisiert (und das schon seit ca. 3, 4 Wochen).",0,11.9.1,bugs_performance,negative,False,unknown,Star Cup leaderboard has not been updating results for three to four weeks.,
9605628671,de,-Bone-,1,2023-02-11 07:03:22,"Aktuelle Version, Höchster Turm der Blauen","Aktuell ärgere ich mich, das beim Event „Höchster Turm der Blauen“ schon öfter vor dem nächsten Speicherpunkt die Punkte nicht übertragen werden bzw Booster nicht nutzbar sind (Bad Error) und man bis zu 10 Stufen zurück fällt. 

Das Spiel macht prinzipiell Spaß und ist ein schöner Zeitvertreib - solche Fehler wie beschrieben nerven aber, da das Event nur 1x täglich spielbar ist",0,11.9.1,bugs_performance,negative,False,unknown,"Blues Tower event frequently fails to save progress or allow booster use, causing large step setbacks.",
9590523783,de,Kate_Bishop_,4,2023-02-06 19:42:21,Sehr gut bis auf die Leben,"Ich finde das Spiel sehr gut 👍🏼😍 Das einzige was ich schade finde und was mich nervt ist, dass man nur eine bestimmte Anzahl an Leben hat 😒
Wenn man keine Leben mehr hat muss man immer sehr lange warten bis man weiter spielen kann :((
Wäre besser, wenn man entweder nicht so lange warten müsste (vielleicht 3-5 Minuten) oder man unendlich ♾️ viele Leben hätte.  
Oder man jedenfalls irgendwie unendlich viele Leben gewinnen kann, die dann z.B eine Stunde anhalten.",0,11.9.0,feature_request,positive,False,unknown,Player enjoys the game but requests shorter wait times or infinite lives.,
9576121128,de,sksbejsieb,5,2023-02-02 20:11:40,Geil,ZU GEIL,0,11.9.0,praise,positive,False,unknown,Very brief enthusiastic praise.,
9552268274,de,kalle333,3,2023-01-27 10:03:48,Fehler Datenbank ?,"Seit mehreren Wochen wird die Ranking Liste bei dem Duell Schlägerei    nicht mehr angezeigt. Belohnungen gibt es auch nicht mehr ?!?!
Oftmals ist das Beenden von Werbevideos nicht möglich. Es wird immer wieder in den App Store geleitet. Ist einfach nur nervig.",0,11.9.0,bugs_performance,negative,False,unknown,"Duel leaderboard not showing for weeks, rewards missing, and ad videos redirect to App Store.",
9545954428,de,Konrad185,1,2023-01-25 14:17:32,zuviel Werbung,sehr penetrantes Weiterleiten an den appstore  bei mancher Werbung -4-5 mal bei einem Werbebeitrag - nur durch ein Verlassen der angrbirds app kommt man da raus - sehr Schade,0,11.8.3,ads,negative,False,unknown,"Certain ads aggressively redirect to the App Store four to five times, forcing the player to exit the app.",
9334290306,de,Marcl30,1,2022-11-27 10:33:11,Nur noch Abzocke,"Ich spiele dieses Spiel seit Jahren. Innerhalb einiger Wochen werden die Kosten mehr als verdoppelt. Kosteten vorher 1.500 Münzen 9,99€, kosten jetzt 1.150 Münzen 11,99€. So vertreibt man jahrelang treue Kunden. Gewinnen oder drei Sterne erhalten ist fast unmöglich geworden. Es sei denn man nutzt die power ups. Und von der ständigen Werbung mit „Kauf dies, Kauf jenes, heute im Angebot“ will ich garnicht erst anfangen.",0,11.7.0,monetization,negative,True,veteran,"Long-time player outraged by more than doubled coin prices and pay-to-win difficulty, feeling driven away.",
9323732565,de,trollo1954,1,2022-11-24 13:07:23,Abzocke,"Von heute auf morgen die Kosten mehr als verdoppelt! 
Hallo, was soll das?
Das bedeutet für mich das Ende nach vielen
Jahren!",0,11.7.0,monetization,negative,True,veteran,Player quits after many years due to prices more than doubling overnight.,
9317359014,de,U95to,5,2022-11-22 16:12:12,Spiel ich gerne,"Aber nur 3 Sterne, weil man zukaufen muss wenn man in die Top 10 kommem will. Ich kaufe aber nicht mehr zu",0,11.7.0,monetization,neutral,False,unknown,"Enjoys the game but notes top 10 placement requires spending, which they refuse to do.",
9262081272,de,Linoxgeamer,5,2022-11-06 16:45:06,Sehr gutes Spiel,Das Spiel macht immer Spaß,0,11.6.0,praise,positive,False,unknown,Short positive review saying the game is always fun.,
9196858697,de,St-Ude,3,2022-10-18 11:43:54,"Ganz witzig, aber NoGo Schlankheitspillenwerbung","Dass man bei einem an such kostenlosen Spiel Werbung in Kauf nehmen muss ist ja noch ok, aber das ist teilweise zu viel. Und ein NoGo ist für ein Spiel, das vor allem Kinder spielen, die Werbung für eine Schlankheitspille in miserablem Deutsch und das ""Höhle der Löwen"" Trittbrettfahren...
Update 18.10.22: Zu viel Werbung und immer längere, teilweise Programmabstürze...Levels manchmal ohne Zusatzvögel kaum lösbar...habe Spiel deinstalliert...Zeitkiller",0,11.6.0,ads,negative,True,unknown,"Player uninstalled due to excessive and inappropriate ads, including weight-loss pill ads targeting a child audience.",
9188666756,de,j.deee,1,2022-10-15 23:44:53,Werbung immer nur Werbung,"Warum Werbung, immer nur nervige Werbung, Werbung, Werbung, Werbung, Werbung immer und immer wieder?",0,11.6.0,ads,negative,False,unknown,"Frustrated by constant, repetitive ad interruptions.",
9171915943,de,Moglixl,1,2022-10-10 23:20:12,Schade….,"Am Anfang ein tolles Game mit viel Herz.
Inzwischen lieblos - mit vielen handwerklichen Fehlern und voll mit nervender Werbung. Eine Schande…..",0,11.6.0,ads,negative,False,unknown,Game has declined in quality and is now plagued with annoying ads.,
9124513356,de,ROSEschubert,1,2022-09-26 18:24:32,Gewinne nicht erhalten.,Ich habe meine Belohnung als erster Platz beim Turnier nicht erhalten!!!!,0,11.5.1,economy_rewards,negative,False,unknown,Player did not receive their first-place tournament reward.,
9103847823,de,Pet45u,1,2022-09-20 14:19:12,"Nur am verlieren, Dank p2win",Wieder mal ein Spiel das p2win bevorzugt. Nicht zu empfehlen.,0,11.5.1,monetization,negative,False,unknown,Criticises the game as pay-to-win and does not recommend it.,
9100024536,de,Playloop,2,2022-09-19 09:52:31,Wieder Facebook Ausfall,"Es besteht schon wieder ein Ausfall bzw ich kann mich nicht mit Facebook verbinden, da die Schaltfläche dafür ist weg. Das Spiel selbst ist aber nach wie vor Super.",0,11.5.1,social_account,negative,False,unknown,"Recurring Facebook login failure with the connect button disappearing, though the core game is praised.",
9095102352,de,Zocker2910,1,2022-09-17 21:33:34,Nix funktioniert,"Also das ist jetzt das 3. mal das die Verbindung zu FB nicht geht. 
Momentan ist es auch so man gewinnt mit 1000 Münzen und im nächsten Moment hat man nur noch 100 Münzen. Echt zum 😤🤮",0,11.5.1,social_account,negative,False,unknown,Third recurring Facebook connection failure combined with coins disappearing after winning.,
9029529743,de,AlexausHamburg,1,2022-08-29 11:13:51,Läuft seit Tagen nicht.,Was ist da los?,0,11.4.0,bugs_performance,negative,False,unknown,Game has not been working for several days with no explanation.,
9013341234,de,MrBig238,5,2022-08-24 22:41:12,Störung seit mehreren Tagen,Wann läuft Angry Birds Friends wieder?,0,11.4.0,bugs_performance,negative,False,unknown,Asking when Angry Birds Friends will be back up after a multi-day outage.,
9004223677,de,ilufee,5,2022-08-22 07:32:59,Super spiel,Klasse für die ganze Familie,0,11.4.0,praise,positive,False,unknown,Brief positive review calling it a great game for the whole family.,
8990628096,de,Schlumss,1,2022-08-18 08:25:32,Durch zu viel Werbung unbrauchbar gewordenes bestes Schleuderspiel,"Ein geniales Spiel, was kurzweilig ist und einen hohen Spaßfaktor hat. Leider ist im laufe der Zeit immer mehr und aggressivere Werbung dazugekommen, so das ein Spielspaß nicht mehr vorhanden ist. Somit hat man sich selbst ins Abseits geschoßen. Das Werbeeinnahmen nötig sind, weiß jeder, hier übertreibt man es. Daher nur einen Stern. Ich habe gsd noch die alten Versionen und kann noch genießen!",0,11.4.0,ads,negative,False,unknown,"Veteran player says increasingly aggressive ads have ruined the fun, keeping old versions to still enjoy the game.",
8931834974,de,Adeel liebt OneFootball,5,2022-07-31 21:54:40,Das Spiel ist geil,Gar nichts,0,11.3.0,praise,positive,False,unknown,Short enthusiastic praise with no complaints.,
8850308258,de,zoomPlaYerr,1,2022-07-07 16:08:20,App not connecting to internet over VPN,"I cannot play the tournaments and when I open the app it shows “Please check your connection and try again, error code 01029904”. Although I am connected to the internet it still shows this.
When I switch off the VPN then it works somehow. 
This has happened from 06.07.2022, before this it always worked on VPN.",0,11.2.0,bugs_performance,negative,False,unknown,"App fails to connect when using a VPN since a specific date, breaking tournament access.",
8755728633,de,Ralf.Bühner,5,2022-06-09 05:39:16,Punkte,"Super Spiel,aber was mich stört ist das wenn Mann Punkte holt werden die hin und wieder nicht gut geschrieben,grade 30000 geholt und wurde nicht da zu gerechnet. Das finde ich schon schade.wird immer schlimmer das Spiel 🤮",0,11.1.1,bugs_performance,negative,False,unknown,"Earned points are sometimes not credited, worsening over time.",
8750304219,de,hekdkdjcz,5,2022-06-07 13:34:15,Titel,"Dieses Spiel ist das beste Angry Birds, was ich je gespielt habe.🤩🫠",0,11.1.1,praise,positive,False,unknown,Player calls it the best Angry Birds game they have ever played.,
8739308925,de,BobbiHugo,1,2022-06-04 06:47:41,Abzocke…,"Schon zum wiederholten Male werden mir gekaufte Coins nicht gutgeschrieben, aber von meiner Kreditkarte abgezogen.",0,11.1.1,bugs_performance,negative,False,unknown,Purchased coins are repeatedly not credited despite being charged to the credit card.,
8677867316,de,alex xlsxl,3,2022-05-16 19:43:40,Star Cup,"musste leider der neuen Variante weichen. 
Schade, schade 👎🏻",0,11.0.0,ux_ui,negative,False,unknown,Disappointed that the old Star Cup format was replaced with a new variant.,
8612180645,de,Ulde Gulde,2,2022-04-27 17:03:41,Kein Ton,Kein Ton bei iPhone 13 pro Max… nervt,0,11.0.0,bugs_performance,negative,False,unknown,No audio on iPhone 13 Pro Max.,
8605180110,de,Oldboy111,1,2022-04-25 15:44:16,Was für ein Schrott,"Es wird immer schlimmer mit diesem Abzockschrott.🤮
Wer lässt sich denn damit noch Geld aus der Tasche ziehen.
Früher konnte man mit Geschick noch spielen. Inzwischen gibt Rovio wirklich Alles um den Spielern den Spass zu versauen.
Gut gemacht jetzt geht sie wirklich vom Gerät und auch mein Enkel wird mich davon nicht mehr abhalten können 😂
Nichts funktioniert mehr und alles zielt nur darauf ab den Gamern Geld abzunehmen. Was für ein Datenmüll.",0,11.0.0,monetization,negative,True,unknown,"Player uninstalls after concluding everything is designed to extract money, saying even their grandchild won't stop them.",
8598558824,de,Puglover🇩🇪,5,2022-04-23 17:21:01,Ein echt gutes Spiel🥳🤩,.,0,11.0.0,praise,positive,False,unknown,Brief enthusiastic praise with no specific feedback.,
8548018695,de,der krasse fish,5,2022-04-09 09:27:35,Angry birds,Ist sehr einfach und macht Spaß,0,10.12.1,praise,positive,False,unknown,"Simple and fun, short positive review.",
8533973536,de,McCool82,5,2022-04-05 10:30:27,Kein Update möglich,"Kann dieses komische Update nicht machen…
Sonst süchtigmachendes Game",0,10.12.1,bugs_performance,negative,False,unknown,Unable to install a required update despite finding the game itself addictive.,
8533936889,de,Moni`s,3,2022-04-05 10:15:43,Angry birds friends,"Angry birds lässt sich nicht mehr öffnen, erscheint immer wieder ich soll es aktuellalisieren.",0,10.12.1,bugs_performance,negative,False,unknown,Game won't open and keeps asking for an update that is already installed.,
8533936030,de,Mocio2017,1,2022-04-05 10:15:23,Aktualisierung,Nichts funktioniert mehr,0,10.12.1,bugs_performance,negative,False,unknown,Nothing works after the latest update.,
8533916753,de,Elliundbubi,1,2022-04-05 10:07:33,Lässt sich nicht starten,"Lässt sich nicht starten, sagt, dass aktualisiert werden muss, obwohl bereits upgedatet ist",0,10.12.1,bugs_performance,negative,False,unknown,Game won't start and falsely demands an update despite being already up to date.,
8510952992,de,Fumlr,1,2022-03-30 06:49:17,Das Spiel lädt nicht,"Leider lädt das Spiel nicht nach dem letzten Update. Das immer mehr vom Bildschirm verdeckt wird, ist auch störend.",0,10.12.1,bugs_performance,negative,False,unknown,Game fails to load after latest update and an on-screen element obscures too much of the display.,
8439871301,de,tussygalore,1,2022-03-10 09:53:38,Mittlerweile Schrott,Früher war das Spiel besser und die Level interessanter. Mittlerweile ähneln sich die Level zu sehr. Langweilig,0,10.11.0,live_events,negative,False,unknown,Levels have become too repetitive and boring compared to earlier in the game's life.,
8365486585,de,eiserner wafenschmied 25,4,2022-02-17 12:00:10,Alles in allem voll cool,Ganz cooles Spiel mit tollen Funktionen,0,10.10.2,praise,positive,False,unknown,Player finds the game cool with great features overall.,
8339569031,de,kff_31,1,2022-02-10 09:58:42,Glücksrad,Vor dem Update war mind. 2 Drehen mit 4 garantierten Gewinnen möglich. Mein Schnitt der letzten 10x drehen sind 7x Niete. Glückwunsch zur gelungen Neuerung! Motiviert ungemein 👍,0,10.10.2,economy_rewards,negative,False,unknown,"Post-update spin wheel gives far fewer rewards, with most spins resulting in nothing.",
8331580912,de,Theschmidi,1,2022-02-08 04:21:02,Dreh das Rad,"So kann ma auch den Spielern die Coins aus der Tasche ziehen 😂….Winn 1000 coins geht etwas an der  Realität vorbei 🤔
Ebenso die Anzeige der noch vorhandenen Schweine verbessert nicht das Sichtfeld .
Durch Verbesserungen wird nicht immer alles besser ☝️",0,10.10.1,economy_rewards,negative,False,unknown,Spin wheel feels rigged to drain coins and the advertised 1000-coin win seems unrealistic.,
8328334516,de,renguez,1,2022-02-07 06:55:43,Schriftzug,"Der Schriftzug verdeckt viel zuviel vom Spiel. Das macht keinen Spaß. Sicher besteht die Möglichkeit das zu ändern.
Vielen Dank",0,10.10.1,ux_ui,negative,False,unknown,An on-screen label blocks too much of the game view and ruins the experience.,
8328269356,de,MilenaKo80,3,2022-02-07 06:28:20,Jedes Update ist eine Verschlimmbesserung,"Ich kann ja verstehen, dass die Entwickler mit der App Geld verdienen wollen, aber das auf Zwang zu machen (Stichwort Rad & PowerUps), entzieht sich meinem Verständnis. 
Menschen, wie mich, die einfach ein bisschen daddeln möchten schreckt das zu der stundenlangen Werbung zusätzlich ab. 
Schade! Aber vermutlich gehöre ich auch nicht mehr zur Zielgruppe.",0,10.10.1,monetization,negative,True,unknown,Forced monetization via wheel and power-ups combined with excessive ads is pushing the player away.,
8310252927,de,Cm/S-Ei,2,2022-02-02 10:08:59,Glücksspiel für Kinder?,"Nach wie vor ist ABF ein kurzweiliges Spiel mit häufigen neuen Leveln. 
Wie andere Spiele auch versucht Rovio dies durch in-app-Käufe zu finanzieren. Das absurde Ligasystem lassen wir mal außen vor.
Wirklich bedenklich ist bei dem neuesten Update der Glücksspielcharakter durch angegebene Gewinnchancen auf einen Jackpot. Die Chancen steigen wenn man 50 Münzen pro Versuch zahlt. Das entspricht 20-30 Cent pro Drehversuch, und man kann trotzdem eine Niete ziehen. 
Für mich ist das aus pädagogischer Sicht äußerst bedenklich.",0,10.10.1,monetization,negative,False,unknown,New spin wheel mechanic raises concerns about gambling-like elements targeting children with real-money implications.,
8307516966,de,"""""Wurschti""""!",1,2022-02-01 15:04:09,Nichts geht mehr,Nach dem letzten Update lässt es sich nicht mehr öffnen,0,10.10.1,bugs_performance,negative,False,unknown,Game no longer opens after the latest update.,
8305674897,de,J*ManG*Man,5,2022-02-01 03:39:02,Lädt seit neuestem Update nicht mehr.,Seit dem Neuestem Update lädt das Spiel nicht mehr. Bitte beheben.,0,10.10.0,bugs_performance,negative,False,unknown,Game fails to load since the newest update and player requests a fix.,
8304527037,de,misssmileforever,1,2022-01-31 19:24:12,Nach Update öffnet die App gar nicht mehr. Schade!,…,0,10.10.0,bugs_performance,negative,False,unknown,App completely fails to open after the update.,
8303866798,de,Colognecarol,4,2022-01-31 15:14:10,….& Friends Popeye,"Nach dem Update lädt das Spiel nicht, und der Bildschirm friert ein!
Der grüne Ladebalken startet , bleibt aber dann stehen. Deshalb einen Stern Abzug!",0,10.10.0,bugs_performance,negative,False,unknown,Game freezes on loading screen after the update with progress bar stalling.,
8303505820,de,Kröten,2,2022-01-31 13:21:54,Lädt nicht mehr :/,"Eigentlich ein wirklich netter Zeitvertreib.. ABER leider lädt es nach dem heutigen Update nicht mehr.
Hoffe, dass das schnell behoben wird. Dann gibt’s auch wieder die 5 wohlverdienten Sterne.",0,10.10.0,bugs_performance,negative,False,unknown,Game stopped loading after today's update but player hopes for a quick fix.,
8302678876,de,AnJoAn62,1,2022-01-31 08:21:26,Nichts geht mehr,"Spiel lädt nicht mehr. Bleibt anfangs gleich stehen, Musik läuft im Hintergrund. 
Aktuelles iPad mit aktuellem iPadOS",0,10.10.0,bugs_performance,negative,False,unknown,Game hangs on load with only background music playing on a current-gen iPad.,
8302263308,de,Blacksu1,1,2022-01-31 05:19:45,Startet nicht mehr,Seit dem letzten Update bleibt das Spiel beim laden stehen.,0,10.10.0,bugs_performance,negative,False,unknown,Game freezes during loading since the last update.,
8302210634,de,Daglini,1,2022-01-31 04:56:15,Letztes Update,Seit dem letzten Update lädt das Spiel bei mir nicht mal mehr....,0,10.10.0,bugs_performance,negative,False,unknown,Game won't load at all since the last update.,
8301374996,de,Ini3467,1,2022-01-30 22:55:41,Schade,Seit dem  letzten Update geht gar nichts mehr. Lädt und lädt hängt sich auf.,0,10.10.0,bugs_performance,negative,False,unknown,Game endlessly loads and freezes after the latest update.,
8299998410,de,news73,5,2022-01-30 14:14:24,Button überdeckt zu viel,".....nach dem Update überdeckt der ""Beenden""-Button viel zu viel des Bildes. Da läßt sich oft kaum noch erkennen, ob sich Nachschiessen lohnt, weil man nicht mehr sieht was noch alles hinter dem Button liegt.....bitte den Schriftzug wieder ganz nach unten packen....",0,10.10.0,ux_ui,negative,False,unknown,"Post-update quit button covers too much of the screen, making it hard to assess remaining targets.",
8299997984,de,Sfamy63,1,2022-01-30 14:14:17,Update,Seit dem gestrigen Update lässt sich das Spiel nicht mehr öffnen,0,10.10.0,bugs_performance,negative,False,unknown,Game no longer opens since yesterday's update.,
8298659291,de,karöte,1,2022-01-30 06:07:26,Startet nicht mehr,"Seit letztem Update startet das Spiel nicht mehr  
Fehler Bitte schnell beheben",0,10.10.0,bugs_performance,negative,False,unknown,Game fails to start after the last update and player requests an urgent fix.,
8155496119,de,Rina1967,1,2021-12-22 01:42:22,Tolles Spiel,Seit dem Update kommen meine Geschenke bei Freunden nicht mehr an. Bitte ändern !!!!!!!,0,10.9.0,social_account,negative,False,unknown,Gifts sent to friends are no longer being delivered after an update.,
8153354031,de,thora d the dick,1,2021-12-21 11:28:46,Frechheit,Alles Fake die Kämpfe gegen andere online Spieler sind natürlich nicht echt (nur boomer merken das nicht). Das ganze „spiel“ basiert nur darauf euch echtgeld abzuziehen oder an euch durch Werbung zu verdienen. Dieses Spiel ist der größte betrug im App Store.,0,10.9.0,tournaments_fairness,negative,True,unknown,Player accuses the game of faking PvP matches with bots and calls the entire game a scam designed only to extract money.,
8023754088,de,Enesse,5,2021-11-14 15:32:40,Supet,Macht spass,0,10.7.1,praise,positive,False,unknown,Player finds the game fun.,
8019544958,de,Born Star phopi,5,2021-11-13 12:33:43,AB Frides SUPER!,Die Tollen Birds sind gut und Das Spiel ist SUPER!,0,10.7.1,praise,positive,False,unknown,Player loves the birds and thinks the game is great.,
8004932738,de,Berni99999999999,1,2021-11-09 09:35:37,Unfassbar!!!,"Mal wieder ein neues Update.was prinzipiell nicht schlimm wäre.aber es sind alle Spielstände, Coins und Vogelstufen weg.Wollt Ihr uns verarschen???Schade.werde es deinstallieren!",0,10.7.1,bugs_performance,negative,True,unknown,"Update wiped all progress, coins, and bird levels, prompting player to uninstall.",
7981933986,de,angry birds 15831567831,3,2021-11-02 18:59:21,Guttes spiel aber...,Ich finde das spiel toll aber ich weiß warum ihr angry birds das erste weggenommen habt und angry birds Star Wars also das spiel könnte etwas mehr Levels haben weil schon mal als ich das erste mal es gespielt habe dann hatte hab ich sofort se durch gespielt und ich finde angry birds geil,0,10.7.1,live_events,neutral,False,unknown,Player enjoys the game but wishes it had more levels as existing content is completed too quickly.,
7888704392,de,-NEON GUY-,5,2021-10-07 17:18:00,Just like the Classic,The game is just like the title of my rating says. It’s like the classic. It makes even more fun to play it with friends. Same figures and Classic victory sounds when you win. But Mighty Eagle is not included I think. Nooooo not mighty Eagle!!! 🦅😜 Funny Game. I recommend it.,0,10.6.6,praise,positive,False,unknown,Player enjoys the classic Angry Birds feel and recommends the game to others.,
7831140182,de,S4schiii,2,2021-09-21 22:44:34,Sehr enttäuschend!,"Ich bin ein großer Angry Birds Fan seit Anbeginn der Reihe. Ich spiele diese Spiele andauernd… auch wenn es nur aus Langeweile ist. Sehr enttäuschend, dass es mittlerweile einfach nur noch abzocke ist. In den Tunieren ist es sehr sehr schwer in die Top 20 zu kommen und das auch nur wenn man mit Items das komplette Level leer räumt. Kommt man hoch genug wird man mit Gold belohnt, was aber noch lange nicht reicht die Items zu kaufen die man braucht. Wer ganz ohne Items spielt (so wie ich eigentlich) hat da überhaupt keine Chance. Mit Angry Birds 2 will ich gar nicht anfangen… einfach nur Abzocke. Mit Angry Birds Reloaded habt ihr wieder alles richtig gemacht. Leider werde ich trotz Riesen Fan nur 2 Sterne vergeben… einfach aus dem Grund, dass das Spielprinzip und die Charaktere einfach nur Genial sind… ihr aber nicht wirklich was draus macht außer bei den Spieler abzukassieren. Ich gehöre noch der älteren Generation an die sich nicht so gutgläubig abzocken lässt. Früher hättet ihr keinen Cent (Pfennig) verdient… von wegen InApp Käufe, Werbung etc. Echt traurig was aus der Welt geworden ist.

Eine Frage hätte ich noch gerne gewusst… wieso gibt es die ganzen Angry Birds Spiele nicht mehr im Store?",0,10.5.0,tournaments_fairness,negative,False,veteran,"Long-time fan frustrated that tournaments are only winnable with paid power-ups, making free play non-competitive.",
7721085645,de,Wilhelm Born,5,2021-08-22 08:44:46,Gute App,Die App ist gut und auch Angry Birds 2,0,10.4.0,praise,positive,False,unknown,Player thinks the app and Angry Birds 2 are both good.,
7552765591,de,leon2629,1,2021-07-08 10:47:39,Unnötiges nerviges Tutorial,Wenn die Entwickler wirklich denken das man bei Angry Birds nicht die Funktion braucht das Tutorial zu überspringen sondern ehr der Meinung sind mir in den Gefühlen ersten 50 Level auf die 🥚zu gehen mit irgendwelchen Erklärungen die in allen anderen spielen genau so waren dann kotzt einen das Spiel in den ersten 5 Minuten schon an,0,10.3.0,ux_ui,negative,True,new,New player is annoyed by the unskippable tutorial that explains obvious mechanics for the first 50 levels.,
7516314072,de,HeinzHerrmann,2,2021-06-28 17:58:18,Nach dem Update fehlen mal wieder die Freunde,"Nachdem letzten Update ist die Freundesliste mal wieder verschwunden. Nur gegen die zwei Vögel zu spielen macht überhaupt keine Laune 
Neuinstallation hat auch nix gebracht",0,10.3.0,social_account,negative,False,unknown,Friends list disappeared again after the latest update and reinstalling did not help.,
7429647324,de,derbusfahrer,1,2021-06-05 14:00:14,Geht mit VPN nicht mehr,Warum geht das Spiel nicht mehr wenn ich am Smartphone VPN aktiv habe. Ging vorher auch. Bitte fixen.,0,10.2.0,bugs_performance,negative,False,unknown,Game no longer works when VPN is active on the player's smartphone.,
7391091722,de,Kokolino0002,1,2021-05-26 16:01:38,Nur mehr Werbung,Aufgrund dauernder Werbung werde ich diese App nicht mehr nutzen und deswegen deinstallieren. Schade war nicht schlecht aber vollmüllen mit Werbung ist nicht mein Ding.,0,10.1.1,ads,negative,True,unknown,Excessive ads are causing the player to uninstall the game.,
7389360625,de,N H J S,5,2021-05-26 06:09:06,Eine Empfelung von mir,Keine Werbung oder andere Werbeanzeigen. Es ist ein super Spiel ich empfehle es euch.,0,10.1.1,praise,positive,False,unknown,Player praises the game for having no ads and recommends it.,
7383308539,de,Phil 2196,1,2021-05-24 17:39:18,Über iPhone nicht Spiel bar,Jedes Mal Interner serverfehler,0,10.1.1,bugs_performance,negative,False,unknown,Game constantly shows internal server errors on iPhone making it unplayable.,
7377552599,de,joeljukka,5,2021-05-23 09:14:32,Suchtpotenzial!!!,Spass,0,10.1.1,praise,positive,False,unknown,Player finds the game fun and addictive.,
7294298607,de,V.K..,3,2021-05-03 19:57:55,"Gutes Spiel,  aber…","Sehr schönes Spiel, macht viel Spaß 
Jedoch ist es sehr traurig das es nur 103 Levels gibt und seitdem ich es installiert habe keine dazu gekommen sind",0,10.0.1,live_events,neutral,False,unknown,Player enjoys the game but is disappointed that no new levels have been added since install.,
7294104235,de,/:-3,1,2021-05-03 18:54:50,Downgrade 😫,Die Ansicht ist zu klein und wird teilweise durch Einblendungen verdeckt. Die Level werden zu groß und zu unübersichtlich. Warum wird das Spiel durch dieses aufblähen kaputt gemacht. Lets go back to the roots. Schade....,0,10.0.1,ux_ui,negative,False,unknown,"Player dislikes the new UI as levels are too large, cluttered, and partially obscured by overlays.",
7250959398,de,Rainer Pabst,1,2021-04-22 13:31:26,Geld her!,"Sorry, aber das letzte Update dient nur dazu, den Spielern noch mehr Geld abzuzocken. Man hat mittlerweile keine Chance mehr, ohne Power-ups einen vorderen Platz zu erreichen. Der Wingman hat ohne zusätzliche Verstärkung kaum noch eine Wirkung. Ich war bisher immer der Meinung, dass ein tolles Spiel auch finanziell belohnt werden soll, aber nach dem letzten Update werde ich keinen Cent mehr dafür ausgeben. Nach dem letzten Update kann man jetzt auch noch Geld fürs Sparschwein ausgeben. Rovio hat anscheinend eine eigene Ideenschmiede um den Spielern noch mehr Geld abzuzocken.",0,10.0.1,monetization,negative,True,unknown,"Player accuses the latest update of being purely designed to extract money, vowing to spend nothing more.",
7207676169,de,Scuf_Aim94,1,2021-04-10 21:00:56,Angry Birds,Das Spiel ist seid heute nicht mehr Spielbar wenn ich ne Runde starte schließt sich das Spiel einfach wieder habe IPhone XR,0,10.0.0,bugs_performance,negative,False,unknown,Game crashes immediately upon starting a round on iPhone XR after today's update.,
7173894928,de,CptPierce,3,2021-04-02 08:17:46,Crasht,Seit dem letzten Update kann ich nicht mehr im Wettbewerbsmodus gegen andere spielen: das Spiel stürzt reproduzierbar ab.,0,9.10.0,bugs_performance,negative,False,unknown,Game reproducibly crashes in competitive multiplayer mode since the last update.,
7169473140,de,Spitzname618903678,1,2021-04-01 05:35:38,Abstürze,"Klicke ich auf den Pokal (um Spiele gegen andere Spieler zu starten), schließt sich die App. App ist auf dem neuesten Stand sowie ich Systemupdate durchgeführt. Super schade :(",0,9.10.0,bugs_performance,negative,False,unknown,App closes every time the trophy button is tapped to start multiplayer matches.,
7104495308,de,Mark.Jay75,4,2021-03-15 05:49:17,Möglichkeit der Zusatzpunkte,Die o.a. Funktion ist leider defekt. Beim Klick des Buttons (Pokal-Symbol) schließt die App automatisch. Der Fehler sollte schnellstens behoben werden!,0,9.10.0,bugs_performance,negative,False,unknown,Trophy button crashes the app and player requests the bug be fixed urgently.,
7101460541,de,Leon h...,5,2021-03-14 10:17:59,Klassisch,"Wenigstens gibt es noch ein OG angry birds spiel.
Die music ist nicht so geil die OG Music is geiler als die Music aus diesem Game.",0,9.10.0,praise,positive,False,unknown,Player appreciates this classic Angry Birds experience but prefers the original music.,
7101050059,de,Ostsee 1952,3,2021-03-14 06:30:33,Abbruch,Seid dem update stürzt das Spiel ab nachdem ich auf den Pokal drücke🙈,0,9.10.0,bugs_performance,negative,False,unknown,Game crashes after pressing the trophy button since the latest update.,
7099082087,de,Yogi der Bär,1,2021-03-13 17:09:07,App schließt sich nach Update 9.10.0,"Seit dem Update auf Version 9.10.0 schließt sich die App dauernd ohne Grund. 
Aber auch vor dem Update hat die App viele Bugs.
Es kommt des Öfteren vor, das man Power Up‘s aktiviert aber dann friert die App ein und man verliert die Power up‘s und man muss neu laden. Cheater sind immer noch sehr aktiv und Rovio bekommt das nicht in den Griff",0,9.10.0,bugs_performance,negative,False,unknown,"Update 9.10.0 causes constant crashes, freezes that waste power-ups, and unresolved cheating issues.",
7097479119,de,Abrafaxfan,1,2021-03-13 08:32:21,Nur noch Absturz nach dem Update 11.3.21,"Warum sollte jemand so blöd sein und hier noch Geld ausgeben. Nach dem Update nur noch Absturz, wenn man in den anderen Spielmodus mit der Schar wechseln will.",0,9.10.0,bugs_performance,negative,True,unknown,Post-update crashes when switching game modes make spending money unjustifiable.,
7090667881,de,ChristBaumKugel,1,2021-03-11 12:00:49,Spiel stürzt nach Update nur noch ab,"Achtung, führt nicht das aktuelle Update durch! 
Wer gern die Turniere spielt, der kommt nicht mehr rein. 
Das Spiel stürzt in dem Moment ab, sobald man auf den Turnier-Button tippt. (Zumindest unter iOS Version 14.4.1)

Sehr schade ist natürlich auch diese unglaublich lange Werbung. Ständig diese 30sek-Werbungen. Ich hoffe, dass man die mal auf max. 10-15Sek. begrenzen könnte.
Ansonsten denke ich, dass ich in der nächsten Zeit das Spiel lösche, weil der „Nerv-Faktor“ schlichtweg zu hoch ist. 

Sehr schade... aber vielleicht ändert sich was 🤷🏻‍♂️",0,9.10.0,bugs_performance,negative,True,unknown,Game crashes on tournament button after update and excessive 30-second ads are pushing player to uninstall.,
7034424600,de,Kate's Dirty Sisters,1,2021-02-24 21:03:32,Pay to win Abzocke!,"Habe mir auf YT walkthrougs aus dem Jahr 2017 angeschaut und festgestellt, dass meine aktuelle 2021er iPhone Version des Spiels mit der alten Version unterscheidet. Bspw. wurde im Level 39 die Anzahl der Schweine reduziert, die zu erreichende Punktezahl deutlich erhöht. Wie lässt sich denn die Veränderung erklären? 

Während AB1 mir immer noch Spaß macht, werde ich von diesem Game frustriert. Aber das ist ja auch das Ziel der Entwickler!",0,9.9.0,monetization,negative,False,unknown,"Player accuses Rovio of deliberately increasing difficulty to force spending, comparing unfavorably to original AB.",
6998612293,de,milli4:),3,2021-02-15 20:16:24,Spiel schön aber Werbung teilweise nicht altersgerecht,Das Spiel macht sehr viel Spaß!! Tolle Grafik und auch für Kinder gut spielbar. Aber die Zombiespiel-Werbung zwischendrin geht gar nicht... Die App ist ab 4 und da sollte auch die Werbung für diese Altersklasse geeignet sein.,0,9.9.0,ads,neutral,False,unknown,Game is fun and kid-friendly but age-inappropriate zombie ads are a serious concern for a 4+ rated app.,
6916409141,de,Juli Ba,1,2021-01-26 16:33:00,Liga wird nicht mehr ausgewertet,"Obwohl ich seit mehreren Wochen immer in der Liga mitspiele, sieht es nach Beendigung der Liga so aus, als ob ich nicht mitgespielt hätte. Dementsprechend bekomme ich auch keine Belohnung/Coins :(",0,9.8.1,economy_rewards,negative,False,unknown,"League participation is not being tracked, resulting in no rewards or coins after weeks of playing.",
6887180993,de,Anjinho,1,2021-01-19 04:27:59,Zu viel und zu lange Werbung!!!,"Langsam ist es genug! Zu oft muss man Werbung sehen! Zu lange Spots! Nach so vielen Jahren, gebe ich nun auf! Schade!!!",0,9.8.1,ads,negative,True,veteran,Long-time player is quitting due to excessive and overly long ad frequency.,
6839048221,de,Schwarzfuss 65,5,2021-01-06 20:19:56,Antrinkest Friends,Super 👍🏿 spiel. Macht sehr viel Spaß 😉,0,9.8.0,praise,positive,False,unknown,Player finds the game very fun and enjoyable.,
6809623570,de,igtkkviv,5,2020-12-30 06:38:01,Ben,Ben,0,9.8.0,other,neutral,False,unknown,Review contains only a name with no meaningful content.,
6784380941,de,bad skorpion,5,2020-12-23 10:18:40,Toll,Voll ok macht Spaß immer weder gerne,0,9.8.0,praise,positive,False,unknown,Player enjoys the game and returns to it repeatedly.,
6762273817,de,DieDoris,1,2020-12-17 08:04:31,Neustes Update hat ein großen Fehler!!!,"Hallo zusammen,
Wenn man sich einen Werbespot ansieht erhält man die “Belohnung” nicht!
Bitte nachbessern",0,9.8.0,bugs_performance,negative,False,unknown,Latest update broke ad reward delivery so players receive no reward after watching ads.,
6761864151,de,Kat's 71,2,2020-12-17 04:56:44,Bonus funktioniert nicht,Schönes Spiel und macht auch Spaß. Leider.... funktioniert der Bonus nicht. 😢,0,9.8.0,bugs_performance,negative,False,unknown,Game is enjoyable but the bonus/reward system is not functioning.,
6755673799,de,Harald1967,1,2020-12-15 11:31:37,Ravio ist der größte Abzocker,"Man sieht sie Bewertungen in mittlerweile vielen, wenn nicht sogar allen Spielen von Rovio, das alle unzufrieden sind.

Lasst es euch gesagt sein - auch die, die es bisher nicht glauben - diese Entwicklerfirma ist der größte Abzocker hier im Store.

Was die mit den Spielern machen ist eine Frechheit.
Werben auch noch mit spielen ab 4+. 

Die nutzen sogar die Kinder aus. 
Spielspaß existiert für die nicht, sondern nur Geld scheffeln.

Kein Spiel von Rovio ist zu empfehlen.",0,9.8.0,monetization,negative,True,unknown,Player strongly condemns Rovio as exploitative and recommends avoiding all their games.,
6749706099,de,Carlo-nr.1,1,2020-12-13 17:24:19,Werbung nervt!,"Mitten im Level 6 des Starcups kommt anstelle der letzten Runde plötzlich Werbung. Diese funktioniert nicht, das Spiel stürzt natürlich ab. Alles bis dahin Gewonnene ist verloren.

Anmerkung eine Woche später: es passiert wieder und wieder.
Letztes Spiel in Runde 6, nicht laufende Werbung, alles im ...
Es macht keinen Spaß mehr, ich werde es deinstallieren.",0,9.7.2,bugs_performance,negative,True,unknown,Recurring crash during Star Cup round 6 caused by a broken ad interruption is costing all progress and driving the player to uninstall.,
6745311811,de,fussball1+,5,2020-12-12 13:55:54,Alles super,Ok,0,9.7.2,praise,positive,False,unknown,Brief positive review with no specific feedback.,
6669631482,de,n u t z e r,5,2020-11-21 11:15:35,Cooolll,Cool ohne Werbung,0,9.6.0,praise,positive,False,unknown,"Player finds the game cool, especially without ads.",
6652073565,de,alashkar55,5,2020-11-16 14:07:58,ssc67676665,Perfect !,0,9.6.0,praise,positive,False,unknown,Short positive review calling the game perfect.,
6612646263,de,Illu76,4,2020-11-05 19:37:55,Das gute alte AB,ich finde die ganzen Update haben das Spiel verschlechtert das Spiel (AB friends)was immer gespielt habe seit dem die neuen Updates raus kamen bemerkte ich das es nicht mehr so viel Spaß macht 😫,0,9.6.0,live_events,negative,False,veteran,Long-time player feels recent updates have diminished the fun compared to earlier versions of the game.,
6535549021,de,Yuhni,1,2020-10-14 21:40:43,Trauerspiel,"Warum ändern, wenn etwas gut war? Zurück mit dem alten Angry Birds. Das was die Leute lieben und schätzen..",0,9.5.1,live_events,negative,False,unknown,Player wants the game reverted to its original beloved state before updates changed it.,
6463833925,de,doggohunde,3,2020-09-24 15:14:20,AB Friends,"Das Spiel finde ich gut, man spürt so ein bisschen den Geist von alten AB Spielen, aber #bringback2012",0,9.4.0,live_events,neutral,False,unknown,Player enjoys the classic AB feel but wants the 2012 version back.,
6453739881,de,Ulf 1217,1,2020-09-21 19:21:22,Schade,"Seit dem letzten Update bekomme ich die täglichen
free Birds nicht mehr.
Support ist leider nicht erreichbar.
Schade, hab das Spiel sehr gerne gespielt.",0,9.4.0,bugs_performance,negative,True,unknown,Post-update loss of daily free Birds and unreachable support has soured a previously enthusiastic player.,
6429320872,de,RieseZwerg,1,2020-09-14 20:05:00,nach update absolute Enttäuschung,"Nach dem update letzte Woche ist es nicht mehr möglich, durch das Schauen von Werbevideos zusätzliche powerups zu erhalten. Dadurch ist das Spiel für mich leider uninteressant geworden.... schade!",0,9.4.0,bugs_performance,negative,True,unknown,"Update broke ad-rewarded power-up system, making the game no longer worthwhile for this player.",
6414133402,de,Bigfootdemau,1,2020-09-10 10:09:29,Herausforderung?,"Das Spiel ist viel zu einfach, bin kein Profigamer und habe ein Level niemals 2 mal versuchen müssen",0,9.4.0,progression_difficulty,negative,False,unknown,"Player finds the game far too easy, never needing to retry a level even as a casual gamer.",
6360580789,de,Db_Berlin,1,2020-08-25 21:02:05,Abzocke,"An sich ein schönes Spiel. Nur um unter too 10 zu kommen muss man mehr investieren als die vorgegebenen Vögel.
Und das kostet nach einer Weile Geld, den nicht alle Mitspieler sind echt. Man spiel gegen eine Software, die uns zum investieren zwingt, wenn wir top sein wollen. Schade",0,9.3.2,tournaments_fairness,negative,False,unknown,Player accuses the leaderboard of being populated by bots that force spending to compete for top positions.,
6299766691,de,Hanssss1122444,4,2020-08-09 19:38:22,Bring back 2012,I want angry birds stella and angry birds star wars 2 plss i miss them soooo much :(,0,9.2.2,feature_request,positive,False,unknown,Player requests the return of Angry Birds Stella and Star Wars 2.,
6245038913,de,RSC165,5,2020-07-26 19:25:56,"Das sollte man spielen,","2020... Quarantäne aber egal. Mir war langweilig und dann fand ich dieses Spiel🙃. Das Spiel was ich von klein auf gespielt habe, dass das Spiel immer noch Spaß macht hätte ich nie gedacht.   Wurde es jedem empfehlen.",0,9.0.0,praise,positive,False,returning,Returning player rediscovered the game during quarantine and is delighted it is still fun.,
6112591477,de,Acidisee,1,2020-06-23 14:46:50,Update,"seit Jahren spiele ich ABF, immer mit viel Spaß..... wenn nicht gerade Cheater in der Liga sind.

Mittlerweile habe ich über 500 ABF-Freunde. Das war ja auch ihr Prinzip: laden Sie Freunde ein, senden Sie täglich Geschenke und Sie bekommen von Ihren Freunden Geschenke zurück....... hab ich auch fleißig gemacht und das jeden Tag.
Jetzt kann man nur noch maximal 30 Geschenke täglich erhalten und senden?
Was ist das denn für eine Rechnung...... die geht bei mir nicht auf...... ich mache also täglich großes Minus und mittlerweile verliere ich viele Freunde.
Was habe ich mit ihren Serverproblemen zu tun ?",0,8.8.1,economy_rewards,negative,True,veteran,Veteran player with 500+ friends is frustrated by a new 30-gift daily cap that undermines the gifting system and causes friend loss.,
6049958312,de,Boogie Town bye bye,1,2020-06-08 08:42:08,"Since the Update, it’s fairly poo...","Like the title says, it’s now fairly poo. You can now use lots of power ups instead of one of each. Of course that means they’re all gone within five minutes, but wait!! You can buy more, with real hard earned cash!! If you don’t, you’ll always be last. Coool...",0,8.7.1,monetization,negative,False,unknown,"Update allows multiple power-up uses, draining supply fast and forcing real-money purchases to stay competitive.",
6006431671,de,Temardo,3,2020-05-28 20:44:54,Update für mehr Umsatz,"AB Friends ist eigentlich das einzige Spiel auf dem IPhone, welches ich regelmäßig spiele. 
Doch durch das letzte Update hat man kaum eine Chance mehr, wenn man kein Geld ausgibt. 
Bisher ist man gut über die Runden gekommen und hatte durchaus die Chance vordere Plätze zu belegen. Seit dem letzten Update kann man gleiche Items mehrmals pro Spiel verwenden. D.h. man verbraucht mehr, wenn man vorne mitspielen will und man soll offensichtlich dazu verleitet werden (mehr) Geld auszugeben. 
Schade",0,8.7.1,monetization,negative,False,unknown,Latest update makes it nearly impossible to place well without spending money due to multi-use power-up mechanic.,
5997230131,de,Eddi1971,4,2020-05-26 18:14:40,10 Jahre und immer noch richtig gut!,"Super, aber seit neusten hakt es. Support kann ich nicht erreichen. Ärgerlich wenn man den wingman kurz vor dem Sieg mehrmals nicht auswählen kann und die Powerups nicht reagieren! Spiel seit 10 Jahren immer noch super, aber das ärgert mich schon. Wie soll man den Support nutzen ?!",0,8.7.0,bugs_performance,neutral,False,veteran,Ten-year player enjoys the game but frustrated by wingman selection and power-up responsiveness bugs with no support response.,
5986834941,de,gkvkhgf,2,2020-05-24 07:29:20,:(,Ich sehe es wie Fast alle hier: ICH WILL DAS KLASSISCHE ANGRY BIRDS ZURÜCK!!! Kann mir jemand sagen warum Angry birds nicht mehr im App store ist?,0,8.7.0,feature_request,negative,False,unknown,Player wants the classic Angry Birds game back and asks why it was removed from the App Store.,
5984051018,de,raikerb,3,2020-05-23 15:16:00,bin entäuscht,"ich spiele AB seit jahren und dann kam dass hier. erst habe ich mich gefreut doch jetzt... 
Es hängt sich auf im Spiel. Setze ich ein Joker ein passiert nichts trotzdem ist er weg. Und die Grafik... naja.
3 Sterne aber wirklich nicht mehr",0,8.7.0,bugs_performance,negative,False,veteran,Long-time player disappointed by game freezes and jokers disappearing without activating after an update.,
5975721223,de,wiht pro,5,2020-05-21 18:21:30,Es war mal gut Ader is coll,Gutes Spiel,0,8.7.0,praise,positive,False,unknown,Brief positive review calling the game cool and good.,
5966412274,de,squidwardyur,4,2020-05-19 16:24:46,Geht,Ich finde dass spiel nicht schlecht aber ich möchte wieder Angry birds 1 spielen,0,8.7.0,feature_request,neutral,False,unknown,Player finds the game okay but wants to play the original Angry Birds 1 again.,
5932090876,de,hassan9474,5,2020-05-11 15:41:06,Der blöde Teil,Ich stand auf und dann könnte ich nie wieder spielen weil mein Handy nicht so richtig geht,0,8.7.0,bugs_performance,neutral,True,unknown,Player can no longer play because their phone stopped working properly.,
5924680069,de,JK4414,1,2020-05-09 19:31:43,stürzt nur noch ab,"iPhone XS

Seit nach jedem Level der unnötige Screen „deine bisherigen Erfolge“ eingeblendet wird, stürzt das Spiel auch nach jedem Level ab. Muss dann die App schließen und komplett neu starten. 
Ihr wart so stolz auf die „fliegende Münzen“-Animation, blöd nur, dass es nicht funktioniert. Habe schon zwei Anfragen an den Support geschickt, keine Antwort. Verstehe nicht, warum man immer alles verschlimmbessern muss. So macht das Spiel definitiv keinen Spaß mehr.",0,8.6.0,bugs_performance,negative,False,unknown,"Game crashes after every level since a new achievements screen was added, with no response from support.",
5901832248,de,Ludisohn,5,2020-05-04 13:46:19,"Super,macht echt Spaß",😀,0,8.6.0,praise,positive,False,unknown,Short positive review saying the game is super fun.,
5876475041,de,busmaster74,5,2020-04-28 19:38:03,Turnierbelohnung mit 1 Tag Verzögerung bekommen,"Daher jetzt von 1 zu 3 Sternen geändert. Nichtsdestotrotz hat das Spiel durch das große Update gelitten. 
Performance ist zwar besser geworden, aber dennoch hat es Spielfreude eingebüßt. 

Und warum kann man eigentlich nur den Ton im Ganzen ausmachen. Toll wäre die Musik separat ausstellen zu können",0,8.6.0,economy_rewards,neutral,False,unknown,"Tournament reward arrived a day late, and while performance improved post-update, overall enjoyment has declined.",
5846946985,de,whvdb,3,2020-04-22 06:56:12,3 Sterne,"Das Spiel kann man gut spielen. Der Schweine Turm ist super und gut gemacht.

Leider ist es im Turnier sehr darauf ausgelegt mit Geld, Goldmünzen Zukauf um sich gegen über den gegen Spieler einen Vorteil zu verschaffen.
Dazu kommt noch das wenn man mit dem Timer spielt werden Turniere einfach mal so verlängert..",0,8.5.0,monetization,neutral,False,unknown,"Tournaments are heavily skewed toward pay-to-win with gold coin purchases giving unfair advantages, and timers are extended arbitrarily.",
5780530634,de,Nolu 2,1,2020-04-08 11:53:25,Kein Spaß,Was ist los zur Zeit?? Macht endlich Fehlerbehebung!! Die Birds werden angeklickt und es passiert nichts auch nach mehreren Minuten!! Beim Neustarten sind die Birds aber weg obwohl nicht benützt!! Echt ätzend!!,0,8.4.0,bugs_performance,negative,False,unknown,Birds become unresponsive to clicks and disappear without being used after restarting.,
5765063719,de,moppelfather,2,2020-04-05 07:26:09,Enttäuscht,"Seit dem letztjährigen Update nervt es doch sehr. Das Spiel muss andauernd neu gestartet werden(iPhone ausschalten und wieder einschalten) . Komischerweise funktioniert die Werbung immer, aus einem prima funktionierenden Produkt welches ich immer sehr gerne gespielt habe ist eine Rovio Cash Cow geworden bei der nur noch die Werbung im Vordergrund steht und der Spielspaß deutlich in den Hintergrund getreten ist. Sehr sehr schade.",0,8.4.0,bugs_performance,negative,False,unknown,"Game requires constant restarts while ads work flawlessly, turning a formerly great product into a cash cow.",
5745737308,de,Isegrim von Oberwald,2,2020-04-01 12:24:11,Evolution rückwärts,"Ich vermisse die alten AB Versionen (1, Star Wars etc.). AB 2 ist wie so ein chinesischer Spielzeug Roboter, Blink klick zig mal unnötige Sequenzen bis man endlich spielen kann, total nervig. AB Friends ist ok, außer das es Pay to win ist sehr schade. AB ist nicht mehr was es einmal war...es waren mal die besten Spiele im Store.",0,8.4.0,monetization,negative,False,unknown,Player misses older Angry Birds versions and criticises Friends for being pay-to-win with excessive unnecessary sequences.,
5708583317,de,Navidski,1,2020-03-25 00:45:38,Rubbish,"Since they made changes, this game has become a boring, lazy permanently repetitive hideous game. 
It’s amazingly awful and unimaginative.
Been playing it for ten years, but not any longer. One star is actually far too much",0,8.3.0,live_events,negative,True,veteran,Ten-year veteran quits due to the game becoming repetitive and unimaginative after recent changes.,
5654498960,de,Buster Swanson,5,2020-03-13 11:49:25,Rovio rockt!,"Angry Birds hat mich noch nie enttäuscht. Egal welches Spiel oder welcher Teil. Immer wieder abwechslungsreich und unterhaltsam. 
Danke an das Rovio Team für extrem viele Stunden Spielspass!",0,8.3.0,praise,positive,False,unknown,Player praises Rovio for consistently delivering varied and entertaining Angry Birds experiences.,
5575647081,de,Marlon Lusso,5,2020-02-24 20:02:16,Angry Birds & Angry Birds 2,Echt cool,0,8.1.0,praise,positive,False,unknown,Brief positive review calling Angry Birds cool.,
5463044784,de,Nero uno,3,2020-01-29 16:28:03,Bleibt häufig hängen,"Seit dem letzten Update hängt sich das Spiel häufig auf. Außerdem nervt die Häufigkeit und Penetranz der Werbung. 
Auf meinem alten iPad ruckelten die Vögel beim Flug, das ist erfreulicherweise mit dem neuen iPad Pro verschwunden.",0,8.0.1,bugs_performance,negative,False,unknown,Game frequently freezes since the last update and ad frequency is annoyingly high.,
5452411541,de,MrRobotic,1,2020-01-26 20:21:07,Sehr ärgerlich,"Ich hab das Spiel wirklich häufig und gerne gespielt. Nun das Update auf meinen iPad installiert und was passiert?

ES LÄUFT NICHT MEHR !!

Beim Start wird es sofort wieder beendet. Na super, was für ein Mist",0,8.0.0,bugs_performance,negative,False,unknown,Game immediately crashes on launch after the latest update and is completely unplayable.,
5426650584,de,Guest 1288 ?,5,2020-01-20 09:44:15,Angry Birds friends,"Guest 652, hängt ständig fest. Heute,16.1.20 kein spielen möglich.Bleibt ständig hängen. Habe es gelöscht und neu heruntergeladen. Bleibt nach kurzer Zeit wieder hängen.",0,7.9.0,bugs_performance,negative,False,unknown,Game constantly freezes and remains unplayable even after deleting and reinstalling.,
5426507047,de,05erFan,1,2020-01-20 08:48:41,Miserabel,Hängt nur noch fest,0,7.9.0,bugs_performance,negative,False,unknown,Game does nothing but freeze.,
5415706118,de,SF710,1,2020-01-17 16:40:18,Einfach nur teuer wenn man weiter kommen möchte,Ich habe bisher alle alten Angry Bird Versionen gespielt. Bei dieser Version finde ich es aus meiner Sicht einfach nur unverschämt zu welchem Preis es die Powerups gibt ohne die man aber nicht wirklich weiter kommt. Da wird einem das Geld aus der Tasche gezogen. Ich habe mich entschlossen keine Version mehr von Angry Birds weiter zu nutzen und habe alle wieder deinstalliert.,0,7.9.0,monetization,negative,True,unknown,"Player finds power-up prices outrageous, feels progress is gated behind spending, and has uninstalled all Angry Birds games.",
5365239804,de,Bestuli,1,2020-01-05 17:46:42,"SCHLECHT !! SEHR SCHLECHT ,!","Was für ein schlechtes Update !! Die vorherige Version war um Schaltjahre BESSER !! Immer gegenüber der vorherigen 
Version : Design : Kleiner , unübersichtlicher ! Spiel : ""hakelig"" , Vögel kann man erst im 2. oder 3. Versuch abschiessen ! Return : dauert  ""ewig"" bis ein neuer Durchgang startet ! Power-Ups : häufig wählt man 3 oder 4 aus und DANN stürzt das Programm ab : Power-Ups WEG , Spiel KOMPLETT neu starten! Ich spiele seit Jahren AB , jetzt überlege ich ernsthaft den ganzen Schrott zu löschen ! SCH......ADE !!!!",0,7.8.1,bugs_performance,negative,True,veteran,"Long-time player seriously considering quitting due to crashes, lost power-ups, sluggish controls and poor design after update.",
5299199087,de,NicknameiPhoni,1,2019-12-21 08:45:01,Häufiger Absturz. Letztes Update ist übel!,"Wenn es funktioniert hat, ist es ein schönes Spiel gewesen, aber es ist oft auf ipad2, 32 GB nicht spielbar...
Das ipad2 ist das weltweit verbreitetste ipad und läuft max. auf iOS 9.3. bitte bedenkt das!
Die neue Überarbeitung sieht aus wie AB2 und ist in meinen Augen überladen, die Spielfläche zu klein und in der Gesamtdarstellung häßlich. Schade! Spiele seit bestimmt 2012 mit und nun sieht es wohl nach Abschied aus.... 😢
Könnt ihr das nicht rückgängig machen? 😇😉
Viele gehen wahrscheinlich...",0,6.0.6,bugs_performance,negative,True,veteran,Player since 2012 finds the game unplayable on iPad 2 after the redesign and hints at leaving.,
5268571040,de,lillynea22,4,2019-12-13 17:47:52,Es geht,"Also ich finde das Spiel macht Spaß aber des nervige ist das es nur mit Internetverbindung geht 🙁 oder wenn man alles zerstört hat dann hat man nur 2 Sterne  oder 1 Stern 
Aber sonst sehr cooles Spiel!😜",0,7.7.0,bugs_performance,positive,False,unknown,Game is fun but requires internet connection and scoring feels off when destroying everything.,
5264571371,de,heutigernutzer,1,2019-12-12 17:12:37,Aktuelle Version ist Mist,"Die aktuelle Version speichert keine Spielstände, wenn man ein Spiel mit 3 Sternen erfolgreich beendet hat.

Das ist Murks hoch 10",0,7.7.0,bugs_performance,negative,False,unknown,Current version fails to save progress after completing levels with 3 stars.,
5263224442,de,Finanzer,1,2019-12-12 10:29:33,Seit Update schlecht,Slingscope ist deaktiviert und kann nicht mehr gewählt werden. Das Designe kann man vergessen. Leider muss man mindestens 1 Stern vergeben. Hoffentlich kommt bald Nachbesserung!,0,7.7.0,ux_ui,negative,False,unknown,Slingscope is disabled after update and the new design is considered a step backwards.,
5262782093,de,Bemmi09,5,2019-12-12 08:17:51,Bennet,"Alle Spiele sind super, super toll. Es lohnt sich die Spiele zu Laden.aber ich kann es plötzlich nicht mehr laden, was ist los. ?
Alles wieder zu spielen und es macht einen riesigen Spaß.
Weiter so , es geht super weiter und bringt unglaublich viel Spaß.Immer weiter so.Es macht immer noch großen Spaß",0,6.0.6,praise,positive,False,unknown,Player loves all the games and finds them great fun despite occasional loading issues.,
5253359313,de,Fridajule,1,2019-12-09 19:26:17,Schlechter geworden!,Seit dem letzten Update nicht mehr gut. Schlechtere Grafik und bleibt ständig hängen. Muss dann das Gerät runterfahren und wieder hoch wenn ich weiterspielen will. Bitte schnellstens nachbessern.,0,7.7.0,bugs_performance,negative,False,unknown,Latest update caused worse graphics and constant freezing requiring device restarts.,
5249659161,de,Glubsche4711,2,2019-12-08 18:59:51,V,Die neue Version ist unansehnlich,0,7.7.0,ux_ui,negative,False,unknown,New version's visual design is considered unappealing.,
5247861447,de,Betula123,3,2019-12-08 09:23:41,Fehler in Star Cup,"An sich noch gut bis auf das neue Design. Und es nervt, dass im Star Cup in den Leveln die Punkte der Gegner oft falsch angezeigt werden.",0,7.7.0,bugs_performance,neutral,False,unknown,New design is disliked and opponent scores in Star Cup are often displayed incorrectly.,
5245609192,de,TesterBln,1,2019-12-07 19:11:23,"Rovio, Rovio...","...was für eine gequirlte Secihße! Ihr spart an Entwicklern und Programmieren, drückt uns Werbung ohne Ende auf, gestaltet eure Spiele, dass man gezwungen ist, etwas zu kaufen... Und dann stürzen eure Spiele auch noch ständig ab und keiner hat Bock, sowas zu spielen. Hochmut, Gier und Sparmaßnahmen kommen vor dem Fail, erm, Fall!",0,7.7.0,monetization,negative,True,unknown,"Player slams Rovio for forced ads, pay-to-win design, crashes and cost-cutting on development.",
5243482258,de,ernestoistda,1,2019-12-07 08:44:07,"Ärgerlich,Webung","Das ist die größte Schweinerei.Da werden angeblich beim Update 
Spielverbesserungen angekündigt,in Wirklichkeit wird da nur Werbung eingebaut,mitten im Spiel.Man kann sie auch nicht wegdrücken und muß den Schrott anschauen bis zum Ende.
Leider muß man einen Stern vergeben!",0,7.7.0,ads,negative,False,unknown,Update secretly added unskippable mid-game ads instead of the promised improvements.,
5243244313,de,Stumpenraini,5,2019-12-07 07:24:45,Angry Birds Friends,"Die neue Version ist verbesserungswürdig; Vögel mit unter zu lahm und merkwürdige Addition bei Special 
5 Sterne, wenn alles funktioniert",0,7.7.0,bugs_performance,neutral,False,unknown,New version needs work as birds feel sluggish and special scoring additions seem incorrect.,
5235463504,de,Power mac,1,2019-12-05 08:11:31,Es ist tatsächlich gelungen...,"...das Spiel in der Werbung unterzubringen.
Ein weiteres Highlight, nach dem Update häufen sich die Fehler, zielen wird zur Glückssache, Punkte werden nicht oder nicht richtig addiert, mitten im Spiel ein Abbruch.
So endet es mit dem bekannten Spruch:
Es war einmal......",0,7.7.0,bugs_performance,negative,True,unknown,"Post-update issues include intrusive ads, aiming luck, incorrect point tallying and mid-game crashes.",
5225868691,de,Uhuline,2,2019-12-02 18:14:56,Version,Die alte Version war deutlich besser,0,7.6.1,ux_ui,negative,False,unknown,Old version was clearly better than the current one.,
5223917597,de,Ingeborg-HH,2,2019-12-02 06:26:09,Update mehr als enttäuschend,"Was soll das denn??!!! 
Da spielt man etwas jahrelang gern u dann wird es mit einem Update gruselig. Vielleicht hättet ihr mal Testgruppen verwenden sollen. 
Und mit der Meinung ist man hier nicht allein 
Bye bye",0,7.6.1,ux_ui,negative,True,veteran,Long-time player is quitting after a ruinous update ruined a game they had enjoyed for years.,
5211852734,de,muggi64,3,2019-11-29 12:08:20,Angry Birs,"Warum habt ihr das Spiel kaputt erneuert?
Es dauert ewig das Spiel erneut, nach einem schlechten Ergebnis neu zu starten, um besser zu werden.",0,7.6.1,bugs_performance,neutral,False,unknown,Restart time after a poor run is frustratingly slow since the update.,
5208615073,de,JulchenSch,1,2019-11-28 17:16:41,Version Nov 2019 defekt,"Ich bin total enttäuscht: seit die neue Version verfügbar ist, kann ich nicht mehr Angry Birds Friends spielen! Ich werde aufgefordert die neue Version zu laden, habe sie aber bereits geladen....
So loopt das Login und ich komme nicht rein 😭",0,6.0.6,bugs_performance,negative,True,unknown,"Login loops endlessly after installing the new November 2019 version, making the game unplayable.",
5208315692,de,Mickylouis,5,2019-11-28 15:42:05,Update ist Mist,"Zu langsam, schlechte Rechenleistung, frustrierend",0,7.6.1,bugs_performance,negative,False,unknown,"Update made the game too slow, with poor performance and a frustrating experience.",
5204748817,de,HeinzBecker,1,2019-11-27 18:38:46,Update verbockt...,"Seit dem neuesten Update ruckelt alles nur noch, außerdem sieht jetzt alles total blöd aus; so wie AB Friends 2. Total daneben.",0,7.6.1,bugs_performance,negative,False,unknown,Latest update causes stuttering and a visual redesign reminiscent of the disliked AB Friends 2 style.,
5204584255,de,BlaBla164,1,2019-11-27 17:38:54,Furchtbar seit dem Update,Schlechtes Design und nichts funktioniert mehr. Ich liebe dieses Game aber nach dem Update macht es keinen Spaß mehr. Schade!,0,7.6.1,bugs_performance,negative,False,unknown,Update broke the game with bad design and functionality issues despite the player's love for it.,
5201741660,de,phelonia,2,2019-11-27 02:00:40,Vorherige Version besser,Die vorherige Version war besser und übersichtlicher,0,7.6.1,ux_ui,negative,False,unknown,Previous version was better and more clearly laid out than the current one.,
5200708660,de,Kurzname nicht verfügbar 8,1,2019-11-26 19:33:36,Katastrophales Update,"Beim starten muss man dem Button auf ein Update folgen, dieser verbindet mich mit der Angry Cloud wo man direkt zum ITunes Store weitergeleitet wird, dort ist dann kein Update sonder man kann das Spiel wieder öffnen womit dann alles wieder von vorne anfängt. Endlosschleife zum sinnfreien Zeitverschwenden, danke für nichts.",0,6.0.5,bugs_performance,negative,False,unknown,Update triggers an endless login loop between the app and the App Store making the game inaccessible.,
5200256078,de,Betty 5357,1,2019-11-26 16:45:13,Kann kein Update machen,Warum kann ich auf dem iPad kein Update machen?Angry Birds 2 läuft gar nicht.Sehr schade,0,6.0.6,bugs_performance,negative,False,unknown,Unable to update the game on iPad and Angry Birds 2 does not run at all.,
5199582697,de,Katerle #,5,2019-11-26 13:07:17,Super Spiel,Über Jahre Top!,0,7.6.1,praise,positive,False,veteran,Player considers the game top-quality and has enjoyed it for years.,
5198737989,de,Neo1o1,2,2019-11-26 08:24:15,☹️,Stürzt ständig ab..,0,7.6.1,bugs_performance,negative,False,unknown,Game crashes constantly.,
5196963780,de,Ralfjulius,2,2019-11-25 20:44:17,Oje.....,"Ladezeiten gefühlt doppelt so lange als bisher; wahrscheinlich der etwas besseren Grafik geschuldet.
Für mich keine Verbesserung.......",0,7.6.1,bugs_performance,negative,False,unknown,"Loading times feel roughly doubled after the update, perceived as no improvement.",
5196359845,de,Christophgrahl,1,2019-11-25 16:34:34,Eher Downdate,"Nicht nach jedem Update ist’s auch besser. Abgesehen davon, dass es nun total unübersichtlich ist, ist die Schrift zu klein. Der Wiederholungsbutton reagiert, wenn überhaupt, erst nach dem 4ten mal draufpatschen.
Bitte wieder zurück zum alten Outfit und lasst die Knöpfe bitte wieder dahin wandern wo sie waren und vor allem auch reagieren wenn man draufpatscht!
So macht’s keinen Spaß mehr!",0,7.6.1,ux_ui,negative,False,unknown,"Post-update layout is cluttered, text is too small and buttons are unresponsive, ruining enjoyment.",
5196108223,de,Reliant82,3,2019-11-25 15:31:34,Update November 19,"Das es jetzt schwieriger ist 3 Sterne zu bekommen ist noch okay, aber das man den Wiederhol Button xmal antippen muss bis der reagiert ist ein schlechtes Update",0,7.6.1,bugs_performance,neutral,False,unknown,Difficulty increase is acceptable but the repeat button is unresponsive after the update.,
5190628555,de,angry-flower,1,2019-11-24 08:35:30,Nach Update schlecht,"Ist meine erste Rezension 
Spiele das Spiel schon längere Zeit 
Nach Update längere Wartezeiten im Game 
Nachbesserung von Nöten!!!",0,7.6.1,bugs_performance,negative,False,unknown,Post-update loading times are much longer and need to be fixed.,
5190614342,de,Woisnix,1,2019-11-24 08:30:49,Macht keinen Spaß mehr,"Seit dem neuen update macht es keinen Spaß mehr. Ruckelig und viel zu langsam. Was wollt ihr damit bezwecken? Wollt ihr alle treuen Spieler, die schon jahrelang am Ball sind, loswerden? Bitte wieder in den vorherigen Zustand versetzen, sonst habt ihr mich los.",0,7.6.1,bugs_performance,negative,True,veteran,"New update made the game laggy and slow, long-time player threatens to quit if not reverted.",
5187275405,de,mic1,1,2019-11-23 15:14:19,Nach dem Design-Update...,"... im November 2019 leider nicht mehr flüssig spielbar. Hakelig, unübersichtlich und grausam. Nach vielen Jahren des regelmäßigen Spiels nunmehr nur noch zum heulen. Weniger wäre mehr gewesen.",0,7.6.1,ux_ui,negative,False,veteran,"November 2019 design update made the game choppy, cluttered and no longer enjoyable after years of play.",
5186683813,de,Pappel Muse,1,2019-11-23 13:00:25,Bewertung,Viel zu langsam bist das neue Spiel aufgebaut wird das alte war viel besser so werde ich das Spiel nicht mehr weitermachen so ein ............,0,7.6.1,bugs_performance,negative,True,unknown,"New game loads too slowly compared to the old version, player is quitting.",
5185764721,de,MiBrueHK,1,2019-11-23 09:04:44,Performance deutlich verschlechtert mit Version vom 19.11.2019,"Die Bedienbarkeit hat mit der Version vom 19.11.2019 extrem gelitten. Nicht nur, dass die Grafik ruckt und hakelt, auch der Button zur Wiederholung eines Levels braucht teils 3-4 wiederholte Taps, bis er reagiert. Und das alles auf einem iPad Pro Generation 1, also nicht der neuesten, aber auch nicht der schwächsten Hardware.
Das Urteil „Verschlimmbesserung“ ist hier mehr als gerechtfertigt. Nervt nur noch.",0,7.6.1,bugs_performance,negative,False,unknown,Version from 19.11.2019 introduced stuttering graphics and an unresponsive repeat button even on capable hardware.,
5185350119,de,Logomat,1,2019-11-23 07:08:39,Nahezu unspielbar nach dem Update,"Stürzt dauernd ab, Gegner im Star Cup durch die Bank doppelt so stark, Start des Spiels dauert deutlich länger (iPad Pro 11“), macht so kein Spaß",0,7.6.1,bugs_performance,negative,False,unknown,"Frequent crashes, longer load times and much stronger Star Cup opponents make the game unplayable after the update.",
5182100770,de,Leiderkeinnick,3,2019-11-22 15:52:19,Bisher hat es mir gut gefallen,"Eigentlich ein tolles Spiel, was ich sehr gerne spiele.
Die immer längere Werbung ist allerdings zu heftig, dazu immer dieselbe. Das stört mich schon länger.
Das neue Design jedoch mag ich garnicht. Die Textenblöcke und damit die neue Schrift,sind kleiner als bisher und sehr schlecht zu lesen.
Das hättet Ihr Euch echt sparen können. Schade!

Nachtrag: Habe das Spiel nun gelöscht und muss mich bedanken: Habe jetzt viel mehr Zeit für andere Dinge.",0,7.6.1,ux_ui,negative,True,unknown,"New design features smaller, hard-to-read text and combined with annoying repetitive ads the player deleted the game.",
5178029060,de,jacobine01,3,2019-11-21 19:38:40,Neues Design gefällt mir gar nicht!!!,"Das neue Design finde ich überhaupt nicht gut, mir hat das vorige viel besser gefallen. Weiß nicht, ob ich Angry Birds so noch lange spielen werde.",0,7.6.1,ux_ui,negative,False,unknown,Player dislikes the new design and is uncertain about continuing to play.,
5177204045,de,Vareser,1,2019-11-21 14:40:59,Angry birds,Das neue Game Play finde ich gar nicht so toll,0,7.6.1,ux_ui,negative,False,unknown,Player is not impressed with the new gameplay design.,
5175930630,de,Rk1989bkw,2,2019-11-21 08:26:33,Neues Update hat Macken,"Ich liebe dieses Spiel aber mit dem neuen Update ist alles sehr langsam geworden! iPhone 7 Plus - vorher lief alles tip-top, schaut euch das nochmal an bitte. Dann gibts auch wieder 5 Sterne 😉",0,7.6.1,bugs_performance,negative,False,unknown,New update caused significant slowdowns on iPhone 7 Plus where the game previously ran perfectly.,
5175309106,de,Gussi90,2,2019-11-21 04:27:52,Wenn das Update voller Bugs ist,"Da gab es wohl keine Qualitätssicherung. Mit dem Update sind viele bugs in die eigentlichen Level eingebaut werden. Im Turnier Modus fällt es einem echt schwer nun noch dabei zu bleiben, wenn bugs einem die Runde versauen.
Die neue Ansicht ist sicherlich Geschmacksache, trifft meinen Geschmack aber nicht.",0,7.6.1,bugs_performance,negative,False,unknown,Update introduced bugs into tournament levels and the new UI layout is not to the player's taste.,
5174352267,de,GUNTERHUSBAND,1,2019-11-20 21:58:58,FORMAT CHANGE,The change of format sucks! I HATE IT. It takes TOO LONG!,0,7.6.1,ux_ui,negative,False,unknown,Player strongly dislikes the format change and finds it takes too long.,
5078739271,de,Madshay,1,2019-11-03 10:35:40,Alles weg,"Trotz Verknüpfung mit Facebook alles weg soll wieder bei Null anfangen😡
Nein danke das ist sehr enttäuschend!",0,6.0.5,social_account,negative,True,unknown,Facebook-linked account lost all progress and player is forced to start from scratch.,
5057128308,de,Daddv,2,2019-10-31 19:24:18,Miese Ladezeiten,"Lädt langsam oder gar nicht auf IPhone X, weder im wifi noch 4G. Onlinezwang für jede Aktion nervt",0,6.0.5,bugs_performance,negative,False,unknown,Slow or failed loading on iPhone X over both Wi-Fi and 4G is frustrating.,
5047192860,de,Schisserchen,3,2019-10-29 19:32:48,Hängt sich seit neuestem ständig auf,"Die alten Spiele waren die besten. Dieses geht noch so, aber seit neuestem hängt es ständig. Schade.",0,6.0.5,bugs_performance,neutral,False,veteran,Game has been freezing frequently lately despite older titles being better.,
4969378270,de,Marabuntas,1,2019-10-18 21:42:02,Da braut sich wirklich was zusammen ...,"seit dem Halloween Update geht gar nix mehr ... 🤨👹🎃
Spiel startet nicht mehr ...",0,6.0.5,bugs_performance,negative,False,unknown,Game stopped launching entirely after the Halloween update.,
4909031121,de,gleychen,4,2019-10-08 12:53:24,Macht Spaß,Aber seit Wochen gibt es bei den Zusatzspielen keine zombieschweine mehr. Fehler bitte beheben,0,6.0.4,bugs_performance,positive,False,unknown,Enjoyable game but zombie pigs have been missing from bonus mini-games for weeks.,
4782763549,de,akira one,2,2019-09-15 08:05:23,Angry Birds Friends,"Früher hat das Spiel viel Spaß bereitet. Heute verstehe ich die Punktevergabe nicht mehr. Bin auf Platz 1 und es sind zwei
 kleine Teilchen zurück. Am nächsten Tag rutsche ich auf Platz 30. Wie ist es möglich?",0,6.0.4,tournaments_fairness,negative,False,unknown,Player is confused and frustrated by unexplained overnight ranking drops from 1st to 30th place.,
4715987424,de,HTMH,3,2019-09-02 17:38:48,Weniger Werbung wäre was.,Die Werbung Nervt.,0,6.0.4,ads,negative,False,unknown,Ad frequency is annoying and should be reduced.,
4577996312,de,Störnchen,2,2019-08-06 17:25:35,Momentan macht es echt keinen Spaß,"Seit einigen Wochen kann ich meine Levelpunkte nicht mehr sehen, sie werden einfach nicht geladen. 
Ich spiele dieses Spiel echt sehr gern und spiele es auch gegen meine Freunde. Aber wenn man seine Punkte und die der Freunde in den Leveln nicht zu sehen bekommt, macht es keinen Sinn. Bitte beheben dann auch wieder mehr Sterne.
Momentan ruht das Spiel bei mir uns das ist schade ..",0,6.0.0,bugs_performance,negative,False,unknown,Level scores not loading for weeks makes competing with friends impossible and the player has paused playing.,
4285361575,de,Sonjakatze,5,2019-06-08 20:53:36,.....macht viel Spaß jede Woche,"auch wenn es sich bei der Werbung schon mal aufhängt und ich dadurch meinen Extrabonus und somit manches Spiel verloren habe.
Nachtrag vom 08.06.19
Turnier läd nicht mehr auf IPad",0,6.0.0,bugs_performance,positive,False,unknown,Fun game played weekly but ad-triggered freezes cause lost bonuses and the tournament stopped loading.,
4062223762,de,Ina_22722,1,2019-04-26 11:12:56,Komme nicht mehr ins Spiel,"Liest hier keiner vom Support-Team unsere Rezessionen.
Seit über einer Woche komme ich u viele andere nicht mehr ins Spiel. Bin sehr enttäuscht.
Bitte behebt endlich dieses Problem!!!!

Seit dem letzen Update am Donnerstag komme ich nicht mehr ins Spiel 😔😔 es kommt ständig „hoppla etwas ist schief gelaufen“ 
Bitte überprüft das, denn es nervt sehr.",0,5.8.0,bugs_performance,negative,False,unknown,Game has been inaccessible for over a week after an update with no response from support.,
4060106592,de,Rrrrrrai,1,2019-04-25 22:44:26,Letztes Update,"Nach dem letzten Update, lässt sich das Spiel nicht mehr starten!!!!! Von wegen Verbesserung.........

Immer noch nicht behoben!!!! W.t.f.!!!

Jetzt sind bald 14 Tage rum und immer noch nicht behoben und auch keine Antwort vom App-Support....!!!!",0,5.8.0,bugs_performance,negative,False,unknown,Game won't launch after the latest update and has remained broken for nearly two weeks with no support response.,
4059748078,de,sillkediecoole,1,2019-04-25 20:24:51,Fehler,"Spiel kann durch Facebook Verbindung nicht mehr gespielt werden seit dem letzten Update 
Bitte was ändern",0,5.8.0,social_account,negative,False,unknown,Facebook login broke after the latest update making the game unplayable.,
4049694289,de,StefanW1971,1,2019-04-23 11:31:22,Lässt sich im Moment nicht Starten,"Ich kann es seid ein paar Tagen nicht mehr Starten. 
Noch jemand das Problem?",0,5.8.0,bugs_performance,negative,False,unknown,Game won't launch since a few days after a recent update.,
4049177411,de,ghgdrhv,1,2019-04-23 08:40:13,Game,Is not Wirkung singe the last Update,0,5.8.0,bugs_performance,negative,False,unknown,Game not working since the last update.,
4048982919,de,lars1860,1,2019-04-23 07:30:22,Keine Verbindung zum Server,"Seid dem letzten Update komme ich nicht mehr über Facebook in das spiel. Es nervt total 
Bin stocksauer",0,5.8.0,social_account,negative,False,unknown,"Facebook login broken since the last update, player is very frustrated.",
4048779984,de,Andrea Gmt,1,2019-04-23 06:12:34,Update 17.4.19 👎,"Seit dem Update kann man nicht mehr mit Facebook  rein 😩😤😖 ???????
Bitte beheben 😭😭😭😭",0,5.8.0,social_account,negative,False,unknown,Facebook login stopped working after the 17.4.19 update.,
4029568090,de,Aco1957,5,2019-04-18 19:53:15,Sehr viel Spaß war mal,Seit dem letzten Update geht nichts mehr. Noch ein Tag und ich spiele etwas anderes.,0,5.8.0,bugs_performance,negative,True,unknown,Nothing works after the latest update and player will switch games in one day.,
4027883204,de,Kaga57,5,2019-04-18 11:16:00,"Schönes Spiel,komme leider seit dem letzten Update gestern nicht mehr rein.",Komme nicht mehr ins Spiel,0,5.8.0,bugs_performance,negative,False,unknown,Otherwise enjoyable game is inaccessible since yesterday's update.,
4014645592,de,Akl671,2,2019-04-15 06:51:54,Verbindungsprobleme,"Ein Spiel was eigentlich Spaß macht, aber in letzter Zeit häufen sich Abstürze und seit heute funktioniert gar nichts mehr (http Request failed with Code -1001: The Request Timed out.)",0,5.7.0,bugs_performance,negative,False,unknown,Increasing crashes and a timeout error now prevent the game from loading at all.,
4013243574,de,Gudi53,2,2019-04-14 21:54:16,Nichts geht mehr...😡,"Nun komme ich garnicht mehr ins Spiel!?
Ich soll meine Internetverbindung prüfen.
Internet ist jedoch okay.
Alles sehr ärgerlich😱",0,5.7.0,bugs_performance,negative,False,unknown,"Cannot enter the game despite a working internet connection, very frustrating.",
3932601056,de,stave16,1,2019-03-27 11:06:46,Belohnungssystem funktioniert nicht,"immer mehr werbung und immer weniger belohnungen. aktuell bei den drei parallel laufenden spielen gibt es nach dem erreichen der jeweiligen sterne, keine 150 taler mehr. würde für mich bedeuten, dass ich nach jedem level taler kaufen müsste👎 no way! selbst 1 stern ist bei der aktuellen situation noch zu viel, sorry",0,5.6.0,economy_rewards,negative,True,unknown,"Post-level coin rewards have disappeared while ads increased, making play feel unviable without purchases.",
3838865901,de,Koray22309,5,2019-03-03 19:51:54,Viel Werbung Macht aber Spaß,Ist ok,0,5.4.0,ads,neutral,False,unknown,Lots of ads but the game is still fun overall.,
3747138701,de,....schade..,5,2019-02-08 15:24:07,Top Spiel,Für die kurzweilige und Langeweile geeignet,0,5.3.0,praise,positive,False,unknown,Great game for passing time and curing boredom.,
3669899855,de,Strandläufer1971,1,2019-01-19 15:25:12,Stürtzt ständig durch Werbung ab,"Gutes Spiel, dass leider ständig wegen Werbung abstürtzt, bzw. sich aufhängt. Dabei werden dann die entsprechenden Level verloren und dabei benutzte power-ups sind dann auch verloren. Die Werbung dürfte nur außerhalb der Level einsetzen. Viel Frustpotential! Eigentlich dafür Null Sterne!",0,5.3.0,ads,negative,False,unknown,"Ads constantly crash the game mid-level, causing lost progress and wasted power-ups.",
3618172830,de,Dankbarem Käufer,3,2019-01-06 07:01:58,Enttäuscht,Habe seinerzeit alle Spiele gekauft und nun werde ich bei allen mit Werbung überschüttet.,0,5.3.0,ads,negative,False,unknown,Player who paid for all games is now being flooded with ads despite prior purchases.,
3562715392,de,Katharina wie,5,2018-12-23 08:24:33,Ich komme,"Seit heute nicht mehr in das Spiel rein. Ich soll meine Verbindung überprüfen. Mit meiner Verbindung ist alles in Ordnung. Bitte überprüft mal euer Spiel, das nervt mich gerade total an!",0,5.3.0,bugs_performance,negative,False,unknown,Unable to enter the game today due to a false connection error.,
3416588136,de,Si. Je.,2,2018-11-14 10:00:35,kaum noch interessant....,"mittlerweile ist das ganze Spiel zu einem „Wer hat mehr Powerups“ Wettstreit mutiert - das macht das Ligasystem völlig uninteressant, da man ab einem gewissen Punkt absolut hängenbleibt...schade eigentlich...",0,5.2.0,tournaments_fairness,negative,False,unknown,"League system has devolved into a power-up spending contest, making progression feel stuck and uninteresting.",
3414713554,de,Ingobingo69,3,2018-11-13 21:06:32,Belohnungen werden immer geringer,"Die Belohnungen nach einem Tournament immer geringer.
Wollt ihr damit mehr in App Käufe generieren ? 
Nicht mit mir.
Ansonstengutes Gameplay",0,5.2.0,economy_rewards,negative,False,unknown,"Tournament rewards keep shrinking, seemingly to push in-app purchases, though gameplay itself is fine.",
3323253850,de,Firsthex,5,2018-10-20 13:39:36,Stürzt immer wieder mal ab... Das nervt...,Stürzt immer wieder mal ab... Das nervt...,0,5.1.2,bugs_performance,negative,False,unknown,Repeated random crashes are annoying.,
3127567444,de,Cactusman II,1,2018-08-29 06:10:43,Einfältige Entwickler,"Eigentlich könnte ich 5 Sterne vergeben, aber wegen der einfältigen Haltung der Entwickler, den Ton abzuschalten, wenn man die Werbung unterdrückt, gibt es nur einen.",0,5.0.0,ads,negative,False,unknown,"Developer deliberately mutes game sound when ads are suppressed, earning only one star.",
3087611826,de,Ellebertha,5,2018-08-19 19:55:46,Angry Birds,"Valt regelmatig weg, zodat ik iedere keer opnieuw opstarten moet !",0,4.9.0,bugs_performance,negative,False,unknown,Game crashes frequently requiring a restart every time.,
2857508463,de,StefanB1976,1,2018-07-07 14:51:57,Beschissenes Drecksspiel,Ohne Kohle kaum möglich mal zu gewinnen. Antworten bekommt man von den Spackos aus dem Backoffice auch nicht. Absoluter Scheißdreck🤬🤬🤬🖕🏼🖕🏼🖕🏼💩💩💩,0,4.9.0,monetization,negative,False,unknown,Player feels winning is nearly impossible without spending money and support is unresponsive.,
2718497448,de,zwänjamin,1,2018-06-18 13:53:50,"Erneut für 6,99€ gebucht und nichts bekommen!","Schade auch das funktioniert nicht mehr ,Geld bezahlt und nichts bekommen mehrfach versucht  dass Problem zu melden ,wird weitergeleitet und irgendwann bricht der Browser ab ,/Sitzung wäre abgelaufen ) !

Schlecht",0,4.8.1,bugs_performance,negative,False,unknown,Paid €6.99 multiple times but received nothing and support process is broken.,
2640317678,de,Janeindoch,5,2018-06-04 11:35:29,.,Alles gut so .Weiter so !,0,4.7.0,praise,positive,False,unknown,"Everything is good, keep it up.",
2595233869,de,JareDave,2,2018-05-25 17:39:19,Damn Update crashed my game 🤬,Fu** Update crashed my game. All my levels are gone. Have to start again from the beginning. Thank you for that cr** update sh**.,0,4.7.0,bugs_performance,negative,False,unknown,Update crashed the game and wiped all level progress.,
2591200896,de,Domian52,5,2018-05-24 20:49:40,Alle gekauften Bird coins weg,Neben den Bird Coins auch die erreichten Star Cup Wertungen auf einmal weg bzw. bei 1! Das wars für mich! Geld weg!   Nie wieder!,0,4.7.0,bugs_performance,negative,True,unknown,"Purchased Bird Coins and Star Cup progress vanished after an update, player is done with the game.",
2590557504,de,Sneaker23758,1,2018-05-24 16:44:15,Sehr traurig😢,Das Game macht Mega Fun. Aber seitdem Update stürzt es dauernd ab. Und jetzt gibt es diese Meeeega nervige Werbung immer dazwischen. Macht das Game kaputt leider. Hab es schon paar Jahre aber dank der Werbung nun ab in die Tonne. 👎🏿,0,4.7.0,ads,negative,True,veteran,Multi-year player is uninstalling due to constant crashes and intrusive ads introduced in a recent update.,
2568513166,de,Technokind82,5,2018-05-19 14:04:12,Bester Zeitvertreib,"Kein Spiel ist so gut, wie AB. Selbst meine Kids finden es super",0,4.6.0,praise,positive,False,unknown,Player considers AB the best game and kids love it too.,
2433734085,de,An_Sch,5,2018-04-17 15:42:42,Update,"Nach dem Update alles weg. Erfolge, Bird -Coins, Power-Ups. Bitte wiederherstellen. 😡",0,4.5.0,bugs_performance,negative,False,unknown,"After an update all progress, Bird Coins and Power-Ups were lost.",
2433553511,de,Fuerte_Fun,4,2018-04-17 14:40:50,Zum Entspannen und Abschalten,"Das Spiel ist gut geeignet, um zu Entspannen und Abzuschalten. Auch gefällt mir, dass es regelmäßig neue Turniere gibt und somit wird das Spiel auch nie langweilig, da immer neue Aufgaben erfüllt werden müssen.",0,4.5.0,live_events,positive,False,unknown,Player enjoys the game for relaxation and appreciates regular new tournaments keeping it fresh.,
2408171278,de,Helheim,5,2018-04-11 03:30:00,Gut aber......,"Ich spiele es jeden Tag und es macht mir sehr viel Spaß, aber wann zu. Henker wird das iPhone X Display unterstützt????",0,4.5.0,ux_ui,neutral,False,unknown,Player enjoys the game daily but frustrated by lack of iPhone X display support.,
2405384652,de,linie13,5,2018-04-10 10:42:54,War mal besser,Sollte stabiler laufen,0,4.5.0,bugs_performance,negative,False,unknown,Game used to be better and should run more stably.,
2274816626,de,Maenne79,1,2018-03-05 20:29:56,Langweilig!,Einfach nur noch langweilig! Free-To-Play-Mist! Der Oberbrüller ist Star Cup! Null Sterne!,0,4.3.1,monetization,negative,True,unknown,"Player finds the game boring and slams it as free-to-play trash, especially Star Cup.",
2225749087,de,Samy 97,1,2018-02-19 15:46:41,Super,"Es war mal mein Lieblingsspiel.
Inzwischen immer geizigere Münzenvergabe zu den neuen Tournaments und leider vollkommen von Werbung überladen.
Schade!",0,4.3.1,economy_rewards,negative,False,unknown,Coin rewards for tournaments have become increasingly stingy and the game is overloaded with ads.,
2201496849,de,Aibosan,5,2018-02-13 02:17:36,Anger management.,Hangry for pigs or go cold turkeys. Highly addictive game. Unfortunately has become a pay per win game. Touch-pad is a must to really get the slingshot-feeling. Incredible new levels weekly for years... Keep up the good work!  Goosefraba anger management.,0,4.3.0,monetization,neutral,False,veteran,Long-time fan praises weekly levels but calls out pay-to-win progression.,
2149204806,de,DanielHotte,5,2018-01-31 09:33:39,Für zwischendurch okay,"Ich spiele es schon einige Jahre. An für sich ganz nett aufgemacht. Allerdings macht es momentan keinen Spaß, da die Level ähnlich sind wie AB 2. Ich will die alten Levels zurück.",0,4.2.0,live_events,negative,False,veteran,Multi-year player is bored by levels similar to AB2 and wants old levels back.,
2135801323,de,de la bass,5,2018-01-28 08:16:16,Gefällt mir,Super beat' em'up,0,4.1.2,praise,positive,False,unknown,Player simply praises the game.,
2131791772,de,mymausi,4,2018-01-27 07:07:16,Langweilig,"Wiederholung der Level. Da vergeht einem der Spaß am Spielen. Dann noch die Werbung nachdem man angefangen hat zu spielen, einfach nervig.",0,4.2.0,live_events,negative,False,unknown,Repetitive levels and mid-game ads kill the fun.,
2094185758,de,Chipotle82,5,2018-01-16 08:34:14,Geiles Spiel,Top,0,4.1.2,praise,positive,False,unknown,Player gives a brief top rating to the game.,
2082426591,de,Hoogwomen,4,2018-01-12 17:20:34,Hoogwomen,Macht kein Spaß mehr .Entwickler der Spiele sind dumm. Wenn Spiel gut ist dann wird mit Freude gespielt.Spiel Abzocke dann wird nicht gespielt.Was ist besser ihr Entwickler.🤮🤢🤮,0,4.1.2,monetization,negative,True,unknown,"Player says the game is no longer fun and calls it a rip-off, implying they will stop playing.",
2069368585,de,DerDrasse,1,2018-01-08 14:29:38,Abzocker App,Du kaufst Münzen für Geld... und wenn du dann mal son kackvogel im Paket kaufst und benutzt dann wird er nicht selten doppelt abgezogen... das ist sehr ärgerlich. Voll die mogelpackung eigentlich.,0,4.1.2,bugs_performance,negative,False,unknown,"Purchased coins are double-deducted when using a bird from a bundle, which feels fraudulent.",
1998869297,de,Jensel48,4,2017-12-15 17:00:19,Angry birds friends,Seit Update läuft nichts mehr,0,4.1.1,bugs_performance,negative,False,unknown,Nothing works since the latest update.,
1914229453,de,phigujoluk,1,2017-11-11 22:12:41,Was soll der Mist?!?,"Seit dem neuesten update hängt ab friends in der installationsschleife und lässt sich nicht mal deaktivieren/löschen und behindert andere Prozesse. Gruselig.

Entweder es geht noch mit ios 10 oder ihr lasst es mich sterben. Kann nämlich nicht auf ios 11 upgraden.",0,3.9.0,bugs_performance,negative,True,unknown,Latest update causes an installation loop that can't be stopped and interferes with other processes.,
1881224282,de,Claus 0815.4711,2,2017-10-28 15:48:11,Star Friends,Star friends stürzt sehr oft ab und damit alle Erfolge,0,3.8.0,bugs_performance,negative,False,unknown,"Star Friends crashes frequently, wiping all achievements.",
1877947910,de,Wosebo,3,2017-10-27 06:28:45,Angry birds friends,"Seit Jahren spiele ich als guest 5257, inzwischen diamond league level 5. Seit gestern kann nich meine vorherigen Ergebnisse nicht mehr aufrufen.Angeblich habe ich vorher noch nie gespielt. Was tun?",0,3.8.0,social_account,negative,False,veteran,Long-time guest player suddenly can't access previous results and is told they've never played before.,
1838888066,de,Boland7,1,2017-10-10 07:43:36,Mehr Werbung als Spielvergnügen!,"Eigentlich bin ich ein Angry Birds Fan, aber diese Version raubt einem jeglichen Spielspaß durch ständige Werbeunterbrechnungen! Nehmt lieber Geld für das Spiel und lässt die Werbung weg!",0,3.8.0,ads,negative,True,unknown,Constant ad interruptions ruin the experience and player suggests charging money instead.,
1827934602,de,RandyBerg,2,2017-10-05 03:55:38,Trotz Kauf von Powerups dauernd Werbung,Zu oft und Zuviel Werbung,0,3.8.0,ads,negative,False,unknown,Too many ads even after purchasing power-ups.,
1817065184,de,Nenne1980,5,2017-09-29 15:53:05,Top,Super Spiel ab und zu stürzt die App ab aber im großen und ganzen Daumen hoch,0,3.8.0,praise,positive,False,unknown,Great game overall despite occasional crashes.,
1796789321,de,juhei94,5,2017-09-18 18:08:37,Julei94,"Super Spiel, weiter so.",0,3.7.0,praise,positive,False,unknown,Player simply praises the game and encourages the team to keep it up.,
1790720062,de,Diirtyx3,1,2017-09-15 06:45:43,Update Schrott,Super Spiel... Allerdings Kann man seid dem Update die Werbung die man anguckt um Federn zu bekommen nicht mehr schließen also bekommt man auch die Federn nicht 👎🏽,0,3.7.0,ads,negative,False,unknown,Ad-watching for Feathers is broken as the close button is missing so Feathers are never awarded.,
1777599543,de,keramek,5,2017-09-06 22:27:29,Einfach Super!!!!,Super! Cool ! Lustig!,0,3.7.0,praise,positive,False,unknown,"Player enthusiastically praises the game as super, cool and fun.",
1772690522,de,Eisenbieger12,5,2017-09-04 10:38:12,Top,Macht echt Spaß,0,3.6.0,praise,positive,False,unknown,Player briefly says the game is genuinely fun.,
1756223949,de,branDbe,3,2017-08-28 08:55:56,Zuviel Werbung! Inzwischen mehr als spielen!,S. O.,0,3.6.0,ads,negative,False,unknown,Player complains that ads now take up more time than actual gameplay.,
1736994960,de,Spiele Maniac,5,2017-08-21 10:24:04,Angry Birds Friends,"Immer wieder neue, spannende Herausforderungen, vielen Dank!",0,3.6.0,live_events,positive,False,unknown,Player appreciates the constantly new and exciting challenges in the game.,
1713885688,de,Vlokapolis,5,2017-08-05 08:11:35,Gut,Das Spiel läuft stabil,0,3.5.0,bugs_performance,positive,False,unknown,Player is happy that the game runs stably.,
1706015805,de,Anschelik,5,2017-07-31 07:25:55,Funktioniert fast immer👍🏽,Ich liebe dieses Spiel❤️,0,3.5.0,praise,positive,False,unknown,Player expresses love for the game and notes it almost always works well.,
1703592482,de,a.e.friedrich,5,2017-07-29 15:13:02,All good,All good,0,3.5.0,praise,positive,False,unknown,Player gives a brief all-positive assessment of the game.,
1701486697,de,Ursa11455,5,2017-07-28 05:18:45,Klasse Zeitvertreib,Ich freue mich immer wieder über neue Versionen.,0,3.5.0,live_events,positive,False,unknown,Player enjoys regularly receiving new versions of the game.,
1700540629,de,Scotty 1605,5,2017-07-27 12:46:56,Scotty,Alles bestens über Jahre schon....!!!,0,3.5.0,praise,positive,False,veteran,Long-time player reports everything has been great for years.,
1686256008,de,Kabelaffe25,5,2017-07-17 16:46:17,Schöner Freizeitspaß,"Läuft bei mir stabil. 
Weiter so!",0,3.5.0,bugs_performance,positive,False,unknown,Player is satisfied with the game's stable performance and wants it to continue.,
1680929298,de,Elwood-69,5,2017-07-13 16:32:54,Genial,Wird einfach nicht langweilig!,0,3.5.0,praise,positive,False,unknown,Player finds the game endlessly entertaining and never boring.,
1678295273,de,Brummlchen,3,2017-07-11 18:09:32,Ist das nötig?,"Das Spiel hat mir immer viel Spaß gemacht. Mit dem neuen Zusatz verzettelt sich das Spiel. Wie leider sehr viele Spiele. Statt sich auf das Wesentliche zu konzentrieren, baut immer mehr Extras die einfach nur nerven.",0,3.5.0,ux_ui,negative,False,unknown,Player feels the game is losing focus by adding too many unnecessary extras instead of sticking to its core.,
1657608655,de,Hippihörnchen,5,2017-06-25 23:54:32,Mein Lieblingsspiel,Top,0,3.5.0,praise,positive,False,unknown,Player calls the game their favourite and rates it top.,
1649979430,de,Sie 2111,4,2017-06-19 14:38:53,Gra,Wszystko ok,0,3.5.0,praise,positive,False,unknown,Player gives a brief positive rating indicating everything is fine.,
1644111722,de,Gassi Eck,5,2017-06-14 12:58:16,Super,"Super Zeitvertreib
Leider seid längerer Zeit das Problem,dass Power Ups gekauft werden und entweder hat man die doppelte Menge oder keine.
Ich weiß nicht, wie viele Videos ich mir schon angesehen habe und kein Power Up erhalten habe.
Immer öfter Verbindungsprobleme und Spielabbrüche.
Mindert den Spielspaß um Längen☹️",0,3.5.0,bugs_performance,negative,False,unknown,"Player reports purchased power-ups not being delivered correctly, ad rewards not working, and frequent connection issues and crashes reducing enjoyment.",
1642639710,de,Lexi0910,3,2017-06-13 05:26:51,Die Verbindungsaufbauzeiten,"sind fern jeder Realität - egal ob WLAN, LTE oder 3G. Dadurch wird der Akku schnell leer gezogen. So macht das trotz FB-Account keinen Spaß. Daher nur einen Stern.

Update 24.05.3017
Beim Star Cup bricht teilweise die Verbindung ab und wenn der Sperrbildschirm aktiviert war, erfolgt die Darstellung im halben Display hochkant. In beiden Fällen ist das Ticket weg.

Bei der Umschaltung vom Star Cup zu Angry Birds Friends ist automatisch die Holzschleuder eingestellt, unabhängig von der vorher genutzten.

Kurioserweise erfolgt bei Angry Birds Friends nach dem Erreichen eines neuen Highscore oft ein Verbindungsabbruch, so dass nur ""Saving..."" (WLAN oder LTE) steht und nur ein Neustart der App Abhilfe schafft. Der Highscore ist dann futsch. Ein Schelm ist, wer Böses dabei denkt.

Update 13.06.2017
Spielt man im Starcup und legt das Telefon im Querformat flach auf den Tisch und dabei schaltet sich die Sperre ein, so erscheint bei Freischaltung nur ein halber Bildschirm. Die App muss komplett neu gestartet werden. Damit sind die Tickets aus dem Starcup futsch.",0,3.5.0,bugs_performance,negative,False,unknown,"Player reports extremely slow connection times, Star Cup disconnections losing tickets, display bugs, and slingshot resetting unexpectedly.",
1641968450,de,Dorota R,1,2017-06-12 13:05:50,Abstürze,Jetzt mit dem neuen Event stürzt es immer ab und die Versuche sind weg. Alles abzocke,0,3.5.0,bugs_performance,negative,False,unknown,"Player says the new event causes constant crashes and lost attempts, calling it a rip-off.",
1640823276,de,Mone3,4,2017-06-11 10:53:55,👍,👍,0,3.4.0,praise,positive,False,unknown,Player gives a simple thumbs-up with no further comment.,
1640205149,de,YaMiLaCh,5,2017-06-10 23:27:01,Daumen hoch,👍 macht Spaß,0,3.5.0,praise,positive,False,unknown,Player gives a thumbs-up and says the game is fun.,
1632392889,de,Ich bin Kroko,4,2017-06-03 12:33:10,Angry Bird feight,"Leider weiß ich nicht, ob ich hier um Hilfe bitten kann. Gerade habe ich ein Spiel gewonnen, mein Spielstand fiel dagegen von 150000 auf 100000. Wieso?",0,3.4.0,bugs_performance,negative,False,unknown,"Player reports their score unexpectedly dropped from 150,000 to 100,000 after winning a match.",
1631175446,de,Micro68,5,2017-06-02 07:06:48,AB,Einfach unterhaltsam,0,3.4.0,praise,positive,False,unknown,Player finds the game simply entertaining.,
1627510051,de,Dulderline,4,2017-05-29 07:43:05,Easy Going,"Mich entspannt das Spiel! Level sind sehr abwechslungsreich !!manchmal nerven die langen ""Ladezeiten""",0,3.4.0,bugs_performance,neutral,False,unknown,Player enjoys the relaxing and varied levels but is bothered by long loading times.,
1626696564,de,Kitti am 31.07.11,5,2017-05-28 10:53:34,Angry Birds Friends,Super Spiel :-) nach wie vor,0,3.4.0,praise,positive,False,unknown,Player continues to enjoy the game and rates it highly.,
1626453535,de,MM–DUS,5,2017-05-28 06:12:07,😀,Macht Spass und bringt jedesmal Abwechslung,0,3.4.0,praise,positive,False,unknown,Player finds the game fun and consistently varied.,
1623270505,de,Parteichef,3,2017-05-25 00:13:59,Diese ständigen Werbevideos und..,"Früher kam zwischen durch mal ne kleine animierte Werbepause, mittlerweile nehmen diese ewiglangen Videos (die sich nicht immer alle ""überspringen"" lassen!) extrem zu, wodurch auch ständig mein IPhone 4s aufhängt... 
Seit dem letzten Update geht gar nichts mehr, ich flieg immer wieder raus und komme gar nicht mehr rein.. DAS NERVT!",0,3.4.0,ads,negative,True,unknown,Player complains about increasingly long unskippable ads freezing their device and a recent update making the game completely unplayable.,
1622989762,de,Dchmjimdsx,1,2017-05-24 13:53:16,Preisexplosion,Von 74€ auf 89€ alle Achtung 👎🏼👎🏼👎🏼,0,3.4.0,monetization,negative,False,unknown,Player is outraged by a price increase from €74 to €89.,
1622281121,de,karlbo,5,2017-05-23 21:41:51,Sehr unterhaltsam und abwechslungsreich,Tolles Spiel zum Enrspannen,0,3.4.0,praise,positive,False,unknown,"Player finds the game very entertaining, varied, and relaxing.",
1617811982,de,kerngesund,1,2017-05-19 05:55:26,Werbung Werbung Werbung,"Ich akzeptiere es ja, wenn man einen  Gratisboni nur erhält, bei anschauen einer Werbung. Eigene Entscheidung! Aber das seid kurzem auch 30 Sekunden Werbung erzwungen werden. Nervt ganz gehörig! Das Spiel selbst ist gut und stabil. Macht Freude zu spielen. Aber seid dieser erzwungenen Werbung habe ich es an Acta gelegt. Adieu angry birds friends!",0,3.4.0,ads,negative,True,unknown,Player accepted optional ad rewards but quitting due to newly forced 30-second ads.,
1609629154,de,szher,3,2017-05-09 23:04:05,"Abstürzte ohne Ende, aber gutes Spiel","Abstürzte ohne Ende , entweder nachdem angucken einer Werbung, oder neuerdings auch nachdem drehen des täglichen Item Rad's. Das Spiel selbst aber ist einwandfrei und macht viel Spaß, nur eben durch die vielen abstürzte und die dadurch langen Wartezeiten kann man nur 3 Sterne geben!",0,3.3.1,bugs_performance,neutral,False,unknown,Frequent crashes after watching ads or spinning the daily wheel severely hurt an otherwise enjoyable experience.,
1609345840,de,Skysegel,5,2017-05-09 12:50:52,Witzig,Und für die Betreiber sehr gewinnbringend,0,3.3.1,monetization,neutral,False,unknown,Briefly notes the game is fun but very profitable for its operators.,
1602111036,de,Sternschnuppe 2011,4,2017-05-01 08:09:12,Schönes Spiel,4Sterne für das Spiel. Der fehlende 5. Stern für die richtig teuren Käufe für Spieltools!,0,3.3.1,monetization,neutral,False,unknown,Enjoys the game but withholds a fifth star due to overpriced in-game tool purchases.,
1597393051,de,Mein IPHONE und ich,5,2017-04-25 13:59:59,Vorsicht... Suchtgefahr 😉,"Tolle Level, immer wieder neu! Macht viel Spaß! Eines der  wenigen Spiele, dass ich schon über Jahre spiele!",0,3.3.1,praise,positive,False,veteran,Long-time player praises fresh levels and lasting fun.,
1595160304,de,Momonese😅,5,2017-04-22 18:15:02,Ab Friends,😾😅😂🤣,0,3.3.1,other,neutral,False,unknown,Review consists only of emojis with no meaningful content.,
1594348522,de,Porscheandy911,5,2017-04-21 18:27:35,Mega 👍👍👍,Immer wider Hammer 👍👍👍👍👍,0,3.3.1,praise,positive,False,unknown,Short enthusiastic praise for the game.,
1593563297,de,Kaheva,5,2017-04-20 19:06:48,I LOVE THIS GAME ❤👍🏼,The best game EVER !!,0,3.3.1,praise,positive,False,unknown,Player calls it the best game ever.,
1593513268,de,Oelsardine,5,2017-04-20 16:52:49,Beste App ever,"Immer wieder spannend, herausfordernd und abwechslungsreich:)",0,3.3.1,praise,positive,False,unknown,"Praises the game as consistently exciting, challenging, and varied.",
1593370403,de,PepiDie,5,2017-04-20 12:50:18,AB FRIENDS,Never ending Funny Story,0,3.3.1,praise,positive,False,unknown,Short positive remark describing the game as an endlessly funny experience.,
1593354617,de,Caroline7755,5,2017-04-20 12:26:13,Süchtig!,"Spiele ich sehr gerne...finde ich toll, dass pro Woche 2 Spiele sind..macht richtig Spaß!",0,3.3.1,live_events,positive,False,unknown,Player loves the game and appreciates having two tournaments per week.,
1588409660,de,Madellan,5,2017-04-14 08:30:52,Eigentlich toll - aaaber,"...nach oder beim Abspielen der Werbungen um gratis Power Ups zu erhalten, stürzt die App ab. Hin und wieder reicht es dann, aus der App raus und wieder rein zu gehen um das Power Up zu erhalten. Seit kurzen stürzt die App ab und lässt sich nur durch Neustart des iPhones wieder zum laufen bringen - wobei dann natürlich der Spielstand alle bei dem Spiel eingesetzten Power Ups verloren sind. Sehr schade, weil ziemlich teuer. Damit wird der Spielspaß entscheidend getrübt!",0,3.3.1,bugs_performance,negative,False,unknown,"App crashes after ads, sometimes requiring a full iPhone restart, causing loss of progress and spent power-ups.",
1587620022,de,Savannah_24,5,2017-04-13 08:41:06,Vorsicht! Suchtgefahr,Ich freue mich jedesmal auf die neuen Spiele. Bringt echt Spass.,0,3.3.1,praise,positive,False,unknown,Player looks forward to new levels each time and finds the game genuinely fun.,
1587616107,de,possi60,2,2017-04-13 08:35:26,"Abzocke, ohne Power Ups keine Chance",Finde es sehr ärgerlich das man keinen Level und kein tournament gewinnen kann ohne Power Ups einsetzen zu müssen,0,3.3.1,monetization,negative,False,unknown,Frustrated that winning levels or tournaments feels impossible without paying for power-ups.,
1587512574,de,Motzkopp73,3,2017-04-13 06:08:19,Videoclips verursachen Abstürze,"Es ist wirklich nervig, wenn man die App nach jedem Werbeclip neu starten muss, weil sie im letzten Moment der Glücksspielwerbung abgestürzt ist!
Bitte beheben!",0,3.3.1,bugs_performance,negative,False,unknown,"App crashes after every ad video, forcing a full restart each time.",
1582084462,de,Gisaga,1,2017-04-06 12:33:25,Freunde,"Was ist los ??? Seit Ihrem letzten Update am 29.03.17 kann ich die App überhaupt nicht mehr öffnen!!! Wollte sie dann gerne löschen um diese dann neu herunterzuladen. Aber denkste, nicht mal das ist möglich.  Sehr, sehr, sehr bedauerlich !!!!!!!!!!!!!!!!!!! Was tun ???",0,3.3.1,bugs_performance,negative,True,unknown,App completely unusable since latest update and cannot even be deleted to reinstall.,
1574507249,de,Borsti28,5,2017-03-28 09:07:30,Alles super,"Macht Mega Spaß 
Seid dem neuesten Update kann ich nicht mehr sehen wieviel coins ich habe
Bitte ändern",0,3.3.0,ux_ui,positive,False,unknown,Loves the game but notes the coin balance is no longer visible after the latest update.,
1571681947,de,Mel Kango,3,2017-03-24 15:47:24,Spiel top aber noch sehr viele Bugs!,"Das Spiel ist top, keine Frage!

Doch was mich schon länger nervt ist folgendes 

Doppelkäufe mit credits doppelte Bonus : wingman flitsche etc.
Doppelabzug der Nutzung der Bonus 
Oder gar werden auch bei bei vorhandenen Bonus bei Nutzung welche abgezogen und können dann nicht mehr genutzt werden Beispiel wingman hätte ich noch einen, diesen hätte ich nutzen wollen dann war die Anzeige auf null und ich habe nichtmal den wingman in Nutzung. 
Mich nervt es tierisch. 
Vielleicht könnt ihr das bitte beheben.! Aufgrund dessen leider nur 3 Sterne",0,3.3.0,bugs_performance,negative,False,unknown,Double-charging of credits and boosters disappearing without being used are persistent bugs reducing the rating.,
1570744602,de,BayernAllez,5,2017-03-23 10:29:47,Robert,Beste Spiel. Aller 3 Tage neue Level. Es macht einfach nur Spaß :-),0,3.3.0,praise,positive,False,unknown,Calls it the best game with new levels every three days and lots of fun.,
1563453957,de,Muckel.64,4,2017-03-13 08:16:40,Wöchentliche Tournaments,"Wie wird eigentlich die Spielerauswahl getroffen?
Beim Tournament Week 251-A ist mir aufgefallen, dass ich nur Gegner hatte, die fast alle mit gekauften Slingshots spielten.
Ich gehöre wirklich nicht zu den schlechtesten Spielern, aber wie soll man da eine Chance haben?🤔🤑
Hoffentlich war das nur Zufall!",0,3.2.1,tournaments_fairness,neutral,False,unknown,Questions matchmaking fairness after being paired mostly against opponents using paid slingshots in a tournament.,
1562370697,de,geoluzie,5,2017-03-11 18:39:05,Macht Spaß,Das Spiel macht wirklich Spaß. Allein die Navigation der Vögel finde ich ein bisschen schwierig im Vergleich zu den anderen Apps. Kann man aber trotzdem mal zur Abwechslung spielen.,0,3.2.1,praise,positive,False,unknown,Finds the game fun for variety despite finding the bird aiming slightly harder than other titles.,
1555642209,de,Ich spiele es,5,2017-03-02 07:14:47,Super,👍👍👍👍,0,3.2.1,praise,positive,False,unknown,Short thumbs-up praise with no further detail.,
1555640641,de,Naut2000,4,2017-03-02 07:11:55,Super Spiel-Suchtfaktor,"Immer gerne für Zwischendurch. Leider stürzt es gerne dann ab, nachdem man sich eine ellenlange Werbung angesehen hat um ein kostenloses ""Goodie"" zu erhalten oder wenn man einen neuen Highscore erreicht hat.",0,3.2.1,bugs_performance,neutral,False,unknown,Enjoyable game but crashes frustratingly after long ad views or upon reaching a new high score.,
1551771281,de,Heinzhw,5,2017-02-24 20:44:20,Macht mächtig Spaß,Nääwaa,0,3.2.1,praise,positive,False,unknown,Very short positive review expressing enjoyment.,
1551729127,de,PapaHansi,5,2017-02-24 18:22:56,Birds Frends,Geiles Spiel,0,3.2.1,praise,positive,False,unknown,One-line enthusiastic endorsement of the game.,
1550723295,de,BiankaG.,5,2017-02-23 10:47:35,Angry ;),"Toll, endlich da! Läuft auf IPAD prima.
Nun noch im Game Center und komplette Version wie bei Facebook - also auch Star Wars Tournament und evtl. die anderen Angry Birds Spiele.",0,3.2.1,feature_request,positive,False,unknown,Player enjoys the game but requests Game Center integration and full feature parity with the Facebook version including Star Wars Tournament.,
1550674388,de,Mobchen,4,2017-02-23 09:33:23,Manche Level zu schwer,"Sind nur mit Einsatz von Hilfen zu lösen, von den Punkten ganz abgesehen.",0,3.2.1,progression_difficulty,neutral,False,unknown,"Some levels are too hard to complete without using power-up helpers, let alone achieving high scores.",
1550585615,de,Randy255,5,2017-02-23 07:07:36,Macht täglich erneut Spaß!,👍,0,3.2.1,praise,positive,False,unknown,Player finds the game enjoyable on a daily basis.,
1548522473,de,Lome50,5,2017-02-20 09:49:09,Mit Ehrgeiz kommt man weiter,"Das man Münzen kaufen muß, ist nicht unbedingt notwendig. A) kann man am täglichen Bonusrad drehen, mit der Chance auf einen Boost, oder auf Münzen. B) wenn man das Tunier in den oberen Level abschließt dann winken wiederum Münzen, nur man muß sich etwas anstregen.",0,3.2.1,economy_rewards,positive,False,unknown,Player explains that buying coins is unnecessary since the daily bonus wheel and tournament placements provide sufficient rewards with effort.,
1545736617,de,Youre-desire,1,2017-02-16 13:45:57,Verbindungsprobleme,"Ich kann schon ewig nicht mehr spielen, da die App ununterbrochen Verbindungsprobleme hat. Geht gar nicht 😡",0,3.2.1,bugs_performance,negative,True,unknown,Player has been unable to play for a long time due to persistent connection problems.,
1544962716,de,ATS Ku,1,2017-02-15 11:27:15,Angry birds Friends,"Die gekauften golden slingshots funktionieren 
nicht, sie zeigen keinerlei Wirkung!!
Was tun? Fast 3000 coins weggeworfen !
MfG",0,3.2.1,bugs_performance,negative,False,unknown,"Purchased golden slingshots have no effect, leaving the player feeling their coins were wasted.",
1543607755,de,S.S.H.L,5,2017-02-13 10:58:04,Aktuelle Version ist schlecht,War nett aber wurde leider schlechter.,0,3.1.0,other,negative,False,unknown,"Player notes the current version has gotten worse compared to before, despite giving 5 stars.",
1543476043,de,jr7970,5,2017-02-13 06:56:11,Das macht einfach nur Spaß...,👍👍👍👍,0,3.1.0,praise,positive,False,unknown,Player simply expresses that the game is a lot of fun.,
1541660985,de,giesskann,5,2017-02-10 19:12:02,Super viel Fun,Tolles Spiel mit viel Fun,0,3.1.0,praise,positive,False,unknown,Player finds the game super fun overall.,
1541343561,de,Schnaggi12256,5,2017-02-10 09:42:43,Spaß,Der Perfekte Spaß für zwischendurch! Und immer neue Level!! Klasse,0,3.1.0,praise,positive,False,unknown,Player enjoys the game as perfect entertainment and praises the constantly new levels.,
1530768411,de,Lokmuse,4,2017-01-26 07:50:53,Witziges Spiel mit Suchtpotential,"Werbung könnte weniger sein, zudem halte ich die weltweiten Ranglisten für Fake genauso übrigens wie das ""Glücksrad""",0,3.1.0,tournaments_fairness,neutral,False,unknown,Player finds the game fun but suspects global leaderboards and the lucky wheel are fake or rigged.,
1529058271,de,Funclanino,5,2017-01-23 22:39:23,Einfach Super,Tolles Spiel einfach Genial,0,3.1.0,praise,positive,False,unknown,Player finds the game simply great and brilliant.,
1522402668,de,thetanier,5,2017-01-15 03:24:41,Top!,"Super Spiel, aber die Bedienung der ""Nicht-Spielparameter ist teilweise unverständlich",0,3.1.0,ux_ui,positive,False,unknown,Great game overall but non-gameplay menus and settings are partially confusing.,
1519928401,de,Rosinettchen111,5,2017-01-11 14:27:34,Suchtgefahr,Ist einfach nur 😎😎😎,0,3.1.0,praise,positive,False,unknown,Player describes the game as simply awesome with an addiction warning.,
1519002578,de,trishelle_k,4,2017-01-10 06:19:38,Macht wirklich Spaß,"Das Spiel ist wirklich cool. Was stört ist immer dieses Warten auf die nächste ""Etappe"". Teilweise zwei Tage lang, finde ich doof.",0,3.1.0,live_events,neutral,False,unknown,"Game is fun but the wait between tournament stages, sometimes two days, is frustrating.",
1514353966,de,Asselwurm,5,2017-01-03 05:43:57,Sehr guter Zeitvertreib,Macht immer Spaß,0,3.1.0,praise,positive,False,unknown,Player considers the game a great pastime that is always fun.,
1513851295,de,Babbaaa100,4,2017-01-02 10:33:20,Der Superspass ...,... kommt zweimal die Woche und macht mir immer wieder viel Freude. Kompliment an die Macher die sich das Ensemble immer wieder ausdenken.,0,3.1.0,live_events,positive,False,unknown,Player enjoys the twice-weekly new tournament content and compliments the developers' creativity.,
1510935366,de,Wuuli,5,2016-12-28 19:58:27,Macht sehr viel Spaß und das jede Woche neu!,Sehr zu empfehlen.,0,3.1.0,live_events,positive,False,unknown,Player highly recommends the game for its fresh weekly content.,
1510330222,de,Chorus82,5,2016-12-27 21:56:25,Perfekt für die Toiletten Zeit!🤙,Ist in Ordnung.,0,3.1.0,praise,positive,False,unknown,Player finds the game fine for short casual sessions.,
1509476690,de,Tanne59,4,2016-12-26 14:24:47,Racer,"Cool, aber nur mit kostenpflichtigen Käufen ist Gold zu bestehen

Macht Spaß, jedoch sind die Level nicht mit Standardbirds zu bestehen!",0,3.1.0,monetization,neutral,False,unknown,Game is fun but gold-tier levels are only achievable with paid purchases as standard birds are insufficient.,
1507604462,de,brainobserver,5,2016-12-23 19:01:54,Genug ist genug,"Ich spiele Angry Birds in allen Variationen von Anfang an. Jetzt lass ich es sein. In regelmäßigen Abständen wird ""Friends"" neu gestaltet, jedes Mal sind die gekauften Sachen futsch, und man fängt wieder von vorne an. Jetzt sind die Kauf-Boosts auch noch 50%! teurer geworden. Gehtˋs noch?",0,3.1.0,monetization,negative,True,veteran,Long-time player across all Angry Birds titles is quitting due to repeated loss of purchased items after updates and a 50% price increase on boosts.,
1506555740,de,Medghhgfhhhf,5,2016-12-22 05:59:28,Super,Macht immer noch Spaß,0,3.1.0,praise,positive,False,unknown,Player says the game is still fun.,
1504925169,de,Menjung,5,2016-12-19 15:12:48,Einfach nur Klasse!!!,"Super Spiel, macht echt Bock...",0,3.1.0,praise,positive,False,unknown,Player finds the game truly excellent and enjoyable.,
1504749955,de,tomlueck,4,2016-12-19 09:54:48,Vorsicht Suchtfaktor!!!,Kaum Ermüdungserscheinungen..,0,3.1.0,praise,positive,False,unknown,Player notes high addictiveness with little sign of fatigue.,
1504713009,de,WOLk52,5,2016-12-19 08:37:45,Spannend,Cool,0,3.1.0,praise,positive,False,unknown,Player finds the game exciting and cool.,
1503567706,de,Aslud,4,2016-12-17 12:35:21,Update nicht verfügbar!,"Eigentlich ein tolles Spiel - aber momentan will es mich nicht rein lassen, ohne ein Update gemacht zu haben...... Aber es ist keinUpdate verfügbar. Was nun? Kann momentan also gar nicht spielen....",0,3.1.0,bugs_performance,negative,False,unknown,Player cannot access the game due to an unavailable required update.,
1503461656,de,Drache1964,1,2016-12-17 09:08:51,Achtung,"Finger weg von Rovio Produkten
Abzocke pur !!!
Spielmanipulation !
Erfahre es seit Wochen in AB2
Mieser Support 
Grenzt schon an Betrug !",0,3.1.0,monetization,negative,True,unknown,"Player accuses Rovio of manipulation and predatory monetization, warns others to avoid their products.",
1503087593,de,triggeras,5,2016-12-16 18:41:17,"Spitze, aber seit dem letzten Update geht es nicht mehr",iPad Pro 12 Zoll aktuelles ios,0,3.1.0,bugs_performance,negative,False,unknown,Game stopped working on iPad Pro after the latest update.,
1502652258,de,Rinnilie,5,2016-12-16 03:39:34,Angry birds,Cool👍,0,3.1.0,praise,positive,False,unknown,Brief positive rating calling the game cool.,
1502237247,de,2013Gugu,5,2016-12-15 10:40:19,Angry birds friends,"Sehr schönes Spiel, nur kann ich es im Moment nicht spielen. Lt. Info soll ich es über Facebook laden, aber hier geht es auch nicht. Bitte Fehler beheben, danke.",0,3.1.0,social_account,negative,False,unknown,Player cannot access the game because the required Facebook login is also failing.,
1501842252,de,Doc Eichhorn,2,2016-12-14 16:45:19,Schade!,"Super Spiel, seit 13.12. nur noch spielbar nach Anmeldung über Facebook. Bitte Bug beheben.",0,3.0.0,social_account,negative,False,unknown,"Game became unplayable without Facebook login after a December update, player requests bug fix.",
1500870443,de,Fienche61,5,2016-12-13 03:15:43,Super Spielspaß,Ich spiele Angry Birds von Anfang an. Es ist so abwechslungsreich und toll  gestaltet. Super Spielspaß.,0,3.0.0,praise,positive,False,veteran,Long-time player from the start praises the game's variety and fun.,
1500662759,de,Al0671,3,2016-12-12 16:07:50,Tolles Spiel...aber...,"Macht Spaß, jede Woche Abwechslung und keine lange Weile. Mit Suchtfaktor, aber, ständig ""something went wrong"" oder ""we are busy"". Dann sind die Extras weg, Powerbirds, auch wenn bezahlt, weg. Werbefilm läuft, aber es gibt keine Extras. Sonst toll, aber wenn das Geld weg ist und der Einsatz, das ist echt Mist.",0,3.0.0,bugs_performance,negative,False,unknown,Frequent errors cause loss of paid power-ups and ad rewards not being delivered.,
1498939549,de,khonnyburi,4,2016-12-09 20:33:49,Immer noch gut,"Langsam wird es wieder und das Spielen macht spass wie früher, empfehlenswert.",0,3.0.0,praise,positive,False,unknown,Player notes performance has improved and the game is fun again.,
1494164729,de,MarcusDemelt,5,2016-12-01 17:22:53,Top Game,Super spannend,0,3.0.0,praise,positive,False,unknown,Short positive review praising the game as exciting.,
1493845663,de,NOmaD82,5,2016-12-01 06:15:50,Extremer Suchtfaktor,Auch nach paar Monaten bindet das Spiel ein wirklich extrem an das Smartphone. Es macht Spaß sich mit Freunden in den wöchentlichen Turnieren zu messen...,0,3.0.0,live_events,positive,False,unknown,Player finds the game highly addictive and enjoys competing in weekly tournaments with friends.,
1493843594,de,Captain Re,5,2016-12-01 06:11:39,"Grundsätzlich lustig,...",aber stellenweise recht langatmig!,0,3.0.0,progression_difficulty,neutral,False,unknown,Game is generally fun but sometimes feels slow and drawn out.,
1490793500,de,Zolly76,2,2016-11-25 14:53:34,N,"Schwaches Level ,habe 6 Monate ausgesetzt.vor ca 2 Jahren war es schwere in Diamond Level zu kommen.werde wieder aussetzen",0,3.0.0,progression_difficulty,negative,True,returning,Returning player finds Diamond League too easy now compared to two years ago and plans to quit again.,
1490212641,de,Edeltrautliebling,5,2016-11-24 14:29:55,Angry birds Friends,👍👍👍 super spiel macht süchtig😀,0,3.0.0,praise,positive,False,unknown,Player praises the game as great and addictive.,
1489798570,de,Büttgenbach Sebastian,5,2016-11-23 22:23:18,Bestes Spiel,Top,0,3.0.0,praise,positive,False,unknown,Short positive review calling the game the best.,
1488903258,de,ralle6611,5,2016-11-22 08:49:02,S,Sehr gut👍👍👍,0,3.0.0,praise,positive,False,unknown,Short positive rating with thumbs up.,
1485008956,de,reglergerd,1,2016-11-15 14:16:23,Fake,"Erreichter Platz wird nach ABSCHLUSS REVIDIERT

Animation um kostenpflichtige Credits zu erwerben???",0,3.0.0,tournaments_fairness,negative,False,unknown,Player reports achieved ranking being reversed after completion and suspects manipulation to push paid credit purchases.,
1482108309,de,KOPFMOTOR,3,2016-11-10 16:21:02,"An sich ganz gut, aber....","... wenn man wirklich weiter kommen will, muss man zusätzlich Sachen kaufen sonst wird das nix. Da packt einen schnell der Ehrgeiz und dann wird's teuer auf die Dauer.",0,2.9.0,monetization,neutral,False,unknown,Game is decent but meaningful progression requires paid purchases which can get expensive.,
1481902426,de,Wutz iPhone,5,2016-11-10 08:52:12,Super,Spaßig und gut,0,2.9.0,praise,positive,False,unknown,Short positive review calling the game fun and good.,
1481891638,de,Killatigger,5,2016-11-10 08:26:50,Killatigger,Best Game ever.....,0,2.9.0,praise,positive,False,unknown,Player enthusiastically calls it the best game ever.,
1480338017,de,*Snake*,5,2016-11-07 12:56:50,Super,Spiele das speil seid Jahren macht noch immer Spaß . Seid neustem die Werbung zwischendurch nervt aber etwas,0,2.9.0,ads,positive,False,veteran,Veteran player still enjoys the game after years but finds the new interstitial ads annoying.,
1480218240,de,Jitti48,5,2016-11-07 09:13:00,Angrybirds Friends,"Yitti 
Spiel ein toller  Zeitvertreib. Bin schon von Anfang an dabei.",0,2.9.0,praise,positive,False,veteran,Long-time player from the beginning enjoys the game as a great pastime.,
1478025397,de,Cordu31,5,2016-11-03 20:32:58,Super Spiel,Mag es gern macht echt Spaß nur weiterzuempfehlen,0,2.9.0,praise,positive,False,unknown,Player enjoys the game and recommends it.,
1476457944,de,Cosch67,5,2016-10-31 22:22:31,Fantastisch,"Sehr kurzweilig und vor allem sehr lobenswert,dass man sein ""Geld "" erspielen kann!!!!",0,2.9.0,economy_rewards,positive,False,unknown,Player praises the ability to earn in-game currency without spending real money.,
1476198789,de,El Brute,5,2016-10-31 10:25:26,Suchtfaktor und teurer Spass,"Sehr unterhaltsam, aber ohne Inappkäufe kommt man in den Ranglisten nicht weit.",0,2.9.0,monetization,neutral,False,unknown,Game is entertaining but leaderboard competitiveness requires in-app purchases.,
1475932519,de,Planeclear,5,2016-10-30 21:07:10,Supergeiles Spiel,Spaß immer wieder in neuen Herausforderungen ohne Geld investieren zu müssen.,0,2.9.0,praise,positive,False,unknown,Player loves the game for its fun challenges and no requirement to spend money.,
1474246309,de,Serenityxbattlefield,5,2016-10-28 05:11:34,👍 Witzig,Einfach witziges Spiel macht Spaß gegen Freunde um den Highscore zu spielen,0,2.9.0,praise,positive,False,unknown,Player finds the game funny and enjoys competing with friends for high scores.,
1473284576,de,Demischy,5,2016-10-26 13:18:04,Suchtgefahr,Einfach großartig,0,2.9.0,praise,positive,False,unknown,Player finds the game simply great and addictive.,
1473229670,de,Stiftung Warentest 2025,1,2016-10-26 11:38:02,Zwangs-Login über Facebook,"Hätte nie gedacht, dass ich Angry Birds mal mit einem Stern bewerte! Aber das Zwangs-Login über Facebook geht gar nicht👎👎👎",0,2.8.1,social_account,negative,True,veteran,Player is upset about being forced to log in via Facebook and rates the game one star.,
1472387344,de,teddy-fd,4,2016-10-24 19:03:30,Angry Birds,"Mittlerweile muss man Geld investieren wenn man seinen Rank nicht verlieren will.
Wöchentlich neue Level zum Spielen, macht immer wieder Spaß. Vielen Dank!",0,2.8.1,monetization,neutral,False,unknown,Player enjoys weekly new levels but notes that spending money is now necessary to maintain rank.,
1472234128,de,Balluh24,5,2016-10-24 12:42:54,Viel Spaß,"Ich muss sagen, es macht riesigen Spaß. Zumal man gegen Gleichgesinnte spielen kann. Einfach Klasse. Und für Abwechslung ist auch gesorgt, Dank ständiger Aktualisierung. Immer neue Level. Danke und weiter so. 👍👍👍👍👍",0,2.8.1,live_events,positive,False,unknown,"Player praises the fun, variety and constant new levels added every week.",
1471572458,de,GtiChecker,5,2016-10-23 08:18:42,👌🏼,👍🏻gh,0,2.8.1,praise,positive,False,unknown,Brief positive rating with no specific detail.,
1470970090,de,Handfernsprecher,5,2016-10-22 08:34:48,Hammer,"Das Spiel ist super, die Tournaments gegen die Facebook-Freunde machen echt Laune. Abwechslungsreich, da es mindestens 1x die Woche neue Levels gibt.",0,2.8.1,live_events,positive,False,unknown,Player enjoys tournaments with Facebook friends and appreciates new levels added weekly.,
1470424909,de,Schmidts888,5,2016-10-21 10:15:06,Top spiel,Das spielt wircklich gut um mit Freunden gegeneinander spielen zu können top 👍✌️,0,2.8.1,praise,positive,False,unknown,Player rates the game highly for its fun multiplayer experience with friends.,
1469420325,de,Wolframbi,5,2016-10-19 13:11:15,Super Spiel,Super Spiel,0,2.8.1,praise,positive,False,unknown,Player simply calls it a great game.,
1468879941,de,Tom_RLP,5,2016-10-18 12:57:16,So geil,Jede Woche neue Level. Ich bin süchtig 😂,0,2.8.1,live_events,positive,False,unknown,Player loves the new levels every week and admits to being addicted.,
1468495611,de,p_e_g,5,2016-10-17 19:07:00,👍👍👍👍👍👍,"Bestes Spiel für zwischendurch 🤗. 

Immer neu und erfrischend 🤗.",0,2.8.1,praise,positive,False,unknown,Player describes the game as always fresh and great for passing the time.,
1468379823,de,Cloude211,5,2016-10-17 14:09:25,Sehr kurzweilig und abwechslungsreich,👍🏻😄,0,2.8.1,praise,positive,False,unknown,Player briefly praises the game as entertaining and varied.,
1468344313,de,kenap,5,2016-10-17 13:00:41,Top,Macht immer wieder Spaß,0,2.8.1,praise,positive,False,unknown,Player says the game is consistently fun.,
1468195348,de,63granate,5,2016-10-17 07:30:57,Angry birds friends,Nice,0,2.8.1,praise,positive,False,unknown,Player simply says the game is nice.,
1467987159,de,DaveDaDon,5,2016-10-16 20:57:54,Perfekt!,Super Game...!,0,2.8.1,praise,positive,False,unknown,Player calls the game perfect.,
1466793294,de,Txxs27,5,2016-10-14 22:42:15,Top,Top,0,2.8.1,praise,positive,False,unknown,Player gives a brief top rating with no further detail.,
1466719250,de,Volker1988,5,2016-10-14 18:15:50,Spiel,Super,0,2.8.1,praise,positive,False,unknown,Player simply says the game is great.,
1466083574,de,Hering77,5,2016-10-13 15:28:59,Super Spiel,Abwechslungsreiches spiel mal viel Spaß gute Grafik Spitzen Zeitvertreib würde es empfehlen zu downloaden,0,2.8.1,praise,positive,False,unknown,"Player praises the variety, fun, and good graphics and recommends downloading.",
1465915951,de,Agat Alkala,5,2016-10-13 09:51:58,Spielsucht,Sehr schönes Spiel macht echt viel Spaß.👍👍👍,0,2.8.1,praise,positive,False,unknown,Player finds the game very enjoyable and addictive.,
1465908346,de,Das_Jojo,5,2016-10-13 09:35:37,Genial,"Super Spiel :-)
Bin zufrieden,alles läuft...",0,2.8.1,praise,positive,False,unknown,Player is satisfied and reports everything running smoothly.,
1465864045,de,Alfmob,5,2016-10-13 07:49:16,Birds,Die Vögel machen einfach Spaß!!! Immer wieder und immer noch das beste Spiel im Store 👍👍👍,0,2.8.1,praise,positive,False,unknown,Player calls it consistently the best game in the store.,
1461887507,de,Shortybln,5,2016-10-06 07:11:33,Top spiel,👍👍,0,2.7.0,praise,positive,False,unknown,Player gives a brief top rating.,
1457678201,de,Gemilos,5,2016-09-29 07:17:37,Absolut super Spiel ...,Mit Suchtfaktor 👍🏼👍🏼,0,2.7.0,praise,positive,False,unknown,Player praises the game as absolutely great with an addictive factor.,
1454876366,de,Infinitivkonjunktion,5,2016-09-24 06:11:47,Supi,Macht spasss,0,2.7.0,praise,positive,False,unknown,Player finds the game super fun.,
1454150360,de,Matthias Peiper,5,2016-09-22 21:53:01,Ein tolles Spiel,"Super! Jede Woche ein schöner Spaß. Schade nur, dass nur mit den Zukäufen der Highscore erreicht werden kann. Das sollte geändert werden, vielleicht durch differenzierte Ligen.",0,2.7.0,tournaments_fairness,positive,False,unknown,Enjoys the weekly fun but notes only paying players can reach top scores and suggests differentiated leagues.,
1453257302,de,Gemeineslybischesbergwiesel789,5,2016-09-21 06:33:13,Super!....aber....,"Ich liebe diese fiesen kleinen Piepmatze, aber seit click&buy nicht mehr als Zahlungsvariante geht bin ich etwas enttäuscht.
Und leider gibt es oft keine Verbindung zum Server was zur Folge hat, dass man powerups verliert oder wie aktuell, keine rankings mehr sehen kann.",0,2.7.0,bugs_performance,neutral,False,unknown,"Loves the game but frustrated by server connection issues causing power-up losses and ranking failures, plus removal of click&buy payment option.",
1442868847,de,Tüffü,5,2016-09-01 15:36:02,Super Spiel,Macht immer wieder Spaß,0,2.6.1,praise,positive,False,unknown,Short praise saying the game is always fun.,
1438950483,de,imitty12,5,2016-08-25 10:33:02,Love this Game,Macht immer wieder Spaß ! Und warte immer wieder auf die neuen Levels,0,2.6.1,live_events,positive,False,unknown,Always enjoys the game and looks forward to new levels each week.,
1438878960,de,Lkiki27,5,2016-08-25 07:44:19,Super !,Einfach Klasse!,0,2.6.1,praise,positive,False,unknown,Brief enthusiastic praise calling the game simply great.,
1437450913,de,Lelle1981,5,2016-08-22 18:07:18,Master of Desaster,"Tolles, abwechslungsreiches Spiel mit guten Wettkämpfen! Ein zusätzlicher storymode wäre net schlecht aber ansonsten top !!!!",0,2.6.1,feature_request,positive,False,unknown,Praises the varied gameplay and competitions but requests an additional story mode.,
1437291051,de,Des Copeland,5,2016-08-22 12:05:36,Top,Fett!,0,2.6.1,praise,positive,False,unknown,Very short positive review expressing enthusiasm.,
1437218955,de,John Scico,5,2016-08-22 09:17:30,Angry Birds,"Immer wieder neue Levels, und auch die Schwierigkeitsgrade sind variabel, super netter Zeitvertreib",0,2.6.1,live_events,positive,False,unknown,Appreciates the constant new levels and variable difficulty as a great pastime.,
1431255195,de,Chris120,1,2016-08-11 21:03:38,was ist nur aus Euch geworden?,"hätte nie gedacht, dass eine Spielreihe die mal Kult war, sich so schnell auf`s Abstellgleis befördern kann. Ihr zerstört mit Euren In-App-Käufen alles, was ihr Euch an Vertrauen aufgebaut habt! Ich möchte kein Gratis-Spiel, welches Spaß macht und sauber läuft...nein, ich zahle gerne..bis viel. max 10 € für ein Handy-Game. Aber bitte nur ehcte Vollversionen wie früher. So seht ihr von unser Zockergemeinde keinen einzigen Cent!",0,2.6.1,monetization,negative,True,unknown,Former fan refuses to spend money on the free-to-play model and demands a proper paid full version like before.,
1431234418,de,Dallllllllllbulllllll,5,2016-08-11 19:53:35,Immer neue Versionen,Super oft Wechsel - immer neu! Supertoll😉😊,0,2.6.1,live_events,positive,False,unknown,Loves the frequent version changes and constant novelty.,
1431002958,de,Mschmidtke,4,2016-08-11 11:22:27,Kurzweiliger Spaß!!,Immer wieder schön.,0,2.6.1,praise,positive,False,unknown,Short positive review calling the game an entertaining pastime.,
1429437024,de,Timdudili,5,2016-08-08 21:16:53,Geil Geil Geil,Sucht pur!!,0,2.6.1,praise,positive,False,unknown,Enthusiastically praises the game as purely addictive.,
1429286240,de,Gelihamburg,4,2016-08-08 14:27:57,Spaßfaktor,"Es macht immer wieder Spaß, die Vögel fliegen zu lassen. Ein bisschen süchtig macht es schon!",0,2.6.1,praise,positive,False,unknown,Finds it consistently fun and somewhat addictive to play.,
1421487545,de,Mia1278,5,2016-07-28 11:50:59,🐷🐥🏆,"Netter Zeitvertreib, macht süchtig😉 toll, dass es so oft neue Level gibt👍🏻",0,2.6.0,live_events,positive,False,unknown,Enjoys the game as a fun pastime and appreciates the frequent new levels.,
1419452859,de,AlexaPe,5,2016-07-25 07:09:09,Grrrrrreat!,Best game ever!,0,2.6.0,praise,positive,False,unknown,Short enthusiastic praise calling it the best game ever.,
1416739447,de,Malagutif12ac,5,2016-07-21 12:18:48,Weils Spaß macht!,Diese bösen Vögel machen süchtig und gegen Freunde spielen um so mehr!,0,2.6.0,social_account,positive,False,unknown,Finds the game addictive and especially enjoys playing against friends.,
1416717876,de,Evilmaddy,5,2016-07-21 11:38:30,Prima Battle,Mein Mann und ich lieben es uns ein Kopf an Kopf Rennen zu liefern,0,2.6.0,social_account,positive,False,unknown,Player and her husband love competing head-to-head against each other.,
1414633033,de,RayPhinix,5,2016-07-18 11:49:29,Sucht,Hey geiles Game mit extremen sucht Faktor,0,2.6.0,praise,positive,False,unknown,Calls it a great game with an extreme addiction factor.,
1410173582,de,De eni,5,2016-07-12 07:45:04,Besseres gibt es nicht,Für zwischendurch optimal einfach cool,0,2.6.0,praise,positive,False,unknown,Considers it the best casual game for passing time.,
1409509852,de,Robby290673,5,2016-07-11 07:06:50,👍,👍 genial,0,2.6.0,praise,positive,False,unknown,Single-word positive review expressing that the game is brilliant.,
1409327206,de,scherzbold,1,2016-07-11 00:19:05,Gewinnen tun die cheater,Man kann hier nicht gewinnen da lauter cheater da sind. Sieht man dran das die besten alle die selbe Punktzahl haben exakt.,0,2.6.0,tournaments_fairness,negative,False,unknown,Accuses the leaderboard of being full of cheaters evidenced by identical top scores.,
1405938278,de,Manuel Rintelmann,5,2016-07-05 15:40:22,Kurzweilig...,"...aber geniales Spiel. Wenn man aber oben mitmischen will dann kommt man von Kauf der Münzen nicht hinweg. Manchmal gibt's aber ein paar schöne Angebote, da kann man schon mal was investieren.",0,2.5.0,monetization,neutral,False,unknown,"Enjoys the game but acknowledges that competing at the top requires purchasing coins, though occasional good offers help.",
1402841705,de,Lucky-Hossi,5,2016-06-30 09:00:54,👍,Macht einfach nur gute Laune,0,2.5.0,praise,positive,False,unknown,Simply says the game puts them in a good mood.,
1402816418,de,Auenzar,5,2016-06-30 07:56:26,Totale Abwertung,Werbung ohne Ende. Die müssen es ja nötig haben.,0,2.5.0,ads,negative,False,unknown,Criticises the excessive amount of advertising in the game.,
1402432544,de,camiro7,5,2016-06-29 14:23:15,Schöner Zeitvertreib!,Die sonderaktionen könnten ein wenig öfter sein!,0,2.5.0,live_events,positive,False,unknown,Enjoys the game as a nice pastime but wishes special events occurred more frequently.,
1401379423,de,Zandorras,5,2016-06-27 18:07:45,Top,Es macht immer wieder spaß,0,2.5.0,praise,positive,False,unknown,Player finds the game consistently fun.,
1401337418,de,Donnieline,5,2016-06-27 16:14:58,Love it,Und freue mich auf jeden Montag wenn es neu los geht 👍,0,2.5.0,live_events,positive,False,unknown,Player looks forward to the weekly tournament reset every Monday.,
1401211847,de,Tinka2013,5,2016-06-27 11:56:05,Immer wieder klasse,Hab nach einiger Zeit wieder angefangen und finde das Spiel nach wie vor klasse. Kurzweilig und auch ohne die Jagd nach Plätzen einfach genial.,0,2.5.0,praise,positive,False,returning,Returning player still finds the game excellent and enjoyable beyond chasing leaderboard placements.,
1401139458,de,FrankFFN,3,2016-06-27 08:57:34,Tolles Spiel teures Vergnügen,"Das Spiel bringt Spass und Abwechslung, nur wenn man etwas reißen möchte kommt man um den Kauf von Coints nicht umher, diese wurden reduziert in der Anzahl und vom Preis deutlich erhöht, früher bekam man im Angebot 33.000 Coints für 39€ nun sind es 24.000 Coints für 69€ bitte ändern !!!!!",0,2.5.0,monetization,negative,False,unknown,Player complains that coin packages have gotten significantly more expensive while offering fewer coins.,
1399188175,de,Dennis von B,5,2016-06-23 18:15:05,Supi,Wie immer super Spiel... Macht einfach Laune 😃,0,2.5.0,praise,positive,False,unknown,Player finds the game great and fun as always.,
1398989867,de,Calle3333,5,2016-06-23 10:41:51,Angel birds,Macht immer wieder Spaß 👍,0,2.5.0,praise,positive,False,unknown,Player continues to enjoy the game repeatedly.,
1398950333,de,Klimchen,5,2016-06-23 08:59:30,Genial,Immer wieder gut nur macht die Tuniere wieder auf eine Woche bitte,0,2.5.0,live_events,positive,False,unknown,Player loves the game but requests tournaments be extended back to one week.,
1398178755,de,El marc,5,2016-06-21 20:07:42,Macht auch nach vielen Monaten...,...immer noch Spaß!,0,2.5.0,praise,positive,False,unknown,Game remains fun after many months of play.,
1398150475,de,Pro700,5,2016-06-21 18:27:03,Macht Laune,Täglicher Spaß,0,2.5.0,praise,positive,False,unknown,Player enjoys daily fun from the game.,
1398118384,de,Carterchen80,5,2016-06-21 16:49:24,Immer wieder ...,Ich liebe es....,0,2.5.0,praise,positive,False,unknown,Player expresses love for the game.,
1397736420,de,Mäuschen44,3,2016-06-20 23:55:46,Geht so,"Wie es auch schon beschrieben worden ist, ist es schwierig bei Tunieren den Highscore zubekommen.
So steht man,wenn überhaupt in der Mitte oder tiefer ubd damit ist dein erreichter League wieder weg.
Ansonsten netter Zeitvertreib.",0,2.5.0,tournaments_fairness,negative,False,unknown,"Player finds it difficult to achieve high tournament scores, causing league demotion.",
1395771349,de,Kussemano,5,2016-06-17 08:17:25,nice Game,"Perfekt um sich jede Woche aufs neue mit seinen Freunden zu messen. 

Volle Punktzahl 👍🏻👍🏻👍🏻",0,2.5.0,social_account,positive,False,unknown,Player loves competing with friends every week in tournaments.,
1395479939,de,Hallo1000,5,2016-06-16 17:47:04,Top Spiel,I like,0,2.5.0,praise,positive,False,unknown,Player simply likes the game.,
1395263479,de,Junior_Knut,4,2016-06-16 09:42:42,Mobile Titelverteidigung,"Schöne App um Unterwegs am wöchentlichen Turnier teilzunehmen und zu wissen, wo man steht. Auch sind die Videos, die jede Woche rauskommen nicht schlecht, aber finde ich es schade, dass man nicht die normalen Level spielen kann, wie am Pc in Facebook.",0,2.5.0,feature_request,neutral,False,unknown,Player enjoys the mobile tournament app but misses access to normal levels available on the Facebook PC version.,
1395235182,de,auntysarahjane,5,2016-06-16 08:30:29,Einfach nur toll!,Ich liebe dass es so oft neue Tournamente gibt! Einfach alles nur Wunderbar. Hab keine Kritiken! ;-),0,2.5.0,live_events,positive,False,unknown,Player loves the frequent new tournaments and has no criticism.,
1395224302,de,Rastarfarn,5,2016-06-16 08:02:22,Top,Wieder einKnaller,0,2.5.0,praise,positive,False,unknown,Player finds the game a hit again.,
1394504344,de,Franke1969,5,2016-06-14 23:49:50,Top,Beautiful game!,0,2.5.0,praise,positive,False,unknown,Player calls the game beautiful.,
1394446122,de,Prosit40,5,2016-06-14 20:34:10,Ausgezeichnet,..... Einfach exzellent 👍👍👍👍👍👍👍👍👍👍👍👍👍,0,2.5.0,praise,positive,False,unknown,Player rates the game as simply excellent.,
1394073914,de,Platsch0815,5,2016-06-14 04:51:26,👍👌👏,I love it!!!!!,0,2.5.0,praise,positive,False,unknown,Player loves the game enthusiastically.,
1393911397,de,KentooXai,5,2016-06-13 20:33:34,Top Zeitvertreib 👍🏼😄,Schönes Game !,0,2.5.0,praise,positive,False,unknown,Player enjoys the game as a nice pastime.,
1393855764,de,Karsten242,5,2016-06-13 17:31:44,Klasse pausenfüller,Super. Spiele ich immer wieder gerne gegen meine Facebook Freunde,0,2.5.0,social_account,positive,False,unknown,Player enjoys playing against Facebook friends repeatedly.,
1393840003,de,MarkusGross,5,2016-06-13 16:47:47,Tolles Spiel,Jede Woche Abwechslung!,0,2.5.0,live_events,positive,False,unknown,Player appreciates the weekly variety the game offers.,
1393805415,de,Sonne196,5,2016-06-13 15:27:36,1,"Das Spiel ist super. Leider wird es manchmal zu schnell abgebrochen, bevor man sich selber entscheiden kann. Eingehende emails sollten das Spiel nicht unterbrechen.",0,2.5.0,bugs_performance,neutral,False,unknown,Player likes the game but notes it sometimes ends abruptly due to incoming emails interrupting play.,
1393700763,de,Argon1,2,2016-06-13 11:47:35,Pay to win at its best,"Das Spiel selbst macht Laune. Leider basiert der Spielmodus noch stärker als zuvor auf dem Pay-to-win-Prinzip. Wer ohne zusätzliche Kosten spielt, hat kaum mehr eine Chance oben mitzuspielen. Die internen Münzboni wurden noch einmal verringert, so dass man kaum in den Ligen aufsteigen kann und eher noch zahlen muss, um nicht abzusteigen. Schade, dass Rovio eine so kapitalistische Strategie mit dem Franchise führt - das war zu Beginn von Angry Birds beileibe nicht so. Da gab es keine Power Ups und ständigen In App Käufe.",0,2.5.0,monetization,negative,False,veteran,"Player criticises heavy pay-to-win mechanics and reduced in-game coin rewards, contrasting with the original ad-free Angry Birds experience.",
1393669934,de,Spucky33,5,2016-06-13 10:26:13,Geil,Das Spiel macht süchtig.,0,2.5.0,praise,positive,False,unknown,Player finds the game addictively fun.,
14458803644,br,Estg78,1,2026-08-22 13:55:13,Bug,Um bug eterno nunca corrigido desde a primeira vez em que eu baixei chega em uma fase em um certo momento que o jogo simplesmente não abre mais não carrega não clique no aplicativo pra abrir ele simplesmente fica com a Barrinha carregando e daí não abre mais desde a primeira vez que eu baixei esse aplicativo já tem esse erro e agora eu baixei de novo continua a mesma coisa chega um ponto você não consegue mais entrar no aplicativo,0,14.6.0,bugs_performance,negative,True,returning,"Persistent loading bug prevents the app from opening after a certain point, present since the player's first install and still unfixed on reinstall.",
14253989108,br,D.Shinji,5,2026-07-02 14:35:13,Desafiador,"Se tem uma coisa que eu amo, é jogos impossíveis.Mas AB friends é muito impossível!!😃😃Parabéns quem criou esse jogo !👾🐤🦅",0,14.5.0,praise,positive,False,unknown,Player loves the game for being extremely challenging and congratulates the creators.,
14226674346,br,jojoooooooooo🌈,5,2026-06-26 00:58:05,Adoroooo,"Esse jogo, além de muito legal e estratégico, me despertou boas lembranças, de quando eu era pequenininha, lá em 2018. Meu pai tinha um tablet bem velinho da Samsung, que ele nem usava. Então eu tinha três joguinhos lá, um bem fajuto de fazer um caminho na areia e acertar a bola lá na cesta, um de cuidar de uma égua ( meu segundo jogo favorito ), e é claro, o melhor: Angry Birds! Claro que para uma criança de cinco anos, esses games eram um luxo!!!! 
Estou me sentindo tão nostálgica e feliz ao baixar esse jogo! Recomendo muito que façam o mesmo, é incrível!!!
OBS: Angry Birds era o único jogo de qualidade naquele tablet! 😅",0,14.5.0,praise,positive,False,returning,Returning player feels nostalgia for Angry Birds from childhood and highly recommends downloading it again.,
14194124677,br,Mimi_k0208,5,2026-06-17 16:49:12,jogo de sigma,muito bom recomendo,0,14.4.0,praise,positive,False,unknown,Short positive review recommending the game.,
14194106372,br,Jon O!n1234,5,2026-06-17 16:43:46,Muito Divertido,"Muito bom mesmo joguei vida toda, extremamente divertido⚡️⚡️🤩🤩",0,14.4.0,praise,positive,False,unknown,Player calls the game extremely fun and says they have played it their whole life.,
14101492008,br,Abettesworth,5,2026-05-24 18:02:24,Angry birds,"O jogo é simples, viciante e cheio de vida… e pássaros!",0,14.3.0,praise,positive,False,unknown,"Player praises the game as simple, addictive and full of life.",
14028753357,br,MarliseVB,5,2026-05-04 21:29:00,Angry birds,Angry birds,0,14.2.0,praise,positive,False,unknown,Minimal positive review simply naming the game.,
14008610432,br,Bozo na cadeia já,1,2026-04-29 09:21:32,Só propaganda.,Já fui viciado nesse jogo. Hoje ele fica escondido a última tela do celular e as vezes eu lembro que ele existe. Estragaram o jogo com o excesso de propaganda. Lixo.🗑️,0,14.2.0,ads,negative,True,veteran,Former addict says excessive ads ruined the game and now barely plays it.,
13952198603,br,Melissakmli,2,2026-04-13 02:33:47,Nao tem como fazer login pelo Facebook,É meu jogo favorito mas ele deu problema e tive que desinstalar porém tinha uma conta e não consigo acessar e recuperar minhas informacoes,0,14.1.0,social_account,negative,False,unknown,Player cannot log in via Facebook after reinstalling and is unable to recover their account data.,
13919733872,br,Emilybbr88,5,2026-04-04 00:32:52,Muito bom,"Joguei pouco até agora mas funciona perfeitamente, jogo tranquilo",0,14.1.0,praise,positive,False,new,New player finds the game working perfectly and describes it as relaxing.,
13899117928,br,yohancan,5,2026-03-29 08:23:45,Excelente jogo de lógica mental !,Dou 5 reais estrelas,0,14.1.0,praise,positive,False,unknown,Player gives a five-star rating calling it an excellent mental logic game.,
13851760987,br,ClaraLia,5,2026-03-15 18:57:16,Amo,Melhor jogo!!,0,14.1.0,praise,positive,False,unknown,Brief five-star review calling it the best game.,
13800822551,br,Nesseke,5,2026-03-01 02:13:37,Muito legal,Muito bom,0,14.0.0,praise,positive,False,unknown,Short positive review saying the game is very good.,
13756225740,br,Giovanna Mendes 💕,2,2026-02-16 16:35:55,Nova atualização ficou ruim,Agora os poderes ficam na parte de baixo (antigamente eles ficaram na parte de cima) nunca mais jogaria esse jogo,0,14.0.0,ux_ui,negative,True,unknown,Player dislikes the new update that moved power-ups from the top to the bottom of the screen and says they will never play again.,
13716367872,br,Enehhshwhwjsbdjbdje,1,2026-02-05 16:30:33,PRECISO EXPLICAR? ACHO QUE NÃO,…,0,14.0.0,other,negative,False,unknown,One-star review with no explanatory text.,
13526037798,br,✨💝Alicefairy💝✨,5,2025-12-18 02:29:18,Maravilhosamente relaxante de jogar!!! 💕🎊,"Desde os meus 3 anos jogo esse jogo e ao longo do tempo percebi vários objetivos úteis e radicais para jogar! Também me traz boas lembranças do tempo antigo é sempre foi um jogo muito especial pra mim,nunca me enjoo de jogar todo dia angry birds! Até agora amo,os eventos são incríveis,nunca me canso da musiquinha de fundo e muitas outras coisas então,descrevendo todo esse jogo a conclusão é que é incrível!!! 🎉❤️👑",0,13.6.1,live_events,positive,False,veteran,"Long-time player since age three loves the events, background music and overall experience, calling the game incredible.",
13378787631,br,GuiAvaliador,5,2025-11-10 00:51:28,Lembranças,Lembra o Clássico! Recomendo! 10/10!,0,13.5.3,praise,positive,False,unknown,Player says the game feels like the classic and gives it a perfect score.,
12956392905,br,Guiiaraujjo,1,2025-07-30 22:10:22,lixoooo,ESSE LIXO NAO CARREGA O FINAL DAS FASES????,0,13.4.0,bugs_performance,negative,False,unknown,"Game fails to load the end of levels, frustrating the player.",
12571056528,br,Isaac Silvestre.,5,2025-04-21 23:51:28,Jogo insano,Muito bom,0,13.1.0,praise,positive,False,unknown,Short five-star review calling the game insanely good.,
12314528907,br,neylmar,5,2025-02-15 16:14:37,o jogo é muito bom,o jogo é muito bom,0,13.0.1,praise,positive,False,unknown,Simple positive review stating the game is very good.,
12191089481,br,Linavarro,2,2025-01-16 11:51:42,Tá chato,"Eu adorava o jogo, sempre usei pra me distrair, mas atualmente essa versão só tá tendo fases mto complexas, cheias de labirintos, espaços inacessíveis, a gnt custa a passar, quem dirá fazer pontuação boa, tá chato de jogar, tão dificultando demais pra induzir a gnt comprar moedas e ficar usando o tempo todo outros artifícios pra passar. Vou desinstalar, não percam o tempo de vcs, só vai passar raiva!",0,12.7.2,progression_difficulty,negative,True,unknown,"Player finds recent levels excessively complex and difficult, perceives it as a pay-to-win tactic, and plans to uninstall.",
12182212305,br,Servidoo,5,2025-01-14 05:26:13,Stuart 157,Top,0,12.7.2,praise,positive,False,unknown,Very brief positive review.,
12157866893,br,Victor Álvares019,5,2025-01-08 01:21:53,Ótimo mas…,"Esses jogos da rovio hoje em dia até são bons,mas nenhum se compara com o angry birds epic",0,12.7.2,praise,positive,False,unknown,Player finds the game good but thinks it does not compare to Angry Birds Epic.,
11911764565,br,Diiniz,1,2024-11-04 14:05:35,BUG,"Entrei na liga diamante e agora jogo uma fase e trava, não consigo ter nem o estilingue da fase peleje ficava travando o app?? 
É só subir de nível que você travam o jogo???? 
E aí?!!!",0,12.6.1,bugs_performance,negative,False,unknown,"Game freezes and crashes after reaching Diamond League, making the slingshot inaccessible.",
11910852487,br,Leandro Hcpa,1,2024-11-04 09:12:30,Tá virado em propagandas !!!  Chato. Demais!!!!,Ai não né!  Ou façam uma versão paga sem propagandas!!  Ficou chato demais!,0,12.6.1,ads,negative,False,unknown,Player finds the game overwhelmed with ads and requests a paid ad-free version.,
11892561593,br,Douglas doze,1,2024-10-30 16:05:25,Horrível,"Jogo faz de tudo para você perder, no ranking ou você usa toda suas moedas ou vc não ganha de jeito nenhum, já é feito para perde, nunca mais eu jogo",0,12.6.1,tournaments_fairness,negative,True,unknown,Player feels the ranking system is rigged to force coin spending and vows never to play again.,
11729961375,br,P.Flôres,5,2024-09-16 10:48:07,Muito divertido e competitivo!😊👍,10!,0,12.5.1,praise,positive,False,unknown,Short enthusiastic praise calling the game fun and competitive.,
11722856061,br,Armsbrissa,3,2024-09-14 11:57:47,Torneio dos azuis não pontua,O Torneio dos Azuis não pontua ao passar de fases. Apenas quando se chega no ponto final,0,12.5.1,bugs_performance,neutral,False,unknown,"Blue Bird Tournament fails to register points during level progression, only counting at the final checkpoint.",
11716208909,br,Turista internet,4,2024-09-12 13:44:52,Bom jogo,Muita propaganda… propaganda até para ver pontuação!,0,12.5.1,ads,neutral,False,unknown,"Good game overall but ads are excessive, even appearing before score is shown.",
11613110777,br,luhaana,1,2024-08-15 14:20:02,Bugue,Meu jogo não está entrando. Eu aperto pra entrar aí carrega um pouco e volta pra tela inicial do celular,0,12.4.0,bugs_performance,negative,False,unknown,Game crashes back to the home screen immediately after loading.,
11567990640,br,Pablo Fraga,3,2024-08-03 16:12:04,Tem um pássaro morto na app story,Ruim de mais,0,12.4.0,other,negative,False,unknown,Player briefly complains about a dead bird in the app store listing without much detail.,
11565933543,br,Drih_ih,5,2024-08-03 03:18:34,Amo,"Apesar dos nervosos que passo, sou viciada nele!",0,12.4.0,praise,positive,False,unknown,Player admits to being addicted despite the frustration the game causes.,
11530009084,br,Dv siq,5,2024-07-24 16:09:26,Muito bom,Ele é muito bom é tida vez que se erra pode voltar a traz,0,12.4.0,praise,positive,False,unknown,Player enjoys the game and appreciates being able to undo mistakes.,
11527325013,br,LuanFilipe,5,2024-07-23 23:12:11,Melhor coisa que existe esse jogo é o céu,Top melhores jogos de estilingue!!!!!!,0,12.4.0,praise,positive,False,unknown,Player calls it the best slingshot game available.,
11508316187,br,zreenrotmf,1,2024-07-18 20:04:19,Amo o jogo,"Mas o excesso de publicidade é irritante,fazendo perder a vontade de jogar",0,12.4.0,ads,negative,True,unknown,Excessive ads are killing the player's desire to keep playing.,
11471308727,br,Celiocao,5,2024-07-09 00:17:09,Top,Divertido,0,12.4.0,praise,positive,False,unknown,Brief positive review calling the game fun.,
11340486217,br,Caponga,5,2024-06-04 00:01:16,Jogo muito envolvente,Muito bom para deixar a mente leve e aguçada,0,12.2.0,praise,positive,False,unknown,Player finds the game engaging and good for mental stimulation.,
11271239040,br,Julival jk,4,2024-05-15 21:18:39,HEITOR,HEITOR,0,12.2.0,other,neutral,False,unknown,Review contains only a name with no meaningful content.,
11261462042,br,Eusouaeli,3,2024-05-13 02:10:41,Problemas,"O jogo começou a travar, “roubar os pontos”. Trava em alguns anúncios ELILO3",0,12.2.0,bugs_performance,negative,False,unknown,Game freezes during ads and appears to steal points when it does.,
11220630178,br,Cagubsgahh,2,2024-05-01 14:55:39,Anúncios,Os anunciantes ultimamente são golpistas com jogos de azar isso tinha que proibido pra jogos com classificação infantil.,0,12.1.0,ads,negative,False,unknown,Player reports that advertisers are running gambling scam ads inappropriate for a kids-rated game.,
11159516959,br,robloxceline0305,5,2024-04-15 00:04:46,Lindo maravilhoso,Amei,0,12.1.0,praise,positive,False,unknown,Short glowing praise with no specific detail.,
11060368944,br,Biia Borges,3,2024-03-19 03:10:55,Última atualização,Atualizei o jogo e agora não consigo assistir anúncio para adquirir algum poder. O anúncio simplesmente trava e eu tenho que sair do jogo.,0,12.0.0,bugs_performance,negative,False,unknown,"After the latest update, rewarded ads freeze forcing the player to quit the game.",
10982962078,br,LGam4,5,2024-02-26 20:02:33,Um dos melhores jogos,"Eu amo esse jogo, todo tento jogar um pouco, mas podia ter versao offline",0,12.0.0,feature_request,positive,False,unknown,Player loves the game but requests an offline mode.,
10948488601,br,Henry lindooo,5,2024-02-17 11:14:52,O jogo é muito bom,O jogo é muito legal mas se o jogo é pra matar porcos. pros jogos de Angry Birds durarem mais tempo teria que colocar uma classificação +10 anos ok criadores de Angry Birds?,0,11.19.1,feature_request,positive,False,unknown,Player enjoys the game and suggests raising the age rating to 10+ for longevity.,
10937982029,br,qwerthufndbxsfegn,5,2024-02-14 13:25:00,O jogo é muito bom 😊,Melhor jogo de estilingue,0,11.19.1,praise,positive,False,unknown,Player calls it the best slingshot game available.,
10894911203,br,Mata Roma,5,2024-02-03 00:44:15,Eu vou fazer,Não sei,0,11.19.1,other,neutral,False,unknown,Review contains no meaningful content.,
10744638047,br,rribani,1,2023-12-25 21:37:18,Não funciona,Instala mas não funciona no meu iPad 3 mini,0,11.18.1,bugs_performance,negative,False,unknown,Game installs but does not launch on iPad mini 3.,
10621937129,br,RezendeJu,5,2023-11-25 01:10:15,Muito Bom,Perfeição!,0,11.18.0,praise,positive,False,unknown,Very brief review calling the game perfect.,
10554077170,br,Angry birds rio amava,1,2023-11-05 19:37:46,Nostalgia,E legal mas porque o título e nostalgia eu preferia quando tinha o angry birds do rio era mas daora,0,11.17.1,live_events,negative,False,veteran,Player prefers older Angry Birds titles like Rio and misses past content.,
10475086772,br,Uma pessoa qualquerʕ⁎̯͡⁎ʔ༄,5,2023-10-14 21:24:40,ADICIONA OS JOGOS ANTIGOS,Rovio adiciona os jogos antigos do angry birds o space Star Wars o go o rio e etc mesmo falido adiciona esses jogos que assim a sua empresa vai crescer como antigamente,0,11.17.1,feature_request,neutral,False,unknown,"Player urges Rovio to restore classic Angry Birds titles like Space, Star Wars, Go and Rio to grow the brand again.",
10435678003,br,Evertons1,1,2023-10-03 23:42:16,Atualização nova,Fizeram uma atualização impedindo sistema iOS abaixo da 13 versão de jogar.,0,11.16.0,bugs_performance,negative,True,unknown,New update blocks iOS versions below 13 from playing.,
10357193610,br,SAD•TROL,2,2023-09-11 11:54:59,🙂,Muito bom porem tem e online,0,11.15.0,other,neutral,False,unknown,Likes the game but dislikes the online-only requirement.,
10274108326,br,Itz_theuzinho,5,2023-08-19 00:24:29,Legallllll,Muito bom app,0,11.14.2,praise,positive,False,unknown,Short positive praise for the app.,
10264743172,br,Marco delmo,2,2023-08-16 13:42:43,Problemas nas recompensas,Estamos tendo indisponibilidade das recompensas… estão liberando apenas 1 power up e 1 wingman,0,11.14.2,economy_rewards,negative,False,unknown,"Rewards are broken, only releasing 1 power-up and 1 wingman instead of the full amount.",
10177501984,br,Homem chato,2,2023-07-24 18:55:12,Como faz para deletar minha conta,Oi tudo bem gostaria de deletar minha conta do aplicativo de vocês,0,11.14.0,social_account,neutral,True,unknown,Player is asking how to delete their account.,
10170718777,br,Meiganlua,5,2023-07-22 23:03:54,Melhor jogo de todos,Angry birds pra mim é o melhor jogo que tem!!! Os torneios sempre se renovando são os melhores pq nunca fica monótono . Já tô em diamante 5,0,11.14.0,tournaments_fairness,positive,False,unknown,"Loves the game and constantly refreshing tournaments, currently at Diamond 5.",
10075963058,br,Manuzoka,2,2023-06-26 23:23:41,Come back old good titles,"Angry Rio, Angry Go, Angry Space!",0,6.0.6,feature_request,negative,False,veteran,"Requests the return of classic titles like Angry Birds Rio, Go, and Space.",
10057967642,br,MuriloCachoeira2009,5,2023-06-21 19:00:36,Angry Birds Friends é muito bom,Gostei muito!!!,0,11.14.0,praise,positive,False,unknown,Very positive short review praising Angry Birds Friends.,
9971604649,br,Enzo gabrile si,5,2023-05-27 18:50:40,Enzo gabáveis,"shendn com br

eu amor agiu bidê
melhor jogo que já vi",0,11.13.0,praise,positive,False,unknown,Enthusiastic praise calling it the best game ever seen.,
9967130210,br,ttterranova,5,2023-05-26 13:04:02,Muito bom,Melhor do que o 2 mil vezes,0,11.13.0,praise,positive,False,unknown,Claims it is far better than Angry Birds 2.,
9965347425,br,Al nassr fc,5,2023-05-25 23:21:33,Ótimo,Marcou minha infância,0,11.13.0,praise,positive,False,veteran,Game is a nostalgic childhood favourite.,
9955230276,br,Aishanith,5,2023-05-22 22:55:00,Sem Ads,"Joguei por meia hora, não apareceu nenhum ad. Incrível",0,11.12.1,ads,positive,False,unknown,Pleasantly surprised by playing half an hour without seeing a single ad.,
9930349517,br,vidim2,5,2023-05-15 18:55:20,Bom,"Não muda praticamente nada de todos os outros Angry birds.
Por isso que é bom",0,11.12.1,praise,positive,False,unknown,Likes that the game stays true to the classic Angry Birds formula.,
9879197407,br,bbbbbbbdidjdbs,2,2023-04-30 23:49:02,+0u-,Só não gostei 100%pq precisa ter internet para jogar🥹😓,0,11.12.1,other,neutral,False,unknown,Would rate it 100% but dislikes the mandatory internet connection.,
9860313247,br,João12pro,5,2023-04-25 17:02:53,..,..é esse jogo é… incrível mano umas das melhores franquias de jogos concerteza uns dos meus jogos favoritos,0,11.12.1,praise,positive,False,unknown,Calls it incredible and one of the best gaming franchises ever.,
9828606473,br,Davi A.l,5,2023-04-16 15:43:56,Otimo,Jogo esse jogo a mais de 5 anos e nunca deu problema!,0,11.11.0,praise,positive,False,veteran,Has been playing for over 5 years without any issues.,
9701584740,br,Carolssa,3,2023-03-11 09:37:14,Hackers,"Quando eu estava jogando apareceu algo no meu dispositivo, apareceu uma mensagem de que se eu joga-se a próxima fase eu seria hackeado.No dia seguinte eu esqueci da mensagem e fui hackeado.O App é bom mas tem muitos problemas.",0,11.10.0,bugs_performance,negative,False,unknown,Player was hacked after ignoring an in-game warning message about a potential security threat.,
9674889444,br,Maura Mônica,5,2023-03-03 14:27:43,Excelente jogo de estratégia,Foi o meu filho mais velho quem me apresentou o Angry Birds: um excelente jogo de estratégia. Gosto e indico sempre. Parabéns!,0,11.9.1,praise,positive,False,unknown,Considers it an excellent strategy game and always recommends it.,
9413408548,br,ratasana,2,2022-12-19 16:34:14,Angra Bords Friends,O jogo é ótimo porém está impossível jogar de tantas propagandas chatas e longas e algumas vezes até duas propagandas de uma vez. Fico mais tempo vendo propagandas horríveis do que jogando.,0,11.8.2,ads,negative,True,unknown,"Excessive and lengthy ads, sometimes two at once, make it impossible to enjoy the game.",
9324528254,br,weleymr,1,2022-11-24 17:45:21,Anúncio com vírus,Tem um anúncio de moda feminina que trava o jogo e que se clicar no anúncio é direcionado para aqueles sites de vírus que prometem liberar memória no smartphone. Cuidado com este jogo,0,11.7.0,ads,negative,True,unknown,"A malicious ad freezes the game and redirects to virus-laden websites, warning others to avoid the game.",
9322255710,br,haubsm,5,2022-11-24 02:32:33,Ótimo,Ótimo jogo! Estava com saudade,0,11.7.0,praise,positive,False,returning,Short positive review from a player who missed the game and returned.,
9262061341,br,juiz2019,5,2022-11-06 16:37:53,Ótimo,Para quem não faz nada,0,11.6.0,praise,positive,False,unknown,Brief positive endorsement of the game.,
9048865947,br,Tototititititt,5,2022-09-03 17:57:03,Kkkkkkkk,Adorei engraçado,0,11.4.0,praise,positive,False,unknown,Found the game fun and entertaining.,
9024709299,br,regianealmeida01,2,2022-08-28 00:53:31,Não carrega com o Facebook,Perdi todo o meu progresso no jogo pq ele não entra mais com o Facebook ;(,0,11.4.0,social_account,negative,True,unknown,Lost all game progress because Facebook login no longer works.,
9010096342,br,Maverick 1105,3,2022-08-24 00:14:16,Não carrega mais com a conta Facebook,Não carrega mais com a conta Facebook,0,11.4.0,social_account,negative,False,unknown,Facebook account login is no longer loading in the game.,
9009716958,br,Lucsouzaa,1,2022-08-23 21:09:34,Crash after smurfs update,"The last update with smurfs promo, the game crash after start game! It is so sad! Was a beautiful game at pass 🤦🏾‍♂️ads ads and more ads 😡",0,11.4.0,bugs_performance,negative,True,unknown,Game crashes after the Smurfs update and player complains about excessive ads.,
8971111305,br,ClauAlonso66,4,2022-08-12 13:21:11,Recomendo é muito bom 😊,"Mas ainda sim é bem difícil 😥 
Mas recomendo",0,11.3.0,progression_difficulty,neutral,False,unknown,Player recommends the game but finds it quite difficult.,
8923872250,br,egisto gava,5,2022-07-29 13:39:11,Jogo top,100%,0,11.3.0,praise,positive,False,unknown,Brief perfect-score endorsement with no specific feedback.,
8918103798,br,José ggg25102010,5,2022-07-27 20:25:03,Excelente,Muito bom e divertido pra jogar sozinho e com amigos,0,11.3.0,praise,positive,False,unknown,Player enjoys the game both solo and with friends.,
8850683730,br,Lorenzo62637,5,2022-07-07 18:34:58,Bom de+,E muito legal e bom,0,11.2.0,praise,positive,False,unknown,Short positive review calling the game fun and good.,
8810178666,br,Roboni2509,5,2022-06-25 20:28:05,Muito bom,Continue o progresso,0,11.2.0,praise,positive,False,unknown,Player enjoys the game and encourages continued development.,
8744536317,br,legal é bonito,5,2022-06-05 18:24:37,Muito legal,O jogo é quase melhor do que o AB 2,0,11.1.1,praise,positive,False,unknown,Player considers Angry Birds Friends nearly better than AB2.,
8701044594,br,velho javali,4,2022-05-23 19:24:12,"Recomendo, diversão garantida.",Muito bom! 👏🏻👏🏻👏🏻,0,11.1.1,praise,positive,False,unknown,Short enthusiastic recommendation praising the fun experience.,
8690720942,br,jdjdjjt,5,2022-05-20 18:33:30,Muito bom mas achei um pouco estranho,bom demais só que já tenho muitos anos de experiência e eu nunca vi o bigodão desse jeito,0,11.1.1,praise,positive,False,veteran,Long-time player enjoys the game but notices something unfamiliar about a character's appearance.,
8648710971,br,a malinds kahdg,5,2022-05-08 04:38:37,O jogo é muito,Nota 100000.😭🤍👏🏼,0,11.0.0,praise,positive,False,unknown,Player gives an enthusiastic perfect score with no specific feedback.,
8596074263,br,reeezita,5,2022-04-23 01:27:50,Rezita,Drechxvfdv,0,11.0.0,other,neutral,False,unknown,Incoherent review with no meaningful content.,
8366328305,br,gsgmeda,5,2022-02-17 16:40:34,Gfktdyirsyigckh,Macarrão com salsicha,0,10.10.2,other,neutral,False,unknown,Nonsensical review with no actionable feedback.,
8356200322,br,docedi,5,2022-02-14 21:23:59,Bddbdh,Hhshshd,0,10.10.2,other,neutral,False,unknown,Gibberish review with no meaningful content.,
8327033163,br,danielservo,5,2022-02-06 21:48:23,Eu,Melhor jogo kkkk,0,10.10.1,praise,positive,False,unknown,Player calls it the best game with a laughing endorsement.,
8306764697,br,Flá.bh,5,2022-02-01 11:04:44,Não fico sem 😁,Excelente!!! Adoro jogar!!!,0,10.10.1,praise,positive,False,unknown,Player loves the game and can't go without playing it.,
8195647836,br,Estergomex,5,2022-01-02 12:02:05,Bom,Ótimo jogo,0,10.9.0,praise,positive,False,unknown,Short positive review calling the game great.,
8175789580,br,Jorginho Monteiro,5,2021-12-27 23:39:01,👍🏼👍🏼👍🏼👍🏼👍🏼👍🏼😃😃😃😃😃😃😃😃,Muito bom o jogo,0,10.9.0,praise,positive,False,unknown,Enthusiastic thumbs-up review with minimal text.,
8172947010,br,EU TOCO É NÃO VAIIIIIII,5,2021-12-27 04:24:15,ESSE É O MELHOR JOGO DA MINHA VIDA,ESSE É O MELHOR JOGO DA MINHA VIDA,0,10.9.0,praise,positive,False,unknown,Player declares it the best game of their life.,
8132057357,br,Auxiliadora07,5,2021-12-15 09:01:38,Top,Gostei muito,0,10.8.0,praise,positive,False,unknown,Short positive review expressing enjoyment.,
8130706257,br,Andre!!!1973,5,2021-12-14 22:41:00,"Best game ever, except for San Andrea’s !!!",Nice man !!! And is freee!! Yours team is amazing!!!,0,10.8.0,praise,positive,False,unknown,"Player praises the game and the team, highlighting that it is free.",
8102741674,br,Mas é verdade,5,2021-12-06 22:24:13,Eduardo,Quem nao gosta é burro,0,10.8.0,praise,positive,False,unknown,Blunt positive endorsement saying anyone who dislikes it is wrong.,
8081303149,br,Pedro Tarouco,4,2021-11-30 22:16:11,Angry birds,É bom mas prefiro angry birds go,0,10.8.0,praise,positive,False,unknown,Player likes the game but prefers Angry Birds Go.,
8062413301,br,jsbribs,4,2021-11-25 17:07:16,Muito bom,Só que muito caro as coisas,0,10.8.0,monetization,neutral,False,unknown,Player enjoys the game but finds in-game items too expensive.,
7978983086,br,uma garota autista,5,2021-11-01 22:52:53,Gosto de jogar,Adoro jogar esse jogo,0,10.7.1,praise,positive,False,unknown,Player expresses love for playing the game.,
7907152857,br,miriankao,5,2021-10-12 16:39:04,Excelente,Excelente jogabilidade. Jogo viciante.,0,10.6.6,praise,positive,False,unknown,Player praises the gameplay as excellent and addictive.,
7785880281,br,euEvaMatos,5,2021-09-09 00:22:15,Excelente passatempo,🥰🥰,0,10.4.0,praise,positive,False,unknown,Player finds the game an excellent pastime and loves it.,
7694900646,br,thayscastrojk,2,2021-08-15 08:59:01,Muito difícil deixa a desejar !,"No começo o jogo é bem legal e viciante , porém conforme vai passando as fases vai ficando impossível de jogar . Fases 43 acima vai ficando bem chato e deixando a desejar . Mesmo já tendo experiência no jogo as fases vão ficando impossíveis .  Antigamente esse jogo era mais fácil com fases difíceis porém jogáveis, agora tem que usar todo os poderes acima pra tentar passar uma única fase pois falta passarinhos . :/  não curti e já vou desinstalar .",0,10.4.0,progression_difficulty,negative,True,unknown,"Player finds levels above 43 impossibly hard requiring all power-ups, says the game got harder than before and is uninstalling.",
7577413529,br,rdszim,5,2021-07-15 01:04:04,Angra bird,Me avaliação 10,0,10.3.2,praise,positive,False,unknown,Player gives the game a perfect score of 10.,
7452573965,br,Leitorchip,1,2021-06-11 14:31:12,Não funciona off-line,O app não abre o jogo se não estiver conectado. Lamentável.,0,10.2.0,bugs_performance,negative,False,unknown,"Game does not open without an internet connection, which the player finds unacceptable.",
7440392439,br,Luis e Renato,5,2021-06-08 09:45:42,Muito top atualizem mais por favor 🙏,Duvido vcs atualizarem mais mas por favor façam isso.,0,10.2.0,feature_request,positive,False,unknown,Player loves the game and requests more frequent updates and content.,
7277505540,br,Alexsander Xavier da Silva,3,2021-04-29 15:09:49,Onde estão os outros...,"Onde estão os outros jogos,os bons,só ficaram os Angry Birds Transformers,Angry Birds 2 e Angry Birds Friends.A Apple proibiu os outros?",0,10.0.1,other,neutral,False,unknown,"Player wonders what happened to the other Angry Birds titles, asking if Apple banned them.",
7275082018,br,traskispustio,4,2021-04-28 23:05:30,Very gord,Jogo incrível em todos os aspectos porém o zoom da tela poderia ser melhor,0,10.0.1,ux_ui,positive,False,unknown,Player loves the game overall but thinks the screen zoom could be improved.,
7244213737,br,Unhasleão,5,2021-04-20 17:07:33,Angry Birds,"Amo esse jogo, um dos melhores!❤️🥰",0,10.0.0,praise,positive,False,unknown,Player loves the game and considers it one of the best.,
7171776413,br,vava❣️,5,2021-04-01 17:58:32,Nota 10!!,Muito top esse é o melhor jogo angry birds 🐦 mas n sei se para vcs esse jogo é bom mas essa é a minha opinião!,0,9.10.0,praise,positive,False,unknown,Player rates the game 10 out of 10 and calls it the best Angry Birds game.,
7106645049,br,Cassialima06,5,2021-03-15 18:55:06,Gostei,Gostei muito,0,9.10.0,praise,positive,False,unknown,Player simply expresses that they enjoyed the game.,
6929682493,br,lu&so,5,2021-01-29 20:37:10,Sensacional,"Ótimo jogo de desafios.
Adoramos muito",0,9.9.0,praise,positive,False,unknown,Player finds the game a sensational challenge experience.,
6920173945,br,nnbhkbg,5,2021-01-27 15:33:02,O jogo é mito bom,O jogo é muito bom,0,9.8.1,praise,positive,False,unknown,Player says the game is very good.,
6906139423,br,um ser anonimo,2,2021-01-24 01:24:26,Médio,Não tem como jogar com os amigos mesmo então meio complicado esse título do jogo,0,9.8.1,social_account,negative,False,unknown,Player is disappointed that playing with friends is not actually possible despite the game's title.,
6859088254,br,tenho certeza abisuluta,5,2021-01-12 00:24:47,Minha avaliação,Isso com minha certeza,0,9.8.0,praise,positive,False,unknown,Player expresses certainty of a positive evaluation.,
6839918340,br,SolZaghi,1,2021-01-07 02:18:47,Só vai até o nível 110 !!!,Como faço para ver os novos níveis do jogo ? O meu parou no nível 110. E olha que estou jogando num IPhone 12 Pro Max !!!,0,9.8.0,bugs_performance,negative,False,unknown,Player reports the game is stuck at level 110 with no new levels loading despite playing on a recent iPhone.,
6784994702,br,Izabel lll,5,2020-12-23 13:50:21,Birds,"Achei ótimo jogo 
Continuarei",0,9.8.0,praise,positive,False,unknown,Player found the game great and intends to keep playing.,
6731663254,br,romerogc,3,2020-12-08 18:58:52,Jogo bom mas com problemas ao logar,"Jogo e ótimo. Mas na versão atual, ao ele tentar logar no Facebook logo que o jogo abre da problema e você não consegue abrir o jogo. Só desinstalando e instalando denovo.",0,9.7.2,social_account,neutral,False,unknown,"Player reports a bug where Facebook login on launch prevents the game from opening, requiring a reinstall each time.",
6577383242,br,Tiago Pinhero,5,2020-10-26 22:30:23,Avaliação,Muito bom Explodir As Coisas Todos Os Personagens São Muito Legal Já Estou No Nível 200👍,0,9.6.0,praise,positive,False,unknown,"Player loves blowing things up and all the characters, currently at level 200.",
6520749237,br,valdacosta,5,2020-10-10 15:03:57,Muito legal 👍,É sério eu jogo direto esse jogo ele é o melhor do mundo ele é o meu favorito  #5estrelas,0,9.5.1,praise,positive,False,unknown,Player calls the game the best in the world and their personal favorite.,
6492625588,br,Rapha__,1,2020-10-02 15:52:04,Jogo travando,Todos os dias perco prêmios porque o jogo trava e não me deixa assistir aos anúncios pra coletar. Eu tô perdendo pontos e classificação nos torneios por conta disso. Poxa... aí fica difícil. Outras pessoas pegam os prêmios e eu não?,0,9.5.1,bugs_performance,negative,False,unknown,Player loses tournament prizes and ranking daily because the game freezes and prevents watching reward ads.,
6462095478,br,britttes,5,2020-09-24 03:13:01,Bom,Top,0,9.4.0,praise,positive,False,unknown,Player gives a brief positive rating.,
6304616630,br,batata👁👄👁,5,2020-08-11 02:58:19,Sobre o jogo,O jogo é muito só acho que deveria ter mais níveis,0,9.2.2,feature_request,positive,False,unknown,Player enjoys the game but wishes there were more levels available.,
6298520543,br,LuteMoraes,5,2020-08-09 12:38:46,Muito bom.,Um dos melhores jogos,0,9.2.2,praise,positive,False,unknown,Player considers it one of the best games.,
6246113588,br,helealexandre,4,2020-07-27 03:00:32,Só vai até o nível 110,Quero atualização só vai até o 110,0,9.0.0,live_events,neutral,False,unknown,Player wants an update to add levels beyond 110.,
6130001375,br,Matheus e Nina,5,2020-06-28 01:13:24,P,ZxxxxldpI said you’re going with the Lego voicemail,0,8.8.1,other,neutral,False,unknown,Review text appears to be nonsensical and unrelated to the game.,
5830106387,br,wiidhhd,5,2020-04-18 15:23:22,Eu jogava este jogo em  criança  e quando o vi fiquei muito contente,⭐️⭐️⭐️⭐️⭐️⭐️⭐️⭐️⭐️⭐️⭐️⭐️⭐️⭐️⭐️⭐️⭐️⭐️⭐️⭐️,0,8.5.0,praise,positive,False,returning,Player fondly remembers playing as a child and is happy to find the game again.,
5747216933,br,AirtonJ7,5,2020-04-01 18:35:10,👍🏻,Ótima ✨,0,8.4.0,praise,positive,False,unknown,Brief positive review praising the game as great.,
5736761133,br,marcosdosom,1,2020-03-30 17:42:09,Depois da última atualização parou de funcionar,O jogo pede para atualizar no Facebook e nada acontece. Fica voltando para o App Store e não sai daí!,0,6.0.6,bugs_performance,negative,False,unknown,After the latest update the game loops between Facebook login and the App Store and cannot be launched.,
5729870823,br,Laura Japa,5,2020-03-29 08:33:38,Excelente,Jogo bem feito,0,8.3.0,praise,positive,False,unknown,Player calls the game well-made and excellent.,
5451673540,br,Chrisavell,2,2020-01-26 15:55:50,Trava toda hora e querem atualizar toda hora!,Trava toda hora e querem atualizar toda hora! Haja paciência!,0,8.0.0,bugs_performance,negative,False,unknown,"Game freezes constantly and requires frequent updates, frustrating the player.",
5377621036,br,Joaçaba,1,2020-01-08 19:14:52,Sumiu,"Simplesmente sumiu tudo , reinstalei e não  consegui mas abrir..",0,6.0.6,bugs_performance,negative,True,unknown,Everything disappeared after a reinstall and the game can no longer be opened.,
5373906605,br,Doug Birds,1,2020-01-07 22:51:35,Adorava....mas....,"Depois dessa última atualização o jogo trava e reinicia direto e não consigo ver os vídeos pra ganhar recompensa pois o jogo desliga... sacanagem ninguém ver o que está acontecendo
Acontecendo até agora Qdo uso os poderes o app desliga sozinho e perco os poderes que usei acho muita sacanagem eu amava jogar desde quando foi lançado",0,7.8.1,bugs_performance,negative,False,veteran,"Since the latest update the app crashes constantly, especially when using power-ups, causing the player to lose spent boosters.",
5343971865,br,ouclastinc,5,2019-12-31 19:25:40,Ótimo,Fizeram um ótimo trabalho .,0,7.8.1,praise,positive,False,unknown,Player praises the team for doing a great job.,
5287644528,br,ednabe,5,2019-12-18 15:01:02,Rrrrrrrrooooooooovvvvvvvviiiiiiiooooooooo,"O último jogo bom de angry birds disponível afinal o presente de aniversário de 10 anos de angry birds foi…

Tirar os melhores jogos de angry birds da app store 
Rrrrrrrrrrrrrrrrrrooooooooooooooovvvvvvvvvbbiiiiiiiiiiiiooooooo!!!!!!!!",0,7.8.1,live_events,negative,False,veteran,Long-time fan laments that Rovio removed the best Angry Birds titles from the App Store as a 10th anniversary move.,
5284050311,br,DeboraDen,1,2019-12-17 16:21:48,Atualizaçao deixou ruim,"Era muito bom, até essa última atualização, a maioria das fases não funcionam mais, sempre tem algum bug que impossibilita a gente de fazer 3 estrelas ou até mesmo completar as fases. Horrível!",0,7.7.0,bugs_performance,negative,False,unknown,Latest update introduced bugs that prevent completing levels or earning three stars.,
5228996685,br,Jansen Matos,5,2019-12-03 14:24:50,Bom,Bom,0,7.6.1,praise,positive,False,unknown,Short positive review simply calling the game good.,
5200775850,br,Val.nog251,1,2019-11-26 19:58:38,Sr.,Era ótimo mas parou de funcionar na última atualização.,0,6.0.6,bugs_performance,negative,False,unknown,Game was great but stopped working after the latest update.,
5197925350,br,dvidotti,1,2019-11-26 03:00:59,Ficou muito pesado,Nova versão pesada demais,0,7.6.1,bugs_performance,negative,False,unknown,New version is too heavy and performs poorly on the player's device.,
5196101960,br,Mihall05,1,2019-11-25 15:29:17,Lentidão,"O tempo entre o comando e a ação aumentou consideravelmente. A impressão é que essa alteração foi realizada por alguém que não tem intimidade com o jogo. Vai ser difícil acostumar.

Agora sim! Tempo arrumado.",0,7.6.1,ux_ui,negative,False,unknown,"Input lag increased noticeably after the update, making the game feel unresponsive.",
5193198853,br,Ulc-cestari,1,2019-11-24 22:08:04,Última atualização,"Essa ultima atualização acabou com o jogo. Trava e fecha sozinho direto!! 

ROVIO??????",0,7.6.1,bugs_performance,negative,False,unknown,Latest update causes the game to freeze and close on its own repeatedly.,
5181308045,br,marcovolei,2,2019-11-22 12:48:08,Jogo travado...,"O jogo ficou péssimo após a última atualização e do novo layout, sempre há necessidade de se reiniciar o jogo.",0,7.6.1,bugs_performance,negative,False,unknown,New update and layout left the game in a poor state requiring constant restarts.,
5177186963,br,Pagudos 1964,2,2019-11-21 14:36:23,Horrível,Cheio de bugs e ficou horrível pra jogar,0,7.6.1,bugs_performance,negative,False,unknown,Game is full of bugs and has become terrible to play.,
5110836916,br,DaniloM,2,2019-11-09 10:59:40,Bug,"Após assistir vídeo não da o prêmio, trava e é preciso reiniciar o app.  Resolvam por favor !",0,6.0.5,bugs_performance,negative,False,unknown,"After watching an ad the reward is not granted and the app freezes, requiring a restart.",
5091690065,br,João goett,5,2019-11-06 00:45:56,João Arthur,Kkkkkkkkkkkkkkkkkkkkkkk,0,6.0.5,other,neutral,False,unknown,Review contains only laughter text with no meaningful content.,
4643763983,br,CarlaDEpauli,3,2019-08-20 02:35:28,Perda de progresso,"Conectei ao Facebook para ganhar um baú, mas perdi todo o progresso. Tentei desconectar, mas não adiantou. 
O jogo é excelente, joguei várias versões nos últimos 8 anos, mas fiquei bem irritada em perder os torneios e moedas :/",0,6.0.3,social_account,negative,False,veteran,Connecting to Facebook to claim a chest wiped all tournament progress and coins accumulated over 8 years of play.,
4059117348,br,Micael duarte,1,2019-04-25 16:48:52,Nao funciona mais,Depois da ultima atualizacao o jogo simplesmente parou de funcionar,0,5.8.0,bugs_performance,negative,False,unknown,Game completely stopped working after the latest update.,
4043784089,br,R.Saraiva,2,2019-04-22 00:28:34,Última atualização parou o jogo,"Atualizei esses dias e o jogo simplesmente não entra, tenta conectar e da erro! Desinstalei e voltei a instalar o app e não mudou nada!",0,5.8.0,bugs_performance,negative,False,unknown,"After updating, the game fails to connect and shows an error even after reinstalling.",
4039530725,br,patyazvdo,1,2019-04-21 01:07:33,Não carrega mais,Depois da atualização do dia 19/04 ele não carrega mais. Aparece mensagem de erro,0,5.8.0,bugs_performance,negative,False,unknown,"April 19 update broke the game, which now fails to load and shows an error message.",
3973585089,br,Wildini,5,2019-04-05 17:05:48,Ótimo jogo...mas último update,"O último update lançado quebrou o jogo, que demora pra carregar depois trava no iPhone 6",0,5.7.0,bugs_performance,negative,False,unknown,Latest update caused long load times and freezing on iPhone 6.,
3878013585,br,Dedé54321,4,2019-03-13 21:54:37,É bom mas...,"De repente apagou todas as minhas conquistas, sem aviso sem nada!!!!!",0,5.4.0,bugs_performance,negative,False,unknown,All achievements were suddenly wiped with no warning.,
3830338952,br,Loyan the master,5,2019-03-02 00:09:02,Angry birds,Muito bom o jogo e a jogabilidade melhor ainda,0,5.4.0,praise,positive,False,unknown,Player praises the game and its gameplay.,
3690302590,br,toc52,4,2019-01-24 20:42:18,Mensagem quando está carregando o sistema,"Aparece, incorretamente, a expressão “carrengando” ao invés de “carregando”.",0,5.3.0,ux_ui,neutral,False,unknown,Player reports a typo in the loading screen text.,
3552899507,br,WFollador,5,2018-12-20 17:54:46,Muita propaganda,"Não tenho nada contra inserção de propaganda em um jogo que é oferecido gratuitamente, mas certas fases do jogo me dão a impressão de que são artificialmente dificultadas para nos forçar a assistir mais propaganda e a comprar mais créditos. Depois que se compra, o jogo parece ficar mais fácil.",0,5.3.0,monetization,neutral,False,unknown,Player suspects levels are artificially made harder to push ad watching and purchases.,
3509012287,br,Iguinho378438943,5,2018-12-08 19:31:29,Bom,Bom,0,5.2.1,praise,positive,False,unknown,Player gives a brief positive rating.,
3507509662,br,Ivanmaga53,5,2018-12-08 11:15:24,Muito bom,Excelente jogo.,0,5.2.1,praise,positive,False,unknown,Player calls the game excellent.,
3422157490,br,Manu_0627,5,2018-11-15 22:48:03,Amo demais,Melhor jogo!!!,0,5.2.1,praise,positive,False,unknown,Player expresses strong love for the game.,
3374129977,br,SpiderManUp,5,2018-11-03 00:23:29,Murcho loco,Um dos melhores jogos do Angry birds,0,5.2.0,praise,positive,False,unknown,Player considers it one of the best Angry Birds games.,
3233781486,br,Pemiuttyyy,5,2018-09-26 23:51:44,Otimo,Gosto muito,0,5.0.1,praise,positive,False,unknown,Player says they enjoy the game very much.,
3165856441,br,psoares13,3,2018-09-08 03:41:01,não funciona no chromecast?,onde está o suporte ao chromecast?,0,5.0.0,feature_request,neutral,False,unknown,Player asks about Chromecast support.,
2966481228,br,tomar no coo,5,2018-07-25 10:53:46,Pútin. Tem propaganda demais de jogos. É irritante,Ruim,0,4.9.0,ads,negative,False,unknown,Player finds the excessive game ads irritating.,
2759894624,br,torquato—Kel,5,2018-06-24 13:29:06,Divertido,Muito divertido,0,4.9.0,praise,positive,False,unknown,Player finds the game very fun.,
2693315894,br,bonzin ele,5,2018-06-14 13:33:00,God,Tá melhorando 👍🏻🤘🏻,0,4.8.1,praise,positive,False,unknown,Player notes the game is getting better.,
2619040333,br,NeusaBiella,1,2018-05-31 00:43:11,Não funciona mais depois de atualizar o IOS,Está travando depois de atualizar IOS,0,4.7.0,bugs_performance,negative,True,unknown,Game freezes after iOS update rendering it unplayable.,
2455466474,br,Markinho.mk20,3,2018-04-22 21:04:07,Atualização,Tem que atualizar ele para a tela do iPhone X,0,4.5.0,ux_ui,neutral,False,unknown,Player requests the UI be updated for iPhone X screen.,
2387633750,br,Guaxinimdorock,5,2018-04-05 18:24:57,Ok,good,0,4.5.0,praise,positive,False,unknown,Player gives a brief positive rating.,
2299684384,br,Ci Poli,1,2018-03-12 23:02:55,Lots of bugs,You are playing and game crash! Cannot grab my stamps. Trash!,0,4.4.0,bugs_performance,negative,True,unknown,Player reports game crashes and inability to collect stamps.,
2284682656,br,Drarsgemers,5,2018-03-08 16:19:14,Adorei,Bem legal angry birds bem divertido,0,4.3.1,praise,positive,False,unknown,Player finds the game fun and enjoyable.,
2133226908,br,Lu Teles,1,2018-01-27 15:21:19,Jogo ladrão e só comercial,"Estou quase desistindo. Além das armas já não serem tão efetivas quanto antes, está cheio de comerciais.
Além disso, perde conexão em momentos cruciais. Se vc acabou de jogar, marcou bastante pontos e gastou armas, mas ""perdeu"" a conexão, perde pontos e armas.",0,4.2.0,bugs_performance,negative,True,unknown,"Player is close to quitting due to crashes causing lost progress, power-ups, and excessive ads.",
2105776633,br,Tonni Novelli,1,2018-01-19 20:36:38,Jogo Ladrão e sem memória,"Rouba muito os itens comprados e se der um probleminha no celular seja lá qual for, você perde tudo, principalmente as fichas do torneio. 
Na Roda de prêmios diária nem tudo que você ganha você realmente ganha e vive sumindo.
Tirando esses erros o jogo é bom.",0,4.2.0,economy_rewards,negative,False,unknown,Player reports losing purchased items and daily wheel rewards disappearing unexpectedly.,
2002001557,br,100milhas Acessorios,5,2017-12-16 20:54:48,Danilo Teles,Top👍👍👍👍👍,0,4.1.1,praise,positive,False,unknown,Player gives a brief top rating.,
1958184923,br,Tragino sennin,1,2017-11-29 19:58:54,Péssimo,Péssimo. Muito bugado. Os balões são de aço e não estoura nunca. Os gelos estão quase inquebráveis. Já foi o tempo,0,4.0.0,progression_difficulty,negative,True,unknown,Player complains that difficulty has become unreasonably high and says the game's best days are over.,
1916733561,br,Rê SRN,5,2017-11-12 22:57:46,Love,Simplesmente Adoro,0,3.8.0,praise,positive,False,unknown,Player simply says they love the game.,
1905951364,br,Wyllyson,5,2017-11-08 11:23:17,Melhor jogo,"Jogo Angry Birds desde 2011 e até hoje nunca me cansei ou enjoei, simplesmente o melhor jogo! ❤️",0,3.9.0,praise,positive,False,veteran,Veteran player since 2011 says they have never grown tired of the game.,
1904422320,br,Toninho Cei,4,2017-11-07 18:32:28,Faz parte da minha rotina.,"Jogo o Angry tem mais de 6 anos, acho que desde que ele foi criado. Simplesmente não canso graças a diversidade que a Rovio apresenta de tempo em tempo. Parabéns aos desenvolvedores!",0,3.9.0,praise,positive,False,veteran,Long-time player of over 6 years praises the variety Rovio consistently delivers.,
1836413331,br,Silwack,3,2017-10-09 04:17:54,Serdes,Good,0,3.8.0,praise,positive,False,unknown,Player gives a brief positive rating.,
1769933657,br,Schip624,1,2017-09-03 04:19:21,Terrible server,"The game itself is excellent. I love playing it. But Rovio's server is, at least, a piece of crap. It doesn't sync properly, there are constant connection crashes where I lose progress, I watch the ads to get power ups and they don't come even after watching all of it, I simply CANNOT gift using the app. It is impossible. 

I've tried the game on different iPads, on different connections.. it just doesn't change. 

It's a shame because I really like the game.",0,3.6.0,bugs_performance,negative,False,unknown,"Server sync failures, connection crashes, missing ad rewards, and broken gifting ruin an otherwise enjoyable game.",
1717385561,br,ka090897,5,2017-08-07 16:42:41,Muitoooooooo bom,Ka090897,0,3.5.0,praise,positive,False,unknown,Brief enthusiastic praise with no specific details.,
1709843610,br,Vitor emanoel1212,4,2017-08-02 17:20:57,Top,Jogo muito firme,0,3.5.0,praise,positive,False,unknown,Short positive review calling the game solid.,
1679811733,br,Devil4ever73,5,2017-07-12 23:22:26,Legal demais,"Muito legal, pena que os desafios demoram para serem liberados. Eu jogaria o dia todo :)",0,3.5.0,live_events,positive,False,unknown,Player loves the game but wishes challenges were unlocked more frequently.,
1677059904,br,Cbandreasen,1,2017-07-10 21:27:57,Trava direto,Apos os videos de propagandas o app trava direto,0,3.5.0,bugs_performance,negative,False,unknown,App freezes consistently after watching ads.,
1675582431,br,hmdfs,5,2017-07-09 16:52:09,iPhone 7 Plus,Funciona bem fluído.,0,3.5.0,praise,positive,False,unknown,Game runs smoothly on iPhone 7 Plus.,
1646608496,br,opa ai,5,2017-06-16 15:52:24,Opa,Top show massa,0,3.5.0,praise,positive,False,unknown,Short enthusiastic positive review.,
1639120683,br,Jacks Prujansky,5,2017-06-10 01:03:24,Muito maneiro!,Adoro esses jogos simples e eficientes no que se propõem.,0,3.5.0,praise,positive,False,unknown,Player appreciates the game's simplicity and effectiveness.,
1637624143,br,NECKAAYALA,1,2017-06-08 14:26:26,Só piora!,Caro,0,3.5.0,monetization,negative,False,unknown,Player finds the game too expensive.,
1626850463,br,Alexisfn,5,2017-05-28 14:22:10,Ótimo,"Desafiante é inteligente, sabemos que propaganda e o que mantém o jogo grátis!!!!",0,3.4.0,ads,positive,False,unknown,"Player accepts ads as a fair trade-off for a free, challenging game.",
1599416286,br,Paulo Pretto,5,2017-04-28 04:07:17,Divertido,Divertido e ótimo para crianças e adultos,0,3.3.1,praise,positive,False,unknown,Fun and suitable for both children and adults.,
1596907860,br,RobertoZuccolo,5,2017-04-25 02:06:05,Me divirto,"Novos níveis, sempre!",0,3.3.1,live_events,positive,False,unknown,Player appreciates the constant addition of new levels.,
1587017506,br,Palomminhareis,5,2017-04-12 13:25:10,Excelente!,👍,0,3.3.1,praise,positive,False,unknown,Brief thumbs-up praise with no additional detail.,
1583342840,br,Hk-fbe,1,2017-04-08 02:28:35,Travou,"Depois das ótimas atualizações, meu aplicativo travou. Não carrega, de forma alguma, o jogo!😩😤

Agora carrega e não conecta no Facebook.😡😡😡",0,3.3.1,bugs_performance,negative,False,unknown,After updates the app fails to load and cannot connect to Facebook.,
1579154400,br,Felipe031,5,2017-04-02 21:41:56,Top,Top,0,3.3.1,praise,positive,False,unknown,Simple one-word positive review.,
1572526859,br,Kate J. Nor,2,2017-03-25 17:32:45,:(,"Unfortunately each update makes the game less playable for me. My iPad mini original series was forgotten, it seems. This game (as well as many others) crashes after a few minutes of playing.
Give up playing at all.",0,3.3.0,bugs_performance,negative,True,unknown,"Each update worsens performance on older iPad, causing crashes and leading player to quit.",
1571751314,br,milartes,5,2017-03-24 18:09:54,Versão bugada,"O sistema carrega o jogo, mas aborta quando se arremessa o primeiro pássaro. IPad 2, ios 9.",0,3.3.0,bugs_performance,negative,False,unknown,Game crashes immediately after launching the first bird on iPad 2 with iOS 9.,
1562883141,br,Bom jogo para todos,5,2017-03-12 12:05:14,Bom jogo,Eu adorei o jogo,0,3.2.1,praise,positive,False,unknown,Player simply loved the game.,
1560610498,br,luckpno,5,2017-03-09 08:35:22,Viciante,😎,0,3.2.1,praise,positive,False,unknown,Short positive review implying the game is addictive.,
1552390905,br,Bete Z,5,2017-02-25 14:46:31,EXCELENTE,divertidíssimo e viciante,0,3.2.1,praise,positive,False,unknown,Player finds the game excellent and addictive.,
1538157443,br,HshsushavHqj,3,2017-02-06 01:16:14,Legal,N consegui jogar ainda o jogo pede p eu logar o meu facebook e eu n confio nesse tipo de coisa,0,3.1.0,social_account,negative,False,new,New player unable to start because they distrust the mandatory Facebook login requirement.,
1525506241,br,Xirutoledo,4,2017-01-19 06:30:26,Muito bom,"Muito bom, viciante.",0,3.1.0,praise,positive,False,unknown,Very good and addictive game.,
1521382948,br,Jose hen,4,2017-01-13 16:21:01,Bom,Queria saber onde são os fóruns dos jogos da rovio tenho várias sugestões de novos jogos para eles,0,3.1.0,feature_request,neutral,False,unknown,Player wants to find Rovio forums to submit ideas for new games.,
1520135085,br,EroLolita,5,2017-01-11 23:54:47,Adoro,Adoro,0,3.1.0,praise,positive,False,unknown,Brief expression of love for the game.,
1518835219,br,Fepego74,5,2017-01-10 00:37:55,Angry,"EXCELENTE! TOP
Só acho que os torneios deveriam ter menos tempo.",0,3.1.0,tournaments_fairness,positive,False,unknown,Excellent game overall but player suggests tournaments should have shorter durations.,
1518581388,br,Natalia Pizanoo,2,2017-01-09 13:32:39,Jogos repetidos,"Gente, só eu que estou percebendo que os jogos estão se repetindo??! Os jogos dessa semana eu já joguei há alguns meses atrás",0,3.1.0,live_events,negative,False,unknown,Player notices tournament levels are repeating content seen months ago.,
1518447072,br,Caroltr,5,2017-01-09 09:45:07,Top!,Muito bom!! Adoro!!,0,3.1.0,praise,positive,False,unknown,Player loves the game with no specific complaints.,
1516423255,br,Leo Manga,1,2017-01-06 10:30:04,Cuidado: esse jogo precisa ser usado com moderação.,Nice as game; better as a competition with your friends!,0,3.1.0,other,neutral,False,unknown,Player warns the game needs moderation but finds it fun with friends.,
1514227341,br,Wwmarques,5,2017-01-03 01:02:14,😀😀😀😀,Amazing!,0,3.1.0,praise,positive,False,unknown,Player finds the game amazing.,
1509381777,br,GaSQ,5,2016-12-26 11:46:42,Ótimo,Muito bom!,0,3.1.0,praise,positive,False,unknown,Player says the game is very good.,
1509118930,br,Vítor Maria,5,2016-12-26 03:27:15,Demais,Jogo muito bom,0,3.1.0,praise,positive,False,unknown,Player praises the game as very good.,
1508868488,br,A.Matheus,4,2016-12-25 16:30:21,Excelente!!!,Só falta um modo de jogar offline.,0,3.1.0,feature_request,positive,False,unknown,Player rates the game highly but requests an offline play mode.,
1508150569,br,Elelê,1,2016-12-24 14:20:55,Uma bosta,Não entra mais.. Só dei uma estrela pq não tem como dá zero!!,0,3.1.0,bugs_performance,negative,True,unknown,Player cannot open the game anymore and gives the lowest possible rating.,
1506371890,br,Betuker,1,2016-12-21 23:08:05,Uma pena...,Agora não roda mais no IOs antigo... Esqueceram de nós!!!,0,3.1.0,bugs_performance,negative,True,unknown,"Game no longer runs on older iOS devices, player feels abandoned.",
1505041544,br,Gaudério1202,5,2016-12-19 20:41:49,Angry,The Best Game ever!,0,3.1.0,praise,positive,False,unknown,Player calls it the best game ever.,
1504540492,br,leleoo3,5,2016-12-19 02:23:51,the best!,mto bom,0,3.1.0,praise,positive,False,unknown,Player praises the game as very good.,
1504301744,br,Aksc.74,5,2016-12-18 15:21:32,Muito bom,Adorei,0,3.0.0,praise,positive,False,unknown,Player loves the game.,
1501973804,br,Fjsduda,5,2016-12-15 00:33:55,Muito bom,Muito bom,0,3.1.0,praise,positive,False,unknown,Player says the game is very good.,
1501893484,br,O r t e g a,4,2016-12-14 19:47:43,Legal,Legal !!!,0,3.1.0,praise,positive,False,unknown,Player finds the game enjoyable.,
1501664950,br,Luemauros,5,2016-12-14 10:38:57,Amoo,Muito Top,0,3.0.0,praise,positive,False,unknown,Player loves the game.,
1501593063,br,Enailr,4,2016-12-14 08:07:05,Atualmente muito bom!,Atualmente muito! Antes estava dando alguns erros...,0,3.0.0,bugs_performance,positive,False,unknown,Player notes the game is much better now after previous errors were fixed.,
1500581115,br,Bams67,5,2016-12-12 13:11:59,Muito bom!!!!,"Sou viciado!!!
A atualização ficou excelente!!!",0,3.0.0,praise,positive,False,unknown,Player is addicted and praises the latest update as excellent.,
1494237371,br,Srt1962,5,2016-12-01 21:56:44,Very happy,Excellent.... Best game ever,0,3.0.0,praise,positive,False,unknown,Player is very happy and calls it the best game ever.,
1493914029,br,Igl21347789,5,2016-12-01 08:43:01,Clásico,Muy bueno.,0,3.0.0,praise,positive,False,unknown,Player calls the classic game very good.,
1489754679,br,Akiyama_Ren,5,2016-11-23 19:50:24,Melhor que Angry Birds 2,Todo dia muda de cenário !!! 🤗,0,3.0.0,live_events,positive,False,unknown,Player loves that the tournament scenery changes every day.,
1482191264,br,Biguuuuuu,5,2016-11-10 21:27:18,Great,Bom,0,2.9.0,praise,positive,False,unknown,Player finds the game great.,
1481950553,br,Carlalp18,5,2016-11-10 10:35:01,Melhor de todos!,Adoroooooo,0,2.9.0,praise,positive,False,unknown,Player adores the game.,
1473587826,br,Guuuguzzasdr,2,2016-10-27 03:22:40,Atualizaçao nao está funcionando,"Nao baixa a ultima atualizacao, erro!",0,2.8.1,bugs_performance,negative,False,unknown,Latest update fails to download and throws an error.,
1473478524,br,Redjan,1,2016-10-26 21:57:58,Pede Update mas não faz,Não abre a nova versão,0,2.8.1,bugs_performance,negative,False,unknown,Game prompts for an update but the new version fails to open.,
1470320457,br,Barata.chico,5,2016-10-21 06:14:18,Show !!!,Ranking atualizado o tempo todo! Muda os mapas todo dia! Mto divertido!!,0,2.8.1,live_events,positive,False,unknown,Player enjoys the constantly updated rankings and daily map changes.,
1469712946,br,Pipe_85,4,2016-10-20 03:27:29,Legal,Os poderes poderiam ser mais fácil de usar e lançarem mais vidas. Talvez pelos amigos no Facebook,0,2.8.1,feature_request,positive,False,unknown,Player requests easier power-up usage and more lives shared via Facebook friends.,
1469688519,br,Rafapatullo,5,2016-10-20 02:19:36,World's BEST GAME,🔝🔝🔝🔝🔝🔝🔝🔝🔝🔝🔝🔝🔝🔝🔝🔝🔝🔝,0,2.8.1,praise,positive,False,unknown,Player rates the game as the world's best with enthusiastic emoji.,
1468797825,br,Lucas Mendes WALMY,5,2016-10-18 10:04:03,Exceção,Jogo viciante demais,0,2.8.1,praise,positive,False,unknown,Player finds the game extremely addictive.,
1466146322,br,Vivibar,5,2016-10-13 18:09:36,Muito bom,Cada vez melhor!,0,2.8.1,praise,positive,False,unknown,Player says the game keeps getting better.,
1466007511,br,Aldarl,5,2016-10-13 13:04:54,Angry Birds friends,Adoro!!!!!! Sempre esperando novos desafios!!!!,0,2.8.1,praise,positive,False,unknown,Player loves the game and eagerly awaits new challenges.,
1456311185,br,Flávio Rondon,5,2016-09-26 17:35:26,Show,Muito Legal,0,2.7.0,praise,positive,False,unknown,Player gives a brief positive endorsement.,
1455863545,br,Andrewslouis,5,2016-09-25 21:48:56,Maravilhoso,Melhor jogo já criado,0,2.7.0,praise,positive,False,unknown,Player calls it the best game ever created.,
1428947694,br,@JeSgub,4,2016-08-08 02:07:18,Chromecast,Não consegui espelhar o jogo no chromecast.,0,2.6.1,bugs_performance,negative,False,unknown,Player is unable to mirror the game to Chromecast.,
1421689633,br,MMinecraft,5,2016-07-28 19:06:48,Divertido,Com a competição em nível global fica ainda melhor,0,2.6.0,praise,positive,False,unknown,Player enjoys the game even more due to global competition.,
1421519479,br,sarahjafar_,5,2016-07-28 12:51:35,Jogo divertido,"Aguardo a liberação dos novos níveis , pois são sempre divertidos de se jogar. Um jogo desafiador , principalmente o Friends que você joga contra os conhecidos .",0,2.6.0,praise,positive,False,unknown,"Player enjoys the fun and challenging levels, especially the Friends mode against acquaintances.",
1420557273,br,Kmontenegro,5,2016-07-26 23:31:16,Emocionante,Este jogo é diferente a cada semana,0,2.6.0,live_events,positive,False,unknown,Player appreciates the fresh content delivered each week.,
1409833817,br,jamilecf,5,2016-07-11 17:34:24,Melhor jogo,Só acho que poderia ter as fases normais também e não só o torneio semanal.,0,2.6.0,feature_request,positive,False,unknown,Player suggests adding regular non-tournament levels alongside the weekly tournament.,
1401381053,br,M4ster2011,5,2016-06-27 18:12:57,Excepcional!,Melhor de todos!,0,2.5.0,praise,positive,False,unknown,Player calls the game exceptional and the best of all.,
1401343221,br,tato000,5,2016-06-27 16:28:49,Nice,Really good game!,0,2.5.0,praise,positive,False,unknown,Player briefly praises the game as really good.,
1401246728,br,Carolina Sa,5,2016-06-27 13:10:07,Adoro,"Jogo dinâmico e divertido, competitivo e estimulante. Muito legal as ligas e as mudanças dos torneios.",0,2.5.0,praise,positive,False,unknown,"Player loves the dynamic, competitive gameplay and league and tournament variety.",
1399225533,br,RTockus,5,2016-06-23 20:25:32,Fã incondicional,"O melhor jogo ate hoje!!!
Melhor a cada semana!",0,2.5.0,praise,positive,False,unknown,Player calls it the best game and praises weekly improvements.,
1399179260,br,Tdschwanz,5,2016-06-23 17:46:50,FANTASTICAMENTE BOM!!!,Um dos melhores jogos que já joguei 😃🙏🏻,0,2.5.0,praise,positive,False,unknown,Player rates it among the best games ever played.,
1397511626,br,Prymatos,5,2016-06-20 13:01:23,Top!!!,Muito bom!!! O único defeito é ter que esperar para as novas fases ❤️ amoooo esse jogo!!!,0,2.5.0,live_events,positive,False,unknown,Player loves the game but wishes new phases were available sooner.,
1396079949,br,Tico171tico,5,2016-06-17 21:24:05,Bom,Bom,0,2.5.0,praise,positive,False,unknown,Player gives a simple positive rating.,
1395418766,br,Innetnow,5,2016-06-16 15:20:15,top,Top Forever !!!,0,2.5.0,praise,positive,False,unknown,Player gives a brief enthusiastic endorsement.,
1394812806,br,Vítor br,5,2016-06-15 13:22:17,Demais!!!,The 1st one of birds saga,0,2.5.0,praise,positive,False,unknown,Player praises it as the first and best of the Birds saga.,
1393936170,br,Ugneto,4,2016-06-13 22:01:33,Angry Birds Friends,"Muito anúncio , jogo trava 
Precisa melhorar",0,2.5.0,ads,negative,False,unknown,"Player complains about excessive ads and game freezing, requesting improvements.",
1393746356,br,Romeo Wieder,5,2016-06-13 13:32:11,ENGANAÇÃO,"Esse aplicativo é um lixo, trava toda hora, come o dinheiro de quem joga é ainda por cima não funciona. LIXO não baixem",0,2.5.0,bugs_performance,negative,True,unknown,"Player reports constant crashes, currency loss and non-functioning app, calling it trash.",
1393739131,br,Cricagc,1,2016-06-13 13:15:31,June 9th UPDATE FAIL 😠,"Atualize e NÃO jogue mais, o aplicativo fecha assim que vc tenta jogar. Por favor pessoal, que raios de testes vocês fazem depois de atualizar? E agora não posso mais jogar, dê a solução você que atualiza e não testa antes de publicar. No aguardo 😡",0,2.5.0,bugs_performance,negative,True,unknown,Player reports the app crashes immediately after a June 9th update and demands a fix.,
1393142985,br,Dayvison Alano,5,2016-06-12 10:51:33,Ótimo,Difícil passar um dia sem jogar!,0,2.5.0,praise,positive,False,unknown,Player finds the game so enjoyable they can hardly go a day without playing.,
1392989129,br,Dedeeeeeeeeeee,5,2016-06-12 04:19:58,Muito bom!!,Muito bom,0,2.5.0,praise,positive,False,unknown,Player finds the game very good.,
1392955276,br,Licassantos,5,2016-06-12 02:49:09,Bom demais,Viciante!!!,0,2.5.0,praise,positive,False,unknown,Player finds the game addictive.,
1392342674,br,Kjonesbr,4,2016-06-11 00:49:49,Legal,Legal,0,2.5.0,praise,positive,False,unknown,Player gives a brief positive rating.,
1392078755,br,MegMarques,5,2016-06-10 12:58:42,Curto muito,Minhas filhas e eu curtimos muito ! Estamos sempre discutindo estrategias 🙃,0,2.5.0,praise,positive,False,unknown,Player and daughters enjoy discussing strategies together.,
1392057241,br,cacapetrini,5,2016-06-10 12:12:11,The best,O jogo usa todas as suas habilidades além de ser muito competitivo...Adoro e recomendo!🎶🌈🎈,0,2.5.0,praise,positive,False,unknown,Player praises the game as competitive and skill-based and recommends it.,
1392036933,br,Rmarquess,5,2016-06-10 11:26:13,Excelente,Me divirto com Angry Birds,0,2.5.0,praise,positive,False,unknown,Player enjoys Angry Birds.,
1391733896,br,Ramob88,5,2016-06-09 22:19:01,Ótimo,Ótimo,0,2.5.0,praise,positive,False,unknown,Player rates the game as excellent.,
1386297831,br,FungaXanana,5,2016-05-30 10:48:53,Muito bacana,Muito bacana,0,2.4.1,praise,positive,False,unknown,Player finds the game very cool.,
1385045175,br,gugahenrique,2,2016-05-27 22:54:41,Travamento,Problema constante de travamento e consumindo pontos conquistados e pelo visto não solucionado desanimando de competir 👎🏻,0,2.4.1,bugs_performance,negative,True,unknown,Constant freezing consumes earned points and is discouraging continued play.,
1365403108,br,Conquistador88,1,2016-04-18 19:48:30,Problemas,Desde a última atualização o jogo congela várias vezes. Agora congelou na roda girando e não consigo sair.,0,2.3.6,bugs_performance,negative,False,unknown,Game freezes repeatedly since the last update and player is stuck on a spinning wheel.,
1349298869,br,juliocoelhoidt,5,2016-03-17 18:06:05,"Não Instala, estou tendo problemas no iPAD Air 4","Estou com problemas para reinstalar o jogo no iPAD Air 4 IOS 9.2.1, eu tinha o jogo há algum tempo e fui atualizá-lo e agora fica parecendo que está instalando, leva algum tempo e depois aparece a mensagem de erro de instalação.",0,2.3.4,bugs_performance,negative,False,unknown,Player cannot reinstall the game on iPad Air 4 after an update due to installation errors.,
1348025467,br,Zedascove666,1,2016-03-15 02:53:03,Nao conecta,"Baixei o app no ipad, qdo clico em conectar com o facebook, abre o safari. Coloco login e senha, mas nada acontece!",0,2.3.4,social_account,negative,False,unknown,Facebook login redirects to Safari but does not complete the connection.,
1332966576,br,Filmoot.,4,2016-02-14 15:59:19,Angrys lote.,I enjoy a lot!! It's very funny.,0,2.3.2,praise,positive,False,unknown,Player enjoys the game and finds it very funny.,
1328559130,br,Menesfinn,1,2016-02-06 04:50:37,mt ruim,amei,0,2.3.2,other,neutral,False,unknown,Contradictory review with low rating but positive comment.,
1327867494,br,Vghxjgdhvufgjf,5,2016-02-04 22:01:32,Muito Bom,Gostei da ideia,0,2.3.2,praise,positive,False,unknown,Player likes the game concept.,
1326325060,br,DaniGuzman,5,2016-02-02 00:02:28,El mejor,Adictivo total!,0,2.3.2,praise,positive,False,unknown,Player finds the game totally addictive.,
1326299186,br,marcelomiki,5,2016-02-01 22:40:34,LEGENDARY!!!!,Exciting game specially if there is another friends involved!,0,2.3.2,praise,positive,False,unknown,Player finds the game legendary and especially exciting when friends are involved.,
1324558507,br,russana,5,2016-01-29 22:20:40,Bug??,"Faz tempo que não consigo jogar😢😢Aparece uma msg que não tenho conexão.Jogo no iPad.

Quero jogar tem meses que não consigo já instalei umas três vezes e nada aparece msg de que eu não tenho conexão.😢😢

7/10/15 não consigo entrar ... Sai msg para conectar com faceboock

Como a ultima atualização Qdo estou jogando página fecha😔",0,2.3.2,bugs_performance,negative,True,unknown,Player has been unable to play for months due to persistent connection errors and crashes after updates.,
1324532349,br,Larry Jacksoon,3,2016-01-29 20:58:51,:),"Parece ser bom, vou
Jogar primeiro.",0,2.3.2,praise,neutral,False,new,New player says the game seems good and is about to try it.,
1323907671,br,Osvaldosport,4,2016-01-28 16:40:48,O,Muito massa baixem,0,2.3.0,praise,positive,False,unknown,Player thinks the game is great and recommends downloading.,
1321149220,br,Itachi Uchiha o Ninja Renegado,1,2016-01-23 16:37:35,Bugado,Hiper bugado n da p entra,0,2.1.3,bugs_performance,negative,False,unknown,Player reports the game is very buggy and cannot be opened.,
1314134432,br,Naorola,5,2016-01-10 05:26:53,Bom demais,Bom demais,0,2.1.3,praise,positive,False,unknown,Player finds the game very good.,
1311361333,br,El14n4,1,2016-01-04 22:54:40,Não está abrindo,Depois que o app atualizou não abriu mais..,0,2.1.3,bugs_performance,negative,False,unknown,App stopped opening after an update.,
1303368729,br,Mauriciofmed,1,2015-12-20 11:11:31,Não funcionou,Atualizei e agora simplesmente não abre mais o aplicativo,0,2.1.3,bugs_performance,negative,False,unknown,App no longer opens after being updated.,
1243124642,br,André R C,5,2015-08-14 19:57:11,Muito bom,"Bom jogo. 
Estratégico, interessante e estimula o raciocínio. 
Se torna mais divertido pela troca de níveis.",0,1.9.0,praise,positive,False,unknown,"Player praises the game as strategic, interesting and more fun thanks to changing levels.",
1235953316,br,Jv 3,5,2015-07-31 13:51:25,Lwnto,Lento pra baixar,0,1.9.0,bugs_performance,negative,False,unknown,Player reports the game is slow to download.,
1233421720,br,Efjoe,4,2015-07-26 14:04:20,Smart!,The week tournament is a good strategy that stimulates continuous interest in the game. New episodes weekly helps to keep us playing.,0,1.9.0,live_events,positive,False,unknown,Player praises weekly tournaments and new episodes for keeping the game engaging.,
1224459149,br,Andre Calvin,4,2015-07-09 09:41:43,Versão 07/07 não abre mais!!!,"Após a última atualização do app, o jogo não abre mais no ipad, mesmo com o IOS atualizado!",0,1.9.0,bugs_performance,negative,False,unknown,Game stopped opening on iPad after the latest update.,
1217280113,br,Akisha 8,5,2015-06-24 19:14:30,Akisha,Ótimo jogo de entretenimento. Vale a pena.,0,1.8.2,praise,positive,False,unknown,Player finds the game great for entertainment and recommends it.,
1196960773,br,Kazulius,5,2015-05-14 03:01:00,Muito Bom,Ótimo jogo!,0,1.8.2,praise,positive,False,unknown,Player calls the game excellent with no further detail.,
1195620674,br,Demetrius GATTUSO,5,2015-05-11 06:35:49,Melhor jogo da história,Quero um bom!,0,1.8.2,praise,positive,False,unknown,Player calls it the best game ever.,
1099509556,br,Pr. Junior Serapião,3,2014-11-19 12:13:15,Não abre mais...,"Depois de atualizada a série, não mais abriu. A renovação acontece de domingo pra segunda, hoje já é quarta e até agora não abriu, não completa a conexão.",0,1.6.1,bugs_performance,negative,False,unknown,Game fails to open or complete connection after the weekly update rollover.,
1091109977,br,Liu31,1,2014-11-03 16:49:18,Uma bosta,Muito melhor o angry birds tradicional,0,1.6.1,other,negative,False,unknown,Player prefers the classic Angry Birds over this version.,
1087988325,br,LarissaSenna,5,2014-10-29 03:32:31,Adoro!,"Amo esse jogo, vício imenso! Toda semana jogo e compito com amigos e outras pessoas pelo mundo . Muito bom!",0,1.6.1,praise,positive,False,unknown,Player loves the game and enjoys competing with friends and global players weekly.,
1084736758,br,Dbfu,1,2014-10-23 02:58:10,Bug???,"Não consigo entrar no jogo, dá erro de conexão.... Mas eu estou conectada!!!",0,1.5.0,bugs_performance,negative,False,unknown,Player cannot enter the game due to a persistent connection error despite being online.,
1084656121,br,Carlos Pedó,1,2014-10-22 23:08:39,Bugada,A última versão está com bug... Dá erro de conexão e não inicia.,0,1.5.0,bugs_performance,negative,False,unknown,Latest version has a connection bug that prevents the game from launching.,
1010951012,br,Leonardo bezerr@,1,2014-06-15 20:17:35,Esse jogo é uma merda!,Que filho da mãe criou esse jogo do caralho? Coloquei uma estrela pq é obrigado,0,1.4.2,other,negative,False,unknown,Player expresses strong dissatisfaction with the game using offensive language.,
1005203768,br,MC Brunito --> @mcbrunito 🎤,5,2014-06-05 22:15:33,Ótimo,muito bom  :3,0,1.4.2,praise,positive,False,unknown,Player gives a brief positive rating with no specific feedback.,
978243895,br,Helcio22,5,2014-04-17 05:54:07,muito bom,jogo inteligente e viciante,0,1.4.2,praise,positive,False,unknown,Player describes the game as intelligent and addictive.,
960881911,br,Militar12,5,2014-03-17 01:07:58,Otimo,Bom gostei,0,1.4.1,praise,positive,False,unknown,Player simply states they liked the game.,
960657924,br,Le.freitas,5,2014-03-16 15:27:06,Ttttt,Ttttttttttyy,0,1.4.1,other,neutral,False,unknown,Review contains only placeholder text with no meaningful content.,
960599042,br,LilaForward,5,2014-03-16 13:42:31,Angry birds,Eu adoro Angry birds frinds,0,1.4.1,praise,positive,False,unknown,Player expresses love for Angry Birds Friends.,
936397874,br,Dudusouzareis,5,2014-02-03 22:37:58,Muito bom,É um ótimo jogo recomendo para todos,0,1.4.0,praise,positive,False,unknown,Player calls it a great game and recommends it to everyone.,
927876194,br,"Jarrão, Brasília DF Brasil",5,2014-01-19 16:18:48,Absurdo,Vcs deveriam ter vergonha por cobrar valores no jogos. O jogo é 10.,0,1.4.0,monetization,neutral,False,unknown,Player criticises in-game charges but still rates the game highly.,
923181852,br,5strelas,4,2014-01-10 13:37:35,Legal mas assim ficaria melhor,Não dá para diminuir o presso dos estilingues perssonalizados 😊😊😊 e mais niveis no power up practice ❓,0,1.4.0,monetization,neutral,False,unknown,Player suggests lowering the price of personalised slingshots and adding more power-up practice levels.,
922896062,br,Ccoruja,3,2014-01-09 23:39:38,"Muito bom,mas..,","Adoro o jogo, mas cada dia tem um bug diferente.",0,1.4.0,bugs_performance,neutral,False,unknown,Player enjoys the game but complains about a different bug appearing every day.,
902572460,br,Terra1969,4,2013-11-30 11:55:18,opinião,Muito pesado. demora muito para carregar,0,1.3.0,bugs_performance,neutral,False,unknown,Player finds the game too heavy and slow to load.,
890732320,br,Kssyaag,3,2013-11-03 08:58:46,Adoro!,Mas de uns 2 ou 3 torneios pra ca ele nao abre mais! Estou perdida!,0,1.3.0,bugs_performance,negative,False,unknown,Game has stopped opening for the past two or three tournaments.,
890310370,br,shaxkasadya,5,2013-11-02 10:40:19,It doenst work anymore,Nao abre no iPad . A barra verde demora e o app fecha.. The last update crash the game. it don't even open in IPad,0,1.3.0,bugs_performance,negative,False,unknown,Latest update causes the game to crash on launch and not open on iPad.,
889339725,br,Gervasio fabio,3,2013-10-30 21:23:34,Não funciona mais no iPad,"Depois da ultima atualização, parou de funcionar!",0,1.3.0,bugs_performance,negative,False,unknown,Game stopped functioning on iPad after the latest update.,
889183005,br,Sao paulo 2013,1,2013-10-30 11:38:20,Não abre mais o jogo no meu iPad,"Depois que entraram os dois últimos torneios, eu vou abrir o jogo e ele começa a ler a barringa verde e o jogo fecha sozinho. Não consigo mais jogar pelo iPad.",0,1.3.0,bugs_performance,negative,True,unknown,"Game crashes on iPad after the last two tournaments were added, making it unplayable.",
886925597,br,Peliçari,1,2013-10-24 19:53:03,No Like,I hated the zombi thing.,0,1.3.0,live_events,negative,False,unknown,Player disliked the zombie-themed tournament or event.,
881377622,br,Bafernandes,5,2013-10-10 23:17:54,Muito bom,Jogo muito divertido pra passar tempo com os amigos,0,1.2.1,praise,positive,False,unknown,Player finds the game very fun to enjoy with friends.,
876549058,br,Marcelo-poa,5,2013-09-29 02:16:23,Muito bom,Fases diferentes todas as semanas e a possibilidade de competir com seus amigos.,0,1.2.1,live_events,positive,False,unknown,Player enjoys the weekly new levels and ability to compete with friends.,
875575143,br,Poldoman,1,2013-09-26 17:04:01,Atualização Fail,"Não estou conseguindo acessar, só acusa erro de conexão.",0,1.2.1,bugs_performance,negative,False,unknown,Player cannot access the game after an update due to a connection error.,
871810945,br,Davidson Olho de Gato,5,2013-09-18 00:40:06,Angry Birds Friends great,Bom demais!,0,1.2.1,praise,positive,False,unknown,Player briefly praises the game as great.,
870944080,br,Douglas Svt 1,2,2013-09-16 02:22:36,Travado demais,Ta muito travado.,0,1.2.1,bugs_performance,negative,False,unknown,Player reports the game is very laggy and stuttering.,
870822224,br,NiltondasilvaO,4,2013-09-15 20:22:05,Sou fã,"Muito bom,legal",0,1.2.1,praise,positive,False,unknown,Player is a fan and finds the game very good and fun.,
870787918,br,daniel777gorski,5,2013-09-15 18:50:48,Legal!!,"Legal, porem os torneios poderiam durar menos tempo e funcionar offline. Mas isso nao tira a qualidade da app.",0,1.2.1,live_events,positive,False,unknown,Player likes the game but suggests tournaments should be shorter and playable offline.,
870752115,br,silvagenares,5,2013-09-15 17:20:53,Ótimo jogo...,Excelente!,0,1.2.1,praise,positive,False,unknown,Player rates the game as excellent.,
870144218,br,Marcelo tdzzoiomzl,3,2013-09-14 15:11:32,Marcelo lemos,Gostei muito dele que deu pra jogar no celular e no face. Eu achei meio caro comprar poderes especiais. O legal e que dura uma semana o cenario das faze. Recomendo ele pra quem quer baixar,0,1.2.1,monetization,neutral,False,unknown,Player enjoys the game across mobile and Facebook but finds special power-ups too expensive.,
868756466,br,e.Portugal,5,2013-09-11 17:53:53,Neverending!,Endless chalenges!,0,1.2.1,live_events,positive,False,unknown,Player appreciates the endless weekly challenges the game offers.,
868699976,br,Darillialopes,5,2013-09-11 15:09:34,Ótimo,Campeonato legal,0,1.2.1,praise,positive,False,unknown,Player enjoys the tournament format and rates it positively.,
868693250,br,ThiagoFerrari,5,2013-09-11 14:52:09,Muito bom,Bem legal!,0,1.2.1,praise,positive,False,unknown,Player finds the game very fun.,
867757933,br,Igorsilvaxx,5,2013-09-09 12:17:21,Vale muito a pena baixar esse app,Aplicativo para quem é fã de angry birds,0,1.2.1,praise,positive,False,unknown,Player recommends the app to Angry Birds fans.,
864854535,br,Tiago Merlone,5,2013-09-03 15:13:00,Show,Show!!!,0,1.2.1,praise,positive,False,unknown,Player gives the game a top rating with enthusiastic praise.,
863957904,br,Xuteira,5,2013-09-02 00:50:00,Travou,"Não esta funcionando. 
Fala que é erro de conexão.",0,1.2.1,bugs_performance,negative,False,unknown,Game is not working and shows a connection error despite a five-star rating.,
863786339,br,FcoEmmanoel,3,2013-09-01 16:16:02,Última atualização ficou horrível!,Depois dessa ultima atualização não consigo mais ligar o jogo. :/,0,1.2.1,bugs_performance,negative,False,unknown,"Latest update broke the game entirely, making it impossible to launch.",
862794048,br,Aalves976,2,2013-08-30 18:57:59,Nova versão deixou a desejar,Depois da última att só se pode comprar movimentos especiais a partir de 20 de cada! Antes podia 2 de cada por bem menos moedas (28 ou 44) agora só com 280 ou 440! Chato!!!!,0,1.2.1,economy_rewards,negative,False,unknown,"After the latest update, special moves can only be bought in bundles of 20, making them far more expensive than before.",
860130807,br,Rnt67,5,2013-08-26 04:44:16,"Angry ""Amazing"" Birds",I love This game. An amazing surprise every week.,0,1.2.0,live_events,positive,False,unknown,Player loves the game and looks forward to the weekly surprises.,
858508110,br,Claperrone,5,2013-08-23 02:49:58,Muito bom!,Super divertido!,0,1.2.0,praise,positive,False,unknown,Player finds the game super fun.,
857463953,br,avmed77,1,2013-08-21 01:37:10,Travando,"Não me lembro quando consegui jogar no iPad. 
Nunca mais abriu. 
Uma pena.
Continua sem funcionar no iPad. 
Mesmo depois da nova atualização.  
Agora diz que não tenho conexão com internet.",0,1.2.0,bugs_performance,negative,True,unknown,Game has never opened on iPad for a long time and still shows a connection error after updates.,
855579296,br,Marcos Matiss,1,2013-08-17 14:10:07,Troquei a senha do Facebook e não consigo logar mais,"Estava funcionando bem até eu trocar a minha senha do Facebook. Agora não reconhece mais o usuário. Na versão do iPhone está ok, o problema é somente no iPad.",0,1.2.0,social_account,negative,False,unknown,"After changing Facebook password, player can no longer log in on iPad.",
855516028,br,Ferrerjunior,5,2013-08-17 11:50:17,Angry birds,E muito leeeeeeeeeeegal,0,1.2.0,praise,positive,False,unknown,Player enthusiastically praises the game.,
853422040,br,Yt670,5,2013-08-13 15:46:41,Top,"Otima diversao com amigos. E melhor, a cada semana mudam os cenarios",0,1.1.0,live_events,positive,False,unknown,Player enjoys the fun with friends and appreciates the weekly changing level themes.,
852444173,br,JussanaVieira,4,2013-08-11 23:59:41,.,"Legal, mas uma semana é muito tempo.",0,1.1.0,live_events,neutral,False,unknown,Player finds the game okay but thinks one week per tournament is too long.,
851817472,br,Tabarelli 77,5,2013-08-10 19:29:20,Não funciona!!!,"Desde dia 6/8 não esta funcionando!!! Já desinstalei e nada!!!!
Quero jogar!!!!!!",0,1.1.0,bugs_performance,negative,False,unknown,Game has not been working since August 6th despite reinstalling.,
850306367,br,ZéDoMato,3,2013-08-08 01:14:56,Consertem!,"Uma empresa que tem o maior jogo atual tem capacidade pra acabar com os bugs deste. Propagandas o tempo todo! Mesmo comprando pacotes dentro do jogo. Demora para iniciar. Atualização do jogo inconstantes.
O jogo, em si, é ótimo.",0,1.1.0,bugs_performance,neutral,False,unknown,"Player praises the game itself but complains about constant ads, slow loading, and inconsistent updates.",
850098386,br,Thurko Fly,5,2013-08-07 13:03:59,Angry Birds,O mais bacana dos jogos!,0,1.1.0,praise,positive,False,unknown,Player calls it the coolest game.,
849710026,br,HeloBuck,5,2013-08-06 20:59:08,Muito bom!,"O meu nunca travou... ainda bem... Por enquanto está satisfatório,  e que continue assim... Obrigada!!",0,1.1.0,praise,positive,False,unknown,Player is satisfied that the game has never crashed and hopes it stays that way.,
848311635,br,RicardoRmota,5,2013-08-04 12:01:04,Nice game,Excelente!!!,0,1.1.0,praise,positive,False,unknown,Player simply rates the game as excellent.,
845891511,br,Ibrahimsurfer,5,2013-07-31 05:02:20,Otimo!,"Muito divertido cada semana novas 6 fases! Podia até ter LEVEL EDITOR, da muita vontade de criar a sua própria fase e aii compartilhar para os amigos tentar nela!
E sendo online com mais do que só amigos do Facebook ^^",0,1.1.0,feature_request,positive,False,unknown,Player enjoys weekly new levels and requests a level editor with sharing and online play beyond Facebook friends.,
845103856,br,Rsmattos,4,2013-07-29 21:41:55,Recomendo,"Pena que si funcione o line, mas é muito bom",0,1.1.0,social_account,neutral,False,unknown,Player recommends the game but notes it only works with Line social connection.,
845048305,br,Déa Brandão,5,2013-07-29 19:17:07,Diversão garantida!!!,Ótima distração!!!,0,1.1.0,praise,positive,False,unknown,Player calls the game a great distraction.,
843353069,br,ChriseKrause,4,2013-07-26 23:15:16,Xxxx,Seria ótimo se nao fosse o fato de nao conseguir acessar desde a ultima atualização.,0,1.1.0,bugs_performance,negative,False,unknown,Player cannot access the game since the last update.,
842244755,br,@yerafael,5,2013-07-24 22:56:50,Funny!,A really nice game :),0,1.1.0,praise,positive,False,unknown,Player finds the game really nice.,
842140409,br,SheilaCS,3,2013-07-24 18:12:50,Mto bom,"O jogo é ótimo, bastante variedades. Pois cada semana é um duelo inteligente. Porém vive travando. Demora para abrir e tem q insistir. E isso está deixando de ser legal.",0,1.1.0,bugs_performance,neutral,False,unknown,Great game with good variety but frequent freezes and slow loading are making it less enjoyable.,
842100996,br,Ruuubi2305,5,2013-07-24 16:34:30,Amooooooo,Amo esse jogo!!!,0,1.1.0,praise,positive,False,unknown,Player expresses strong love for the game.,
841183343,br,Tipo Net,5,2013-07-23 01:38:21,Show,Muito bom!!!,0,1.1.0,praise,positive,False,unknown,Player rates the game as very good.,
837307175,br,Raoni Kirschner,2,2013-07-16 01:39:12,Fail update,"Nice game, anyway since 1 week the game simple stops on the loading page.  :(",0,1.1.0,bugs_performance,negative,False,unknown,Game stops on the loading page since a recent update one week ago.,
834048981,br,CKendrigo,5,2013-07-09 22:05:42,Fases toda semana.,"Toda semana tem fases novas. Só falta o score mundial, os amigos são fracos.",0,1.0.2,feature_request,positive,False,unknown,Player enjoys weekly new levels but requests a global leaderboard beyond weak friend scores.,
833621713,br,Wil Iema,4,2013-07-09 02:46:23,Excelente,Adoro.,0,1.0.2,praise,positive,False,unknown,Player adores the game.,
830828324,br,jader.turci,5,2013-07-03 22:39:32,Imperdível,Um dos melhores jogos para desafiar os amigos,0,1.0.2,praise,positive,False,unknown,Player considers it one of the best games for challenging friends.,
829741283,br,André Gabriel da Silva,5,2013-07-01 22:07:48,Muito divertido!,Muito divertido!,0,1.0.2,praise,positive,False,unknown,Player finds the game very fun.,
828643921,br,GamerBR Consoles,5,2013-06-29 22:23:27,O Melhor !!!!!,"O melhor jogo que eu tenho , você vicia na hora e nunca deixa de ser legal é simples , viciante e você ainda pode disputar contra seus amigos é muito bom merece 5 estrelas e recomendo muito , baixe vale a pena !!!",0,1.0.2,praise,positive,False,unknown,Player is addicted from the start and highly recommends the game.,
828375491,br,eduleal,5,2013-06-29 11:19:02,Excelente!,Só duas melhorias para torna-lo ainda melhor. 1. Possibilitar troca de conta do Facebook no mesmo dispositivo. 2. A aba do ranking só deve aparecer quando solicitada pelo usuário.,0,1.0.2,social_account,positive,False,unknown,Player suggests allowing Facebook account switching on the same device and making the ranking tab opt-in.,
828128809,br,Janaína Ledo,5,2013-06-29 00:07:27,Viciante!!,Adoro!! Passatempo muito bom!!,0,1.0.2,praise,positive,False,unknown,Player loves the game as a great pastime.,
824509069,br,Jordan Percy,5,2013-06-22 04:41:11,Legal,Legal,0,1.0.2,praise,positive,False,unknown,Player gives a simple positive rating.,
823342976,br,MarcosM.,5,2013-06-19 22:48:38,Otimo,Divertido!,0,1.0.2,praise,positive,False,unknown,Player finds the game fun.,
823195368,br,Luh43,5,2013-06-19 15:50:13,Viciante,"Estimulante, adorável!!!",0,1.0.2,praise,positive,False,unknown,Player finds the game stimulating and lovely.,
823019684,br,Leideday,3,2013-06-19 07:44:35,Razoalvél,O jogo e bom mais tem hora e as vezes passa dias q nao conecta com o face e so tem 6 fases para jogar em off,0,1.0.2,social_account,neutral,False,unknown,Game is good but Facebook connection drops frequently and offline mode only has 6 levels.,
821740168,br,Felipemarcondes80,4,2013-06-16 21:36:01,Bom,Bom,0,1.0.2,praise,positive,False,unknown,Brief positive review with no specific detail.,
821506007,br,marciorcalancha,5,2013-06-16 12:22:03,Angry birds,muito bom,0,1.0.2,praise,positive,False,unknown,Very brief praise for the game.,
820100977,br,Stevam Melo,4,2013-06-13 21:37:19,Muito bom,Mas poderia ser melhor se a disputa fosse mundial e não apenas entre os amigos.,0,1.0.2,feature_request,positive,False,unknown,Likes the game but requests global competition rather than friends-only matchmaking.,
820092102,br,Irondoug,4,2013-06-13 21:11:39,Show,Muito viciante,0,1.0.2,praise,positive,False,unknown,Finds the game very addictive.,
819133539,br,Flavix,5,2013-06-12 00:21:11,Demaaaaaiiiisss!,👏👌👍,0,1.0.2,praise,positive,False,unknown,Enthusiastic short praise with applause emojis.,
818324482,br,arq_cassiano,4,2013-06-10 11:01:46,Divertido e interativo,"Angry birds é um jogo já bastante conhecido e viciante. Agora podendo interagir com amigos, ficou mais interessante ainda! Acho que com o tempo vão consertar os bugs, mas mesmo assim, recomendo!",0,1.0.2,bugs_performance,positive,False,unknown,Enjoys the social features and recommends the game despite existing bugs.,
818110005,br,3M4NU3L,5,2013-06-10 00:01:32,Show,Show!,0,1.0.2,praise,positive,False,unknown,Very brief enthusiastic praise.,
818073380,br,lsantosbr,5,2013-06-09 22:13:44,Muito divertido!,É muito divertida essa disputa entre amigos.,0,1.0.2,praise,positive,False,unknown,Finds the friends competition mode very fun.,
817982250,br,XatoPaKrai,5,2013-06-09 18:09:13,Muito bom!,"Jogo simples e viciante. Estou a procura de um adversário. 
Só gostaria que o ranking fosse mundial e não apenas entre meus amigos.",0,1.0.2,feature_request,positive,False,unknown,Enjoys the game but wants a worldwide ranking instead of friends-only leaderboard.,
814761748,br,Carlos Rob Cav,5,2013-06-03 10:59:17,Ótimo,Ótimo,0,1.0.2,praise,positive,False,unknown,One-word positive review.,
812098946,br,Vivianipb,5,2013-05-29 06:22:11,Viciante!,Muito legal essa modalidade torneio.,0,1.0.1,live_events,positive,False,unknown,Praises the tournament mode as very fun and addictive.,
811343537,br,Bruno Rexende,5,2013-05-27 18:04:58,Resolveu,Poder jogar o Tournament no celular não tem preço. Poderia conectar o score dos usuários do APP.,0,1.0.1,feature_request,positive,False,unknown,Happy to play Tournament on mobile but requests cross-platform score syncing between app users.,
811302813,br,Xandyy.rodrigo,3,2013-05-27 16:23:33,Falha,Acredito que seria melhor tirar a obrigação de entra no facebook.,0,1.0.1,social_account,neutral,False,unknown,Thinks mandatory Facebook login should be made optional.,
810761472,br,"Rafael101,,,,,,",5,2013-05-26 14:41:48,Bom,Mt mt bom o jogo,0,1.0.1,praise,positive,False,unknown,Very brief strong praise for the game.,
809883616,br,Sondac,5,2013-05-25 00:18:59,Muio bom,Realmente muito bom! Vale a pena!,0,1.0.1,praise,positive,False,unknown,Says the game is really worth playing.,
809657957,br,Bernardo aranha,5,2013-05-24 13:52:36,Muito bom mesmo,Verdade,0,1.0.1,praise,positive,False,unknown,Short affirmative positive review.,
809076880,br,Chrislopes,5,2013-05-23 10:26:43,Muito bom,Adoro!! Funciona bem!!,0,1.0.1,praise,positive,False,unknown,Loves the game and says it works well.,
808705189,br,Muuuuuuuuuuuito legal,5,2013-05-22 15:20:36,Powers muito bons,Os novos powers desse angry birds são otimos,0,1.0.1,economy_rewards,positive,False,unknown,Praises the new power-ups in the game.,
808613441,br,Faisac,5,2013-05-22 11:24:42,Fantastico,Funciona excelentemente bem!!!! E é incrível e viciante,0,1.0.1,praise,positive,False,unknown,"Calls the game fantastic, addictive and excellently functional.",
808326344,br,Iaramaral,5,2013-05-21 20:42:02,Ótimo!,"Pessoal, o aplicativo é ótimo! Com relação ao ERRO que aparece após o tutorial eu descobri o MOTIVO!
Voce tem que ir em AJUSTES , depois FACEBOOK e AUTORIZAR que o aplicativo use a sua conta. 
Prontinho!!!",0,1.0.1,social_account,positive,False,unknown,Shares a fix for the post-tutorial Facebook authorization error.,
807381729,br,Eular,5,2013-05-19 23:41:21,Excelelente,Viciante,0,1.0.1,praise,positive,False,unknown,Brief praise calling the game excellent and addictive.,
806580488,br,Deko08,5,2013-05-18 14:19:51,Muito bom,O diferencial é a conexão com o facebook e poder competir com os amigos!,0,1.0.1,social_account,positive,False,unknown,Highlights Facebook integration and competing with friends as the game's key differentiator.,
806095468,br,Semfuncionar,1,2013-05-17 16:57:02,Friends,Não consegui acessar pelo iPad porque não conecta pela conta do face.,0,1.0.1,social_account,negative,False,unknown,Cannot access the game on iPad due to Facebook login connection failure.,
806007631,br,Pedro Henrique Porto Viana,1,2013-05-17 13:26:14,LLLLLLLLLLIIIIIIIIIIIIXXXXXXXXXXOOOOOOOOOOO!!!!!!!!!!!!!!!,Esse jogo estragou a era dos angry birds. Conecta com o face  mas não sai do loading. Eudeixei 1 hora esperando e nada! Rovio FILHA DA PUTA VAI TOMAR NO CÚ POOOOOOOOORRRRRRRRRRRAAAAAAAAAAA eles nem ligam pra isso desinstalando!!!!!!!!!,0,1.0.1,bugs_performance,negative,True,unknown,"Game connects to Facebook but is stuck on loading screen indefinitely, prompting an angry uninstall.",
805716059,br,Gustavo Silva,1,2013-05-16 22:56:35,Falha,"O App começou ótimo, rodando muito bem, mas de umas 2 semanas para cá não consegue carregar além do login do facebook.",0,1.0.1,bugs_performance,negative,False,unknown,App worked well at first but has failed to load past Facebook login for the past two weeks.,
805313588,br,Thomaz18,5,2013-05-16 03:01:25,Shoooow,Muito divertido!,0,1.0.1,praise,positive,False,unknown,Player finds the game very fun.,
805221234,br,Bom bom 123,5,2013-05-15 22:36:31,Bom,Bom,0,1.0.1,praise,positive,False,unknown,Player rates the game as good.,
804811074,br,elvis.mello,3,2013-05-15 03:30:04,"Bom, mas...","Falta melhorar, é meio lento as vezes.",0,1.0.1,bugs_performance,neutral,False,unknown,Game is good but runs slowly at times.,
804745179,br,Felix Wankel,1,2013-05-15 00:44:19,Não posso jogar,"Só quem entra com o login do facebook pode jogar. Quem não tem, não joga.",0,1.0.1,social_account,negative,True,unknown,Players without Facebook cannot access the game at all.,
804566773,br,Nando Issler,2,2013-05-14 16:20:43,Legal mas abre quando quer,"Ótimo app, mas funciona quando quer. Um dia funciona, aí fica 2 sem funcionar, depois funciona e fica mais 4 sem funcionar!!! Isso pq acho que ele ta tendo problemas em se comunicar com o fb! Podia resolver esse problema adotando o mesmo esquema de jogo offline do candy crush!",0,1.0.1,bugs_performance,negative,False,unknown,"App intermittently stops working, seemingly due to Facebook connectivity issues, and player suggests an offline mode like Candy Crush.",
803744418,br,Medo B,5,2013-05-13 02:53:12,Vicio!!!,Foda,0,1.0.1,praise,positive,False,unknown,Player is addicted to the game.,
803452527,br,Hoodow,5,2013-05-12 15:04:13,Bom,Jogo bom... Tudo certo,0,1.0.1,praise,positive,False,unknown,Player finds the game good with no issues.,
803404712,br,BrunoSoaresX,1,2013-05-12 13:40:12,Para que fizeram?,Para ter só isso era melhor nem fazer.,0,1.0.1,other,negative,True,unknown,Player is extremely dissatisfied and questions the game's existence.,
802278829,br,Anna Asse,5,2013-05-10 16:09:40,Awesome!!,i play it everyday 😊,0,1.0.1,praise,positive,False,unknown,Player enjoys the game and plays it every day.,
801784595,br,Carol Pellim,2,2013-05-09 17:47:37,Decepção!,"Amo todos os jogos Angry Birds, só que este me decepcionou. Vc só consegue jogar o torneio semanal pelo iPhone. Cade todas as fases que aparecem no facebook? Liberem tudo!!!!!!!!",0,1.0.1,live_events,negative,False,unknown,Player is disappointed that iOS only offers weekly tournaments while Facebook has additional levels not available on mobile.,
801123939,br,207henry,5,2013-05-08 12:21:26,Perfeito,"O que a maioria do pessoal estão errando é o motivo de não ter sua conta como padrão lá em ferramentas do iPad, aqui no meu funciona e conecta ao facebook tranqüilamente.",0,1.0.1,social_account,positive,False,unknown,Player explains that Facebook connectivity works fine on their iPad when the account is set correctly.,
800940028,br,Bruna Guedes,5,2013-05-08 03:01:06,Um lixo,Um lixo esse jogo não baixe é muito lixo não baixem,0,1.0.1,other,negative,True,unknown,"Player strongly advises others not to download the game, calling it trash.",
800850440,br,patymelo2003,1,2013-05-07 22:55:32,Decepcionante,Após o tutorial obrigatório não conecta ao facebook. Vi que não é um problema apenas meu... Uma pena.... Desinstalando!,0,1.0.1,social_account,negative,True,unknown,App fails to connect to Facebook after the mandatory tutorial and player is uninstalling.,
800840634,br,GrahanJarvis,1,2013-05-07 22:27:20,Horrível,Trava na hora de conectar com o facebook,0,1.0.1,bugs_performance,negative,False,unknown,Game freezes when attempting to connect to Facebook.,
800427529,br,Edu2103,5,2013-05-07 02:12:13,Muito bom!!!!!!,O jogo e ótimo mas por favor no meu iPad esta travando por favor resolvam isso!!tirando isso o app e ótimo!!!,0,1.0.1,bugs_performance,positive,False,unknown,Player loves the game but reports freezing issues on their iPad and asks for a fix.,
800400183,br,Ruan Aguiar,1,2013-05-07 00:59:30,App não funciona,"Depois de jogar o tutorial, o app diz que faz o login com o facebook e não carrega mais, não funciona. Espero que  haja logo uma atualização resolvendo esse problema.",0,1.0.1,bugs_performance,negative,False,unknown,App gets stuck loading after the tutorial's Facebook login step and player awaits an update fix.,
800374342,br,ImTheBest2,1,2013-05-06 23:47:06,Pior angry birds,"Pior angry birds,depois de fazer o tutorial, conectei ao face.Mas precisava de internet,estava com a internet otima e o jogo falava que nao estava com internet,este jogo esta um lixo...",0,1.0.1,bugs_performance,negative,False,unknown,Game falsely reports no internet connection despite a strong connection after tutorial completion.,
800211724,br,Ph2003,1,2013-05-06 15:52:43,Ruim,Não consegui conectar ao face.,0,1.0.1,social_account,negative,False,unknown,Player could not connect to Facebook.,
800205383,br,RodrigoZotelli,1,2013-05-06 15:37:54,Não conecta ao facebook,"Depois de executar o tutorial obrigatório, o jogo não consegue conectar ao facebook e pára de funcionar!",0,1.0.1,bugs_performance,negative,False,unknown,Game fails to connect to Facebook after the mandatory tutorial and stops functioning.,
799883380,br,Suedread,1,2013-05-06 00:39:41,Travado,"Ele para na primeira parte, não conecta com o face depois!!!",0,1.0.1,bugs_performance,negative,False,unknown,Game freezes at the first stage and cannot connect to Facebook.,
799671232,br,Otávio da Cruz,5,2013-05-05 15:22:04,MUITO FELIZ,"Nunca pensei q eles fossem colocar os torneios do Facebook pra ipad, gostei demais :DD",0,1.0.1,live_events,positive,False,unknown,Player is thrilled that Facebook tournaments are now available on iPad.,
799267406,br,ArqIvy,5,2013-05-04 23:15:27,Always the best,"Jogo divertido como sempre. Não tive problema algum em vinculá-lo à minha conta do Facebook. Nunca é tarde para inovar, e os verdadeiros fãs sempre estarão aguardando, ansiosamente, as novidades!",0,1.0.1,praise,positive,False,unknown,"Longtime fan finds the game as fun as ever, had no Facebook connection issues, and appreciates continued innovation.",
799253283,br,A.Fernando,1,2013-05-04 22:35:17,Lixo,Simplesmente não funciona após o tutorial... Já desinstalei,0,1.0.1,bugs_performance,negative,True,unknown,Game does not work after the tutorial and player has already uninstalled it.,
799147293,br,faranjos,1,2013-05-04 17:55:13,BUG: Não carrega depois do tutorial,"Depois que joguei aquele tutorial exigido na primeira vez que abre o jogo, autorizei a conexão com o Facebook. Depois disso ele fica carregando e não sai mais dessa tela. Já testei a velocidade da rede, saí e retornei ao aplicativo, deixei mais de 10m esperando carregar mas não carregou. Espero que façam logo essa correção.",0,1.0.1,bugs_performance,negative,False,unknown,Game gets stuck on a loading screen after the tutorial's Facebook authorization and never progresses despite good connectivity.,
799130412,br,Baaaltazar,1,2013-05-04 17:16:36,Ruim,Apresento a vcs o aplicativo que estragou a era dos Angry birds,0,1.0.1,other,negative,False,unknown,Player blames the app for ruining the Angry Birds era.,
798999594,br,Luizinho RJ,1,2013-05-04 13:05:24,Não Funciona,"Depois do tutorial, o aplicativo nao funciona. Dá erro de conexão com o facebook.",0,1.0.1,social_account,negative,False,new,App fails with a Facebook connection error after the tutorial.,
798689615,br,Rodzica1,5,2013-05-04 00:26:29,ÓTIMO JOGO,"Pena que saiu agora, depois da febre angry birds do face... :(",0,1.0.1,praise,positive,False,veteran,Player loves the game but laments it arrived after the Facebook Angry Birds craze ended.,
798675819,br,GuiGSM,3,2013-05-03 23:50:23,Falha,"É bom, mas não há como trocar a conta do Facebook vinculada ao Friends, ou seja, só é possível jogar com uma conta e depois não dá nunca mais para trocar! Corrijam isso por favor!",0,1.0.1,social_account,neutral,False,unknown,Player requests the ability to switch linked Facebook accounts.,
798387280,br,Thisoliv,5,2013-05-03 11:46:07,Perfeito!,"Sem nenhum travamento, esse novo angry birds funciona perfeitamente no iphone 5!",0,1.0.1,bugs_performance,positive,False,unknown,Game runs perfectly with no freezing on iPhone 5.,
798171173,br,HARDCORE007565,5,2013-05-03 01:35:54,Muito bom! '-',Muito bom viciante além do mais tem todos os angry birds,0,1.0.1,praise,positive,False,unknown,Player finds the game very good and addictive with all the birds included.,
798149265,br,GabrielBoelter,1,2013-05-03 00:39:15,Não esta conectando com o face...,:(,0,1.0.1,social_account,negative,False,unknown,Game is not connecting to Facebook.,
798085088,br,Nasuhbuhcnhjfffjrriimfiijr,4,2013-05-02 21:40:33,Doido,Hhrhfjhd,0,1.0.0,other,neutral,False,unknown,Review contains only nonsensical text with no meaningful content.,
798002560,br,Allfad,5,2013-05-02 17:48:49,Bom Jogo,"Ótimo jogo,recomendo",0,1.0.0,praise,positive,False,unknown,Player recommends the game as a great title.,
797993715,br,M4suke,5,2013-05-02 17:25:00,Muito bom,"Muito bom, recomendo",0,1.0.0,praise,positive,False,unknown,Player recommends the game as very good.,
797961327,br,Rei dos angry birds,5,2013-05-02 16:04:28,Adorei,Sou o rei dos angry birds e o melhor jogador e agora vou ser mais forte do q nunca valeu rovio,0,1.0.0,praise,positive,False,unknown,Self-proclaimed best Angry Birds player praises Rovio and looks forward to getting stronger.,
797960974,br,Davi Reis,5,2013-05-02 16:03:36,Show,Muito legal,0,1.0.0,praise,positive,False,unknown,Brief positive review calling the game very fun.,
13973175575,tr,paşaaslankadir,5,2026-04-19 02:30:49,Eko,Super,0,14.1.0,praise,positive,False,unknown,Short positive review expressing enthusiasm.,
13669133315,tr,deryaaaarya,5,2026-01-24 05:50:34,Fena değil,Biraz daha kolay olsa daha iyi olur,0,13.6.4,progression_difficulty,positive,False,unknown,Player enjoys the game but thinks it would be better if it were a bit easier.,
13561014426,tr,42mm,5,2025-12-27 13:20:58,Super,Süper bir oyun herkese öneririm çok güzel,0,13.6.1,praise,positive,False,unknown,Player calls it a great game and recommends it to everyone.,
13454822425,tr,User 2527,5,2025-11-29 13:15:53,Oynanmıyor!!!,Öncelikle birinci seviyeyi tamamlıyorum fakat ikinci seviye hiçbir şekilde geçemiyorum durmadan ekran dönüyor dönüyor dönüyor fakat ikinci bölüme hiçbir şekilde geçemiyorum ilk bölümü yaklaşık bi beş altı kere oynadım ama bir sonraki seviyeye geçemiyorum yorumun üstüne basılı tutup yararlıya basarsanız sevinirim,0,13.6.1,bugs_performance,negative,False,unknown,Player cannot progress past level one due to an endless loading screen between levels.,
13210136227,tr,carex35,5,2025-10-01 17:18:56,KG,Çok güzel…,0,13.5.1,praise,positive,False,unknown,Very short positive review praising the game.,
13071135941,tr,ÖZUA,5,2025-08-28 16:21:25,Mükemmel 👍,Çok iyi 👌🏻,0,13.4.0,praise,positive,False,unknown,Player gives a brief thumbs-up review calling the game excellent.,
13010129249,tr,AlpAti3442,5,2025-08-13 10:03:19,Angry Birds Classic And Go come back for Apple Arcade,Oyun çok iyi.🦜🐤😡,0,13.4.0,praise,positive,False,unknown,Player praises the game while mentioning Angry Birds Classic and Go.,
12487910517,tr,Tytyt bu bir takma ad dır,5,2025-03-31 20:09:34,Kendi maceramız!,Kendi oyunumuzu yapabilmeliyiz ama onun dışında güzel,0,13.1.0,feature_request,positive,False,unknown,Player enjoys the game but requests the ability to create custom levels or adventures.,
12254287484,tr,BrilliantGirlsmummy,4,2025-01-31 19:29:12,I’m going back in to see what they say,I’m just saying I have to be at work by eight thirty so if you can make it work I can come over after work to help with you I have some stuff I can do if you’d like I could do it if you to do it for me.,0,12.7.2,other,neutral,False,unknown,Review text appears to be unrelated personal messaging with no game feedback.,
12171528309,tr,martadel,2,2025-01-11 13:54:56,Fun game… but in-app purchases don’t arrive… scam?,"The gane is fun, but when the in-app purchases don’t arrive and there’s ‘no refund’ - something is wrong… scam?
I am deleting the game after hitting ’submit’ - and I suggest you NOT to do in-app purchases… if you download it.",0,12.7.2,monetization,negative,True,unknown,Player reports in-app purchases not being delivered and is deleting the game while warning others not to buy.,
12102897255,tr,Frisk fell,5,2024-12-25 05:41:34,THE BEST GAMES EVER!!!!!,THIS GAME IS AWESOME!YOU MUST DOWNLOAD THIS GAME ITS FREE AND SO COOLLLLL!!!!!!,0,12.7.2,praise,positive,False,unknown,Player enthusiastically calls it the best game ever and encourages downloads.,
11964120036,tr,Zeynep sure,5,2024-11-18 12:55:25,Fawwww,Bu oyun benim küçüklüğümün oyunu ve gerçekten çok sarıya bence çok güzel ve diğer oyunlara göre kaliteli ve hiç reklam çıkmıyor tek sorun internetle olması😻😻😻😻😻💋💋,0,12.7.0,praise,positive,False,unknown,"Player loves the game as a childhood favourite and highlights the absence of ads, noting only the internet requirement as a drawback.",
11911741734,tr,Şinasi yurdunusevenoğlu,5,2024-11-04 13:58:56,Harika bir Oyun Bu ya,yılların oyunu bayılıyorum,0,12.6.1,praise,positive,False,veteran,Long-time player expresses great love for the game.,
11892736156,tr,Acilmüdahale,1,2024-10-30 17:01:00,Yıldız kupası hatası,Devamlı aynı platformlar çıkıyor ve rakipler 14 milyon a çıkan puanlar alabiliyor. Bu nasıl olabilir?,0,12.6.1,tournaments_fairness,negative,False,unknown,Star Cup keeps showing the same platforms and opponents are reaching implausibly high scores of 14 million.,
11731152719,tr,mery0053,1,2024-09-16 17:37:21,Oyun Çalışmıyor,"Güncelleme geldikten sonra oyun donuyor. Sıralama çalışmıyor, düzeltilmesi gerekiyor",0,12.5.1,bugs_performance,negative,False,unknown,After the latest update the game freezes and the leaderboard stops working.,
11730986272,tr,Ç .,1,2024-09-16 16:38:59,please fix the bugs in the game,The game freezes and I watch ads but it doesn't give me the gifts.,0,12.5.1,bugs_performance,negative,False,unknown,Game freezes and ad rewards are not being delivered after watching ads.,
11722519655,tr,Dodemm-,1,2024-09-14 09:44:12,Düzeltilsin,Güncellemeden sonra oyun sürekli donuyor hiç bir şekilde oynanmıyor,0,12.5.1,bugs_performance,negative,False,unknown,Game constantly freezes after the update making it completely unplayable.,
11659321764,tr,200293929102939382829201029,5,2024-08-27 17:17:46,Çok eylenceli,Ben bu oyunu küçükkende oynuyordum 4-5 yaşında ve çok eylenceli söylencek laf yok 👍🏻,0,12.5.1,praise,positive,False,veteran,Player recalls enjoying the game since early childhood and still finds it very fun.,
11558496154,tr,İon engine,5,2024-08-01 06:20:42,Çok iyi,bro,0,12.4.0,praise,positive,False,unknown,Brief but positive one-word endorsement of the game.,
11500814118,tr,şkrgn lkgrn lkr,5,2024-07-16 19:50:39,Müq,Müq bayıldım dilimde çok komik,0,12.4.0,praise,positive,False,unknown,Player expresses delight and finds the game very amusing.,
11352082345,tr,Kuruyemişçi Wilson,5,2024-06-07 02:12:52,Harika,Tüm angry bird Oyunlarını filimlerini bitiren biri olarak gerçekten tek kelime ile harika.,0,12.2.0,praise,positive,False,unknown,Long-time Angry Birds fan calls the game simply amazing in one word.,
11279953021,tr,AifCa,5,2024-05-18 10:49:19,Bad error group,I can’t access the game.,0,12.2.0,bugs_performance,negative,False,unknown,Player cannot access the game at all despite giving 5 stars.,
11192844071,tr,buseraşid,5,2024-04-23 18:44:09,Reklamsız,Teşekkürler reklam olmadığı için,0,12.1.0,ads,positive,False,unknown,Player thanks the developers for the absence of ads.,
11142588971,tr,aydnatmn,5,2024-04-10 14:21:01,Arıza,60 Lv.,0,12.1.0,other,neutral,False,unknown,Minimal review mentioning level 60 with no clear context.,
11131133468,tr,bu kadar uzatmayın ama ya,5,2024-04-07 09:56:06,Iyi,Basarili ve online olmayan kismi orijinali andiriyor. Mukemmel,0,12.1.0,praise,positive,False,unknown,"Player praises both the online and offline parts of the game, calling it excellent.",
11127209202,tr,Western op,2,2024-04-06 08:30:06,Whats wrong with you game developers?,"Life time long and really very frequent same ads over and over, and not nice levels… i ve been playing this game since the beginning of times and 2024 is the worst ever…. and please dont suggest if i don like ads buy game free version… all i am requesting is shorter ads and wiser levels… be safe…",0,12.1.0,ads,negative,True,veteran,"Long-time player since the start criticises excessively long and repetitive ads and uninteresting levels, calling 2024 the worst year for the game.",
11030531956,tr,MEGA 9193,4,2024-03-10 20:23:59,ANGRY BİRDS EPİC,Neden kaldırdınızzzz,0,12.0.0,feature_request,negative,False,unknown,Player asks why Angry Birds Epic was removed and wants it back.,
11010835121,tr,zobi06,3,2024-03-05 13:00:08,Angry birds 1,Angry birds 1’i geri istiyorum,0,12.0.0,feature_request,neutral,False,unknown,Player requests the return of the original Angry Birds 1.,
11004297263,tr,Paramigeriistiyüm,5,2024-03-03 15:40:50,AB,Arkadaşlar önc likle oyun çok iyi herkese öneririm diyecek lafım yok oyun müq buradan oyunun yapımcısına sesleniyorum eline sağlık,0,12.0.0,praise,positive,False,unknown,Player highly recommends the game and congratulates the developers.,
10905536865,tr,jdothrjfoıf,3,2024-02-05 17:31:14,Çark,Son bir haftadır 24 saatte sadece iki kez çark çevrilebiliyor. Bir hata var sanırım.,0,11.19.1,bugs_performance,negative,False,unknown,"Spin wheel can only be used twice in 24 hours for the past week, suspected to be a bug.",
10846515337,tr,BesyoRR,4,2024-01-21 08:01:45,Sapandaki oyuncuyu değiştirme,Eski oyunda sapandaki oyuncu değiştiriliyordu şimdi olmuyor,0,11.19.0,feature_request,neutral,False,unknown,Player misses the old feature that allowed changing the bird on the slingshot.,
10844494025,tr,Ergünes,5,2024-01-20 18:44:44,Harikkkkk,Çok çok keyf alıyorum,0,11.19.0,praise,positive,False,unknown,Player expresses great enjoyment of the game.,
10842247787,tr,ArafEge,5,2024-01-20 06:09:09,Eskimeyen bir Angry Birds Oyunu resmen!,Bu oyunun kaldırılmaması iyi oluyor,0,11.19.0,praise,positive,False,unknown,"Player is glad the game has not been removed, calling it a timeless Angry Birds title.",
10588412936,tr,probabaka,5,2023-11-15 14:18:48,Oyun çok güzel,Ama lütfen star wars angry birds ü getirin,0,11.18.0,feature_request,positive,False,unknown,Player enjoys the game but requests the return of Angry Birds Star Wars.,
10478984249,tr,mobil61,1,2023-10-15 20:49:01,İos 13 altı destek gelsin lütfen,İos 13 altı destek gelsin lütfen,0,11.17.1,feature_request,negative,False,unknown,Player requests support for iOS versions below 13.,
10470981064,tr,MK19702004,5,2023-10-13 21:32:10,Best game ever,Best,0,11.17.1,praise,positive,False,unknown,Player calls it the best game ever in a brief review.,
10405789558,tr,dfghjkltresa,5,2023-09-25 13:58:29,Reklamlar,Reklamlar çarpıya bastığımız halde,0,11.16.0,ads,negative,False,unknown,Player complains that ads do not close properly when tapping the X button.,
10373350818,tr,filiz 13,5,2023-09-16 07:38:36,👍👍,🏆🏆,0,11.15.0,praise,positive,False,unknown,Player leaves a brief positive emoji review with a trophy icon.,
10226292118,tr,Hileci Erdo,5,2023-08-06 14:04:55,Good + Old = GOld,I see angry Birds as a game that I have played and loved since I was little. I hope it stays like this forever. Thanks.,0,11.14.2,praise,positive,False,veteran,Long-time player expresses love for the game and hopes it stays the same.,
10171657928,tr,BottleJump,5,2023-07-23 05:46:20,Angrybirds,Angrybirds,0,11.14.0,praise,positive,False,unknown,Simple one-word positive mention of Angry Birds.,
10160719532,tr,emor2018,5,2023-07-20 08:52:14,Keşke o yıllar geri dönseydi 😞,Tüm yorumlar 10 yıl önce yazılmış sanırım bu oyun 11 yıl önce çıkartılmış,0,11.14.0,praise,positive,False,veteran,Player nostalgically notes the game is 11 years old and most reviews are from a decade ago.,
10042685819,tr,Eylullsm 88,4,2023-06-17 10:03:26,Turnuva olmasaydı keşke,Ya keşke turnuvalar olmasaydı öyle daha güzel olurdu onlar zor geçemiyorum öyle de oyunun tadı kalmıyor lütfen turnuvaları kaldırın lütfen 🙏,0,11.13.0,feature_request,negative,False,unknown,Player finds tournaments too difficult and requests they be removed from the game.,
9995846192,tr,n a g i,4,2023-06-03 19:06:18,E,Eskiden oynardım,0,11.13.0,praise,neutral,False,returning,Returning player briefly notes they used to play the game.,
9928707231,tr,tamertarıkçam,5,2023-05-15 08:41:06,Çok güzel bir oyun,Çocukların oynamasın terciederim,0,11.12.1,praise,positive,False,unknown,"Player praises the game and recommends it, preferring children play it.",
9921279194,tr,uymjh,5,2023-05-13 04:50:44,Harika,Güzel,0,11.12.1,praise,positive,False,unknown,Short positive review calling the game great.,
9915607274,tr,gökhanfil,5,2023-05-11 13:03:30,Eyi,Eyi be,0,11.12.1,praise,positive,False,unknown,Brief positive review expressing enjoyment of the game.,
9850052426,tr,sembersadfghbv,5,2023-04-22 19:39:36,Angry Birds,Oyun çok güzel diyebilirim,0,11.12.0,praise,positive,False,unknown,Player simply states the game is very good.,
9844401799,tr,huytujhhyu,5,2023-04-21 07:20:08,Ab friends,Bubblesı ilk defa oynuyorum,0,11.12.0,praise,positive,False,new,Player mentions playing as Bubbles for the first time.,
9830132690,tr,Yayla1923,5,2023-04-17 02:07:00,Angry  ir kuş,Süperrrr,0,11.11.0,praise,positive,False,unknown,Player gives a brief enthusiastic positive review.,
9790001844,tr,👑 savaş,5,2023-04-05 15:50:07,Özledim ve geldiler.,"O kadar oynadım ve ara verdimki orijinal bir tane kuşu bulamadım bıraktığım yerde...nasıl katşıma çıktılarsa ..bırakamıyorum şu tatlıları..lütfen ilk oynadıklarım ,orijinalleri ,hepsini salın serbest kalsınlar...çok sevinçliyim..",0,11.11.0,praise,positive,False,returning,Returning player happily rediscovered their progress and expresses love for the original birds.,
9776485321,tr,bukullanilmiyor,1,2023-04-01 20:49:29,Arkadaslarla oynayamamak,"Arkadaslarinizla oynayabilmek icin once seviyelerden 10. Kata cikacaksiniz sonrasinda turnuva verecek o turnuvayi tamamlayacaksiniz ondan sonra bir turnuva daha cikartacak karsiniza olme esegim olme, arkadasimizla bir oyun oynayalim dedik bir turlu oynayamadik.",0,11.11.0,social_account,negative,False,unknown,Player is frustrated by the convoluted process required before being able to play with friends.,
9660182182,tr,osman0082,5,2023-02-27 06:25:28,G,Perfect game!!,0,11.9.1,praise,positive,False,unknown,Short enthusiastic review calling it a perfect game.,
9625837290,tr,mikailç,5,2023-02-17 07:09:59,Atışma,"Atışma bölümü için oyunu silmiyordum o da bozuldu
Arada bi bakın",0,11.9.1,bugs_performance,negative,False,unknown,Player kept the app for the Star Cup mode but reports it is now broken.,
9619157299,tr,PRO NİNJA,4,2023-02-15 05:59:25,Güzel,Evet bu oyun güzelmiş ama ilk oyunu kadar değil ilk oyunu oynuyodum sonra bir baktım paralı olmuş ilki daha güzel,0,11.9.1,monetization,negative,False,returning,Player prefers the original game over the current version which became paid.,
9617534779,tr,yidoo7,5,2023-02-14 16:46:57,Angry Birds Star Wars,Please do available the Angry Birds Star Wars and Angry Birds Epic,0,11.9.1,feature_request,neutral,False,unknown,Player requests the return of Angry Birds Star Wars and Angry Birds Epic.,
9606658450,tr,tektalha,5,2023-02-11 13:20:57,Oyunu sevdim grafikleri eskileri andırıyor,Oyunu sevdim fakat angry birds epic ve angry birds Star Wars'ı geri istiyoruz umarım yorumu görür geri dönüş yaparsınız,0,11.9.1,feature_request,positive,False,unknown,Player likes the game's nostalgic graphics but requests the return of Angry Birds Epic and Star Wars.,
9585982781,tr,ğpoıuyhngfvböşiü,5,2023-02-05 13:04:04,Reklamlar,Reklamlar gerçekten sıkıcı olmaya başladı. Şaka gibi bu reklamlar reklamdan oyuna denemiyoruz bu ayıp artık,0,11.9.0,ads,negative,False,unknown,Player complains that excessive ads are ruining the gameplay experience.,
9516964178,tr,rootcastle,5,2023-01-17 10:52:04,çok güzel oyun!!,teşekkürler!!,0,11.8.3,praise,positive,False,unknown,Short positive review thanking the developers.,
9505330921,tr,Ozgur123456,1,2023-01-14 05:48:00,Yıldız kupası atışmada kazandığım halde kaybettim gibi işlem yapıyor,"Uygulama açılmıyor maalesef, bir hata var oyunda acil müdahale lütfen",0,11.8.3,bugs_performance,negative,False,unknown,Player reports the app won't open and that a Star Cup win was incorrectly recorded as a loss.,
9433805840,tr,tf fv,4,2022-12-25 15:26:26,Güncelleme,Güncelleme gerekli,0,11.8.2,other,neutral,False,unknown,Player briefly notes that an update is needed.,
9429713188,tr,envercan26,5,2022-12-24 10:02:26,GÜZEL,Çok güzel bi oyun herkese tavsiye ederim ama ara sıra kasıyor,0,11.8.2,bugs_performance,positive,False,unknown,Player recommends the game but notes it occasionally lags.,
9377824855,tr,gul.taha25,1,2022-12-09 14:52:33,Reklamlar!!!,Saçma sapan sürekli reklam çıkıyor,0,11.8.0,ads,negative,False,unknown,Player is frustrated by constant nonsensical ads appearing in the game.,
9346056099,tr,tnaz1441,5,2022-11-30 17:31:42,Stres alma oyunu,"Çok güzel bir oyun stresimizi alıyor 
Yani çanınız sıkıldığında oynayın 
Tavsiye ederim",0,11.7.0,praise,positive,False,unknown,Player recommends the game as a great stress reliever when bored.,
9332557652,tr,ahmocansel,3,2022-11-26 22:36:32,Mantıksız,Karakterler fln hapisteyken bile gülüyo çok mantıksız (resmen üşengeçlik),0,11.7.0,ux_ui,negative,False,unknown,"Player finds it illogical that characters smile even while caged, calling it lazy design.",
9329775114,tr,ısısksm,5,2022-11-26 05:15:11,Güzel,OYun çok kolay ve küçükler 6 yaşlar için uygun,0,11.7.0,praise,positive,False,unknown,Player finds the game fun and suitable for young children around age 6.,
9305549889,tr,Beğenen oyuncu,1,2022-11-19 11:22:07,Geri alıyom buz gibi soğudum oyundan,Çok kötü oyun sakın ama sakın indirmeyin sizden para istiyor,0,11.7.0,monetization,negative,True,unknown,Player strongly dislikes the game for asking for money and warns others not to download it.,
9261099642,tr,bktengn,4,2022-11-06 11:29:49,yenilmememe rağmen turnuvam sona ediyor,yenilmiyorum oyunu kazanıyorum fakat turnuva puanlarım siliniyor seviye geçmek için bir sürü kullandığım kuş boşa gidiyor,0,11.6.0,bugs_performance,negative,False,unknown,"Player's tournament scores are being erased despite winning, causing wasted bird upgrades.",
9244544166,tr,huzurum571,5,2022-11-01 16:51:31,Keyifli,Çok güzel kafam dağılıyor,0,11.6.0,praise,positive,False,unknown,Player enjoys the game and finds it a great way to relax.,
9231398355,tr,normalman1234,3,2022-10-28 19:33:02,A Letter For Rovio Entertaniment,"Dear Rovio I Want To Say That Almost EVERYONE Is Changing The Location And Can Play The Original AB For Free.But You Could Do It So Much Easier If You Make The “Rovio Classics:AB Original”Free.I Can’t Do The Location Thing Right And That’s Why I’m Writing This Letter Hope You See It And Understand:).

The Fan That Write This Letter",0,11.6.0,feature_request,neutral,False,unknown,Fan requests Rovio make the original Angry Birds free via Rovio Classics instead of requiring location workarounds.,
9118022664,tr,BOX BORAN,5,2022-09-24 20:48:23,Lütfen,Angry birds 1 geri gelsin,0,11.5.1,feature_request,neutral,False,unknown,Player requests the return of the original Angry Birds game.,
9070613508,tr,Talhadddddd,5,2022-09-10 12:32:09,Talha,Angry birds star wars geri gelsin lütfen,0,11.4.0,feature_request,neutral,False,unknown,Player requests the return of Angry Birds Star Wars.,
9057512476,tr,AkinSkonn,1,2022-09-06 10:06:15,Glitch problem,The devices in level 60 doesn’t work,0,11.4.0,bugs_performance,negative,False,unknown,Interactive devices in level 60 are not functioning due to a glitch.,
9001359890,tr,cafer okman 1971,5,2022-08-21 11:49:09,Beğendim,Güzel bir oyun.,0,11.4.0,praise,positive,False,unknown,Player briefly praises the game as enjoyable.,
8997975271,tr,ezzrte,1,2022-08-20 12:18:35,Oyun açılması,Yeni güncelleme ile İPad’imde oyunu açılmıyor.” Depolama servis hatası” uyarısı çıkıp oyunu yüklemiyor,0,11.4.0,bugs_performance,negative,False,unknown,"After a new update, the game fails to load on iPad with a storage service error.",
8919586840,tr,tam ters maske,5,2022-07-28 07:52:43,süpersiniz,oyunu çok beğendim emek verilmiş ellerinizden öpüyorum.,0,11.3.0,praise,positive,False,unknown,Player praises the game's quality and effort put into it.,
8838909678,tr,hffffgggggg hgg,5,2022-07-04 08:16:08,yorum,çok eğlenceli,0,11.2.0,praise,positive,False,unknown,Player finds the game very entertaining.,
8825805950,tr,AnalyticUser.1923,5,2022-06-30 12:45:52,👍🏻❤️,Eski oyunu oynamış gibi oldum,0,11.2.0,praise,positive,False,unknown,Player enjoys the nostalgic feeling of playing the classic game.,
8808317301,tr,Kemal Kenaroğlu,5,2022-06-25 07:53:22,Muhteşem bir oyun,Oyun çok güzel ve eğlenceli,0,11.2.0,praise,positive,False,unknown,Player describes the game as wonderful and entertaining.,
8795537148,tr,buse Tuğ,5,2022-06-21 11:14:36,Bu oyun çok güzel hemen yükleyin,Bu oyun çok güzel hemen yükleyin,0,11.2.0,praise,positive,False,unknown,Player enthusiastically recommends downloading the game.,
8785889929,tr,çkıtrhčjddbjdxćjgfı,5,2022-06-18 11:27:42,Çok güzel,Beş yıldız veriyorum bu oynu yapana teşekkürler,0,11.2.0,praise,positive,False,unknown,Player gives five stars and thanks the developer for the game.,
8734488123,tr,asfaltriza,5,2022-06-02 20:15:32,Gayet iyi,Olumlu,0,11.1.1,praise,positive,False,unknown,Player gives a brief positive rating.,
8726224581,tr,Baris Purut,5,2022-05-31 11:15:03,Bağlantı hatası,"Anlatacağım sorun Facebook kaynaklı mı emin değilim: 
Angry Birds Friends başlangıçta Facebook’a bağlanmak istiyor, ardından Facebook bağlanma penceresi açıldığında da uygulama geliştirme modunda olduğu için erişilemiyor uyarısı veriyor ve offline açılıyor (Oyunu ilk kurduğumuzda zaten Facebook hesabımıza bağlamıştık)",0,11.1.1,social_account,negative,False,unknown,Game fails to connect to Facebook at launch and falls back to offline mode with an access error.,
8670403284,tr,sellimb,3,2022-05-14 15:06:12,Reklam,Reklamlı olmasını anlıyorum ama bazılarında reklam bitiminde kapatma düğmesi çıkmıyor ya app store’a atıyor ya safariden bişey açmaya çalışıyor yasal olmaması gerekli bunun!?! Düzeltilmezse sileceğim,0,11.0.0,ads,negative,True,unknown,"Close button missing after some ads, redirecting to App Store or Safari, which player considers illegal and will uninstall if not fixed.",
8590633658,tr,EngelsizOyuncu,5,2022-04-21 11:56:22,Sonunda ABF’ı sevebildim!,Her zamanki harika ama bu yorumum neden gecikti bilmiyorum. Sevmem ???. Güncellemesine kısmetmiş! Sevmek ne demek açar açmaz bağımlısı oldum :),0,10.12.1,praise,positive,False,unknown,Player became instantly addicted to the game after a recent update.,
8568620778,tr,zdh🤠,1,2022-04-15 04:30:41,Keşke eskisi gibi olsa.,Her şeyi değiştirmişler resmen nerde o çocukluğumuz?!,0,10.12.1,live_events,negative,False,veteran,Player feels the game has changed too much and misses the nostalgic original experience.,
8533982319,tr,selenaydmrp,2,2022-04-05 10:33:50,Güncelle diyor,Güncelle diyor güncelleme yok oyuna giremiyorum,0,10.12.1,bugs_performance,negative,False,unknown,"Game prompts an update but no update is available, leaving the player unable to access the game.",
8533926613,tr,srdrpkgz,1,2022-04-05 10:11:32,Güncelleme hatası,Güncellemem var yinede güncelleme istiyor ve oyun açılmıyor,0,10.12.1,bugs_performance,negative,False,unknown,"Game continuously requests an update despite it already being installed, preventing the player from launching the game.",
8419831450,tr,muhüntyin,5,2022-03-04 15:36:44,Bir,"Oyun çok güzel ama 90kat olsa olur mu?

😁😁",0,10.11.0,feature_request,positive,False,unknown,Player enjoys the game and requests 90 levels be added.,
8303840001,tr,Dragoslu,2,2022-01-31 15:05:38,Oyun,Oyun 3 gündür açılmıyor,0,10.10.0,bugs_performance,negative,False,unknown,Game has not opened for 3 days.,
8210150538,tr,m. bakici,5,2022-01-06 09:33:54,Güzel olmuş,Başarılı,0,10.9.0,praise,positive,False,unknown,Short positive praise calling the game successful.,
8191794123,tr,dklcbxö n,5,2022-01-01 11:17:17,Oyunçokgüzel,Ama biraz malca,0,10.9.0,monetization,neutral,False,unknown,Game is nice but considered somewhat expensive.,
8012512252,tr,zafer ertan,1,2021-11-11 13:31:34,Bu oyundan atıyor ya lütfen onu düzeltin,Yeeeter,0,10.7.1,bugs_performance,negative,False,unknown,Player is being kicked out of the game and wants it fixed.,
7943057208,tr,Jooooty,4,2021-10-22 22:27:10,Eski müzik geri gelsin,Lütfen angry birdsün orijinal müziği geri gelsin.,0,10.6.6,feature_request,neutral,False,unknown,Player requests the original Angry Birds music be restored.,
7865161592,tr,krazenten,5,2021-10-01 11:49:14,1,Nice,0,10.6.6,praise,positive,False,unknown,Brief positive one-word review.,
7839092589,tr,ekmekci16,1,2021-09-24 06:41:57,Reklam izlemek isteyen indirsin,Bir tur oyun oynayabilmek için 10 tane reklam izlemeniz gerekir oyun içinde durduk yere reklam çıkması cabası reklam uğruna muhterem annelerini bile pazarlamaya kalkarlar,0,10.5.0,ads,negative,True,unknown,Player complains about excessive ads required to play even a single round.,
7821941395,tr,QbloxYT,5,2021-09-19 09:15:52,Öe,Çoooook güzellll,0,10.5.0,praise,positive,False,unknown,Very enthusiastic short positive review.,
7767274277,tr,mavikelebek322,1,2021-09-03 19:12:39,Yeni Güncelleme Oyunu Berbat Etti,İphone 11’de video izlerken bir anda donuyo ve uygulamadan atıyor. Oyun skoru ve hediyeler yok olup gidiyor. Bir an önce eski haline gelsin.,0,10.4.0,bugs_performance,negative,False,unknown,"New update causes freezing, crashes and loss of scores and rewards on iPhone 11.",
7490418625,tr,bbbcrazy,1,2021-06-21 17:58:49,Friends,Ben hiç kimseye Friend edemiyorum,0,10.2.0,social_account,negative,False,unknown,Player cannot add any friends in the game.,
7467214989,tr,ifrejdbf,4,2021-06-15 12:14:24,LÜTFEN OKUYUN,"Valla eski oyunlarınız efsane .en sevdiğim oyun şirketisiniz . Mükemmel oyunlar yapıp bu oyunları kaldırıyorsunuz sizi anlayamıyorum. Bu kaldırılan oyunlardan bir sürü söyleyebilirim : angry birds go ,
Angry birds epic,angry birds star wars,
Angry birds rio(kaldırıldığından tam emin deilim ama büyük ihtimalle kalktı) ve angry birds fight bu oyunların hepsi efsaneydi hep oynardım gerçekten harika oyunlardı ama kaldırdınız neden böyle birşey yaptınız hiçbir fikrim yok. Lütfen şu oyunları geri getirin.bari getirmeyecekseniz neden kalktı onu söyleyin",0,10.2.0,feature_request,positive,False,veteran,"Long-time fan asks Rovio to bring back discontinued titles like Angry Birds Go, Epic, Star Wars and Rio.",
7464853985,tr,gerçekten çok kötü,5,2021-06-14 19:22:08,suusıstsjstsgsjsısusyısosusu,oyun angry birds 2den daha güzel,0,10.2.0,praise,positive,False,unknown,Player says the game is better than Angry Birds 2.,
7461616519,tr,Minnakcan,5,2021-06-13 22:43:42,Lütfen Sayın Yetkililer,Lütfen Angry Birds Epic’i geri getirin saygılar…,0,10.2.0,feature_request,neutral,False,unknown,Player requests Angry Birds Epic be brought back.,
7455615198,tr,selim kandiş,5,2021-06-12 09:55:00,Süperrrr,Olum çok iyi,0,10.2.0,praise,positive,False,unknown,Short enthusiastic positive review.,
7393382859,tr,Angry Bird Chuck,5,2021-05-27 06:54:29,Oyun Güzel Ama Eksikler,"Oyun çok güzel Rovio.Fakat eksikleri olması pek beni sevindirmedi
1 Oyunda başka arkadaşlar ile oynanıyor bizim arkadaşlarımız olsa süper olur.
2 Grafikler Angry Birds 1 e benziyor (Lütfen Angry Birds 1 i geri getirin.
3 Daha fazla kuş eklenmesi lazım.
4 Kırmızı başlangıç kuşuna özellik yapın
5 Özellikleri kuşlara dokunarak değil buton ile yapsak dağa kolay olur.
6 Daha fazla sapan gerekli
7 Oyuna mağaza gelse güzel olur

Bunların dışında istediğim

Angry Birds 1
Angry Birds Epic 
Angry Birds Star Wars
Angry Birds Araba Yarışı

Geri gelsin
Basılı tutup yararlıya basın",0,10.1.1,feature_request,positive,False,unknown,"Player enjoys the game but lists multiple feature requests including multiplayer, more birds, better controls and a shop.",
7376511492,tr,emin2805,1,2021-05-23 02:35:58,Oyuna girilmiyor,Benim Turnuvam ortada kaldığı için güncellemeden sonra sizden telafi bekliyorum beyinsizler,0,10.1.1,bugs_performance,negative,False,unknown,Post-update issues left an ongoing tournament incomplete and player demands compensation.,
7322432078,tr,Zdeup,5,2021-05-10 18:06:34,Cok guzel,Oyun çok guzel indirin,0,10.1.1,praise,positive,False,unknown,Short positive review recommending the game.,
7306077901,tr,regina 30,5,2021-05-06 21:03:27,Çok güzel deneyin,Gerçekten çok güzel tavsiye ederim,0,10.1.0,praise,positive,False,unknown,Player recommends the game as genuinely enjoyable.,
7302452470,tr,Berke ünlü,1,2021-05-05 21:20:34,Açılmıyor,Oyun rovio yazısından sonra kendiliğinden kapanıyor. 8 Plus,0,10.1.0,bugs_performance,negative,False,unknown,Game crashes immediately after the Rovio splash screen on iPhone 8 Plus.,
7301835893,tr,FATİH SERENCİ 66,5,2021-05-05 17:49:47,Harika,Keyifli oyun 💯,0,10.1.0,praise,positive,False,unknown,Player finds the game enjoyable and gives it full marks.,
7301406501,tr,fatboy 009400,5,2021-05-05 15:27:30,iphone 11,face ile bağlanmıyorrrrrr,0,10.1.0,social_account,negative,False,unknown,Player cannot connect with Face login on iPhone 11.,
7295006198,tr,ozturk1234,1,2021-05-04 00:11:06,Oyun ı phone açılmıyor,Oyun ı phonede açılmıyor,0,10.0.1,bugs_performance,negative,False,unknown,Game does not open on iPhone.,
7294720371,tr,Ramazan Özhan,1,2021-05-03 22:27:56,Oyun Açılmıyor,Oyun’u İndireli 5 Dakika Oldu Fakat Oyun Bir Türlü Açılmıyor Madem Oyun Yapacaksınız Onu Da Düzgün Yapın,0,10.0.1,bugs_performance,negative,False,new,Newly downloaded game refuses to open at all.,
7294302148,tr,molkkyturk,1,2021-05-03 19:59:03,Mobil uygulama,Mobil uygulama maalesef 2 haftadır açılmıyor,0,10.0.1,bugs_performance,negative,False,unknown,Mobile app has not opened for two weeks.,
7292257348,tr,berk öykü,5,2021-05-03 08:32:48,Serpil,Oyun çalışmıyor tıkladığımız zaman kayboluyor destek lütfen,0,10.0.1,bugs_performance,negative,False,unknown,Game disappears when tapped and player requests support.,
7286025327,tr,wingsamk,4,2021-05-01 18:31:25,Wingsamk,Oyun açılmıyor. Son güncellemeden sonra,0,10.0.1,bugs_performance,negative,False,unknown,Game stopped opening after the latest update.,
7285716433,tr,Eko4106,2,2021-05-01 16:48:21,Oyun açılmıyor,"10 gündür oyun açılmıyor oyunu sildim tekrar yükledim , silin oyunu kaldırın madem kullanım dışı oyalamayın kimseyi",0,10.0.1,bugs_performance,negative,True,unknown,Game has not opened for 10 days; player deleted it and urges others to remove it too.,
7284479344,tr,kafasiwq,1,2021-05-01 10:34:30,İndirmeyin,Oyundan atıyor basılı tutup yararlı diyebilirsiniz,0,10.0.1,bugs_performance,negative,False,unknown,Game keeps crashing and kicking the player out.,
7282137130,tr,tay59,2,2021-04-30 19:50:59,Çözüm buldum - rovio dan cvp geldi,Telefonunuzda Genel dil seçeneğini ingilizceye çevirince açılıyor arkadaşlar şimdilik böyle idare edebilirsiniz ipad de de olur herhalde,0,10.0.1,bugs_performance,neutral,False,unknown,Player found a workaround: changing device language to English fixes the launch issue.,
7282130291,tr,Nepitin,1,2021-04-30 19:48:28,Oyun açılmıyor,"Oyunu iki gündür açamıyorum.Son güncellemeden sonra oldu sanırım!
Bir el atın şu konuya",0,10.0.1,bugs_performance,negative,False,unknown,Game has not launched for two days since the last update.,
7281699835,tr,ayrüşş,1,2021-04-30 17:15:40,Ab friends,Bende oyuna giremiyorum 3 gündür,0,10.0.1,bugs_performance,negative,False,unknown,Player unable to log into the game for three days.,
7281666372,tr,ozan2981,5,2021-04-30 17:04:53,Problem,"Sayın yetkili oyun açılmıyor 2 haftadır, ilgilenirseniz bekleyelim yoksa silelim teşekkürler",0,10.0.1,bugs_performance,negative,True,unknown,Game has not opened for two weeks; player considering uninstalling if not fixed.,
7281179311,tr,H.arif,1,2021-04-30 14:37:00,Crush problem,It crushes,0,10.0.1,bugs_performance,negative,False,unknown,Game crashes on launch.,
7280978326,tr,g.ulger,1,2021-04-30 13:39:27,Açılmıyor,Uygulama açılmıyor düzeltilmesi gerekiyor. Uygulamayı başlatınca atıyor direk,0,10.0.1,bugs_performance,negative,False,unknown,App closes immediately upon launch and needs to be fixed.,
7279724764,tr,Ghrlsnd,5,2021-04-30 05:38:55,Uygulama çalışmıyor,"Çok severek oynadığım bu oyun 1 haftadan beri çalışmıyor . Sebebi  ne olabilir acaba?
İyi çalışmalar",0,10.0.1,bugs_performance,negative,False,unknown,A beloved game has been non-functional for over a week with no known cause.,
7279189715,tr,Boncukk,2,2021-04-30 01:42:06,Açılmama hatası,Son güncelleme yapıldıktan 1 gün sonra uygulama açılıyor gibi olup kendini kapatıyor. Uygulama hiç açılmadan ana ekrana dönüyor.,0,10.0.1,bugs_performance,negative,False,unknown,App crashes back to home screen immediately after the latest update.,
7278223652,tr,Yasemin1.1,5,2021-04-29 19:17:47,Update,Pls update the game. Closing itfself.,0,10.0.1,bugs_performance,negative,False,unknown,Game keeps closing itself and player requests an update to fix it.,
7275097457,tr,Müstenit,5,2021-04-28 23:10:49,Angry birds Friends,1 haftadır açılmıyor.oynayamıyorum açılsın lütfen,0,10.0.1,bugs_performance,negative,False,unknown,Game has not opened for a week and player asks for a fix.,
7274997303,tr,cagezel,1,2021-04-28 22:35:20,Problem,Severek oynadığım oyun güncellemelerden sonra açılmıyor lütfen ilgilenin,0,10.0.1,bugs_performance,negative,False,unknown,Game stopped opening after updates despite player enjoying it previously.,
7274128463,tr,AB Üyesi,1,2021-04-28 16:28:11,Açılmıyor,Son güncellemeden sonra uygulama açılmıyor. Telefonum iPhone 5s,0,10.0.1,bugs_performance,negative,False,unknown,App fails to open on iPhone 5s after the latest update.,
7273189806,tr,Topalordek,1,2021-04-28 11:30:51,Oyun yüklenmiyor,Sildim geri yükledim yine açılmıyor,0,10.0.1,bugs_performance,negative,False,unknown,Game still does not open even after deleting and reinstalling.,
7272789368,tr,Armando1232,1,2021-04-28 08:51:07,Oyun iPhone de açılmıyor,Oyun iPhone8 de açılmıyor,0,10.0.1,bugs_performance,negative,False,unknown,Game does not open on iPhone 8.,
7272534604,tr,Akın Altay,1,2021-04-28 06:50:46,Crashes,Crash at the beginning,0,10.0.1,bugs_performance,negative,False,unknown,Game crashes at startup.,
7271302874,tr,alize71,3,2021-04-27 22:12:28,Açılmıyor.,güncellemeden beri açılmıyor.,0,10.0.1,bugs_performance,negative,False,unknown,Game has not opened since the last update.,
7270833756,tr,Comern,5,2021-04-27 18:59:09,Açılmıyor!,Güncelleme sonrası oyun açılmıyor!,0,10.0.1,bugs_performance,negative,False,unknown,Game does not open following a recent update.,
7269036763,tr,Drburak02,2,2021-04-27 08:36:03,Açılmıyor,Yetkililere helal olsun açılmayan oyun yapmışlar.,0,10.0.1,bugs_performance,negative,False,unknown,Player sarcastically criticises developers for releasing a game that won't open.,
7269013959,tr,krjfjjdjsks,3,2021-04-27 08:25:18,iPhone6s telefonlarda açılmadan kapanıyor .,iPhone6s telefonlarda açılmadan kapanıyor .,0,10.0.1,bugs_performance,negative,False,unknown,Game crashes immediately on launch on iPhone 6s devices.,
7268024040,tr,yuopğüüşmbvh,1,2021-04-27 00:48:01,Çalışmıyorrrr,Çalışmıyorr,0,10.0.1,bugs_performance,negative,False,unknown,App is not working at all.,
7267706446,tr,Erdoğanaydın,1,2021-04-26 22:30:35,Çalışmıyor!,Uygulama açılmıyor!,0,10.0.1,bugs_performance,negative,False,unknown,Application fails to open.,
7266710385,tr,Felamur,2,2021-04-26 16:25:46,Güncelleme,Oyun açılmıyor,0,10.0.1,bugs_performance,negative,False,unknown,Game stopped opening after a recent update.,
7266471471,tr,pasabal,3,2021-04-26 15:09:23,Oyun açılmıyor,Son güncellemeden sonra Oyun açılmıyor,0,10.0.1,bugs_performance,negative,False,unknown,Game stopped opening after the latest update.,
7266173017,tr,burgen46,4,2021-04-26 13:37:39,Oyun açılmıyor,Angry Birds Friends açlımıyor. Lütfen yardım edermisiniz,0,10.0.1,bugs_performance,negative,False,unknown,Angry Birds Friends won't launch and player is asking for help.,
7265520027,tr,ssunaa,5,2021-04-26 09:47:22,Hata,Güncelleme yaptıktan sonra oyun açılmamaya başladı. Neden olabilir?,0,10.0.1,bugs_performance,negative,False,unknown,Game stopped opening after a recent update.,
7265263613,tr,Koro 2002,5,2021-04-26 07:46:00,Bu bir hastalık,4 gün önceki son güncellemeden sonra oyun açılmıyor İPhone 7 Plus,0,10.0.1,bugs_performance,negative,False,unknown,Game has not opened on iPhone 7 Plus since the update four days ago.,
7264152866,tr,Guide50,3,2021-04-25 23:11:25,Oyun açılmıyor,Son güncellemeden dolayı oyun açılmıyor,0,10.0.1,bugs_performance,negative,False,unknown,Game will not open due to the latest update.,
7263880470,tr,angry ant07,3,2021-04-25 21:28:58,Oyuna airpad2 giremiyorum. Tıkladığımda oyunu açmıyor,Airpad2 tıkladığımda oyunu açmıyor.,0,10.0.1,bugs_performance,negative,False,unknown,Game fails to launch on iPad 2 when tapped.,
7263491160,tr,astasdemir,1,2021-04-25 18:59:21,Ab friends neden çalışmıyor,"Ab friends çalışmıyor
Hata bende mi programda mı",0,10.0.1,bugs_performance,negative,False,unknown,Game is not working and player is unsure whether the fault is theirs or the app's.,
7262913910,tr,djjddkkdj,1,2021-04-25 15:45:52,İPhone 7 Plus açılmama,Son güncelleme yaptım oyun hiç açılmıyor sildim yükledim yine de açılmadı,0,10.0.1,bugs_performance,negative,False,unknown,Game won't open on iPhone 7 Plus even after deleting and reinstalling after the latest update.,
7262230001,tr,Allahım sen bana yardım et,1,2021-04-25 12:22:09,Oyundan atıyor,son güncellemeden dolayı oyundan atıyor.,0,10.0.1,bugs_performance,negative,False,unknown,Latest update causes the game to kick the player out.,
7261350834,tr,Hakan Bastoncu,1,2021-04-25 06:35:19,OYUN AÇILMIYOR,Yeni sürüm yüklendikten sonra iPad Air 64gb cihazda oyunu açamiyorum,0,10.0.1,bugs_performance,negative,False,unknown,Cannot open the game on iPad Air 64GB after the new version was installed.,
7259238549,tr,Baranbaran,5,2021-04-24 16:36:40,Uygulama açılmıyor,"Dünden beri uygulama açılmıyor, acil güncelleme",0,10.0.1,bugs_performance,negative,False,unknown,App has not been opening since yesterday and player requests an urgent update.,
7258968999,tr,voltrann46,1,2021-04-24 15:12:55,AÇILMIYOR!!!,Allah belanızı versin yükledim açılmıyor 😡,0,10.0.1,bugs_performance,negative,False,unknown,Player is very frustrated that the game won't open after downloading.,
7257913914,tr,gkceda,3,2021-04-24 09:26:08,Güncelleme,Ios yazılım güncellemesi sonrası oyun açılmıyor,0,10.0.1,bugs_performance,negative,False,unknown,Game stopped launching after an iOS software update.,
7255712491,tr,angrybirdstr,2,2021-04-23 18:53:34,Oyun acılmıyor,Oyun neden acılmıyor,0,10.0.1,bugs_performance,negative,False,unknown,Player asks why the game will not open.,
7255034827,tr,Themimarist,5,2021-04-23 15:08:28,Oyun 2 gündür çalışmıyor 11 pro max,2 gündür oyunu tıkladığımda oyundan atıyor,0,10.0.1,bugs_performance,negative,False,unknown,Game has been crashing immediately on launch on iPhone 11 Pro Max for two days.,
7251737531,tr,Gkcndmgc,3,2021-04-22 17:33:14,Açılmıyor,Son güncellemeden sonra oyun açılmıyor,0,10.0.1,bugs_performance,negative,False,unknown,Game stopped opening after the latest update.,
7198573771,tr,ksnxhhdjduejaıwknjdks,5,2021-04-08 14:56:08,Mükemmel,Mükemmel bir oyun tavsiye ederim.,0,10.0.0,praise,positive,False,unknown,Player calls the game excellent and recommends it.,
7178937622,tr,presbey,5,2021-04-03 13:58:11,Angry birs 2 yüklenmeyince,Oyun çook güzel angry birs 2 yüklenmediğinde yükleyebilirsiniz tavsiye ederim,0,9.10.0,praise,positive,False,unknown,Player enjoys the game and recommends it as an alternative when Angry Birds 2 won't install.,
7165349517,tr,snn demir,5,2021-03-31 07:11:59,Güzel,Güzel bir oyun yeğenim çok sevdi daha geliştirile. Bilir,0,9.10.0,praise,positive,False,unknown,"Player finds the game nice and says their nephew loves it, hoping it will be improved further.",
7097098893,tr,ldklsldokdsk,5,2021-03-13 05:59:53,Lütfen,Lütfen Angry Birds Star Wars ı geri getirin lütfennn,0,9.10.0,feature_request,neutral,False,unknown,Player requests that Angry Birds Star Wars be brought back.,
7086324203,tr,ljhgcc,5,2021-03-10 08:57:40,güzel oyun,beğendim güzel oyun,0,9.9.0,praise,positive,False,unknown,Player likes and enjoys the game.,
7061019107,tr,netaks,1,2021-03-03 15:48:22,Ok,Tamam Önceki seviye nerdeeeeee,0,9.9.0,ux_ui,negative,False,unknown,Player is asking where a previous level has gone.,
7007957633,tr,seren.12,5,2021-02-18 04:02:33,Süper,Harıka oyun,0,9.9.0,praise,positive,False,unknown,Player calls the game wonderful.,
6995642420,tr,akakakskdkaşqğsç,5,2021-02-15 02:37:43,çok iyi,yıllardır oynuyorum çok iyi elinize sağlık,0,9.9.0,praise,positive,False,veteran,Long-time player praises the game and congratulates the team.,
6920470453,tr,EcemOzturk,2,2021-01-27 17:05:59,PROBLEMS,you have a lot of problems about that does not fire tnt and does not fire arrow which help to pass levels,0,9.8.1,bugs_performance,negative,False,unknown,"TNT and arrow power-ups are not firing, blocking level progression.",
6844388502,tr,asdefkr,3,2021-01-08 07:59:09,Eskiler,Eski angry birds1´i geri getirin lütfen,0,9.8.0,feature_request,negative,False,unknown,Player requests bringing back the original Angry Birds game.,
6835292459,tr,korlasy,5,2021-01-05 21:16:53,Kendimiz kurubilsekte güzel olur,Kendimiz yerleştirip yıksak daha güzel olur,0,9.8.0,feature_request,positive,False,unknown,Player suggests a mode where users can place and destroy structures themselves.,
6817459767,tr,Ceren Su,5,2021-01-01 09:51:21,Gv,Hhu,0,9.8.0,other,neutral,False,unknown,Unintelligible review with no meaningful content.,
6750459156,tr,MgjFssjwgejvxdj,1,2020-12-13 22:41:03,Oynum da sorun var,Mrblar ben de severek oynuyorum ama domuzcuk kulesinden sonraki bölümleri acamadım malesef yardımcı olurmusunuz?,0,9.7.2,progression_difficulty,negative,False,unknown,Player enjoys the game but is unable to unlock levels after the Piggy Tower.,
6746501293,tr,njouno,5,2020-12-12 20:49:03,İdare eder,Oyun iyi fakat karakterleri para ile alıp biz seçebilelim,0,9.7.2,feature_request,positive,False,unknown,Player wants to be able to purchase and freely choose their own characters.,
6713957510,tr,uzunkafa,5,2020-12-03 18:58:05,Ok,Ok,0,9.7.0,other,neutral,False,unknown,Minimal review with no meaningful content.,
6662033956,tr,Güzel ama daha iyi olabilir,4,2020-11-19 08:46:01,Güzel ama daha iyisi olabilir,Çok güzel ama daha çok etkinlik olsa daha iyi olur.,0,9.6.0,live_events,positive,False,unknown,Player enjoys the game but wants more events added.,
6651802952,tr,çakars,1,2020-11-16 12:44:49,Hata,Yerçekimi yok gibi kuşlar ayarsız yükselmeye başladı,0,9.6.0,bugs_performance,negative,False,unknown,Player reports a physics bug where birds launch erratically without proper gravity.,
6647144688,tr,aslanwıngman,4,2020-11-15 07:13:54,Oyundan atıyor,"Bölüm bitiriyorum oyundan atıyor, kullandığım yardımcı elemanlar ve kuş jetonları eksiliyor ama sıralamayı kaydetmiyor 😡 aynı şeyi reklamlarda yapıyor, reklamdan sonra oyuna dönmüyor",0,9.6.0,bugs_performance,negative,False,unknown,"Game crashes after finishing levels, consuming power-ups and tokens without saving progress, and fails to return after ads.",
6617685336,tr,FCKING TWITCHHHH,5,2020-11-07 05:48:12,Harika çok güzel🤩🤩🤩👍👍👍🇹🇷,İyiki bu oyun var🤩🤩🤩👍👍👍🇹🇷,0,9.6.0,praise,positive,False,unknown,Player expresses enthusiasm and gratitude for the game's existence.,
6596966268,tr,meto16,5,2020-11-01 10:25:58,Eğlenceli,"Güzel, eğlenceli bir oyun...",0,9.6.0,praise,positive,False,unknown,Player finds the game fun and enjoyable.,
6558862314,tr,chjkluygkl,5,2020-10-21 15:03:58,Efsane,Efsane,0,9.6.0,praise,positive,False,unknown,Player calls the game legendary with no further detail.,
6538494700,tr,gülizar akbalık,4,2020-10-15 17:57:58,Gizli,Eğlenceli yani çok iyi bügün oynamaya başladım çok güzel bence,0,9.5.1,praise,positive,False,new,New player describes the game as fun and enjoyable after starting today.,
6360409590,tr,Şimdiki,5,2020-08-25 19:50:32,Çok güzel,Harika bence,0,9.3.2,praise,positive,False,unknown,Player briefly praises the game as great.,
6151818760,tr,MeteAdam,5,2020-07-03 10:10:46,İyi ama,Çok güzel oyun ancak iki saat beklemeniz gerekiyor,0,8.9.0,progression_difficulty,neutral,False,unknown,Player likes the game but notes a two-hour wait requirement.,
6131402657,tr,52 Muhsin 20,5,2020-06-28 10:08:33,Hıtsldkdk,Ben playstationdsn oynuyom,0,8.8.1,other,neutral,False,unknown,Player mentions playing on PlayStation with no further relevant context.,
6057750906,tr,angler46,1,2020-06-10 07:05:01,Sorunlu,Kuş vs. satmak için bazı bölümlerde sorun olduğu halde düzeltme yayımlanmıyor.,0,8.7.1,bugs_performance,negative,False,unknown,Player complains that known bugs in certain levels are not being fixed.,
6032965570,tr,Melek 01,5,2020-06-04 06:31:44,Muhteşem Harika,Muhteşem,0,8.7.1,praise,positive,False,unknown,Player describes the game as magnificent and wonderful.,
5996253181,tr,Elif Su 👱🏼‍♀️☠️,2,2020-05-26 13:31:43,Beğenme seviyesi 💘,Güzel bir oyun fakat yeni indirdiğim zaman oyuna girdim sonra yükleniyor dedi bir saatten fazla bekledim sinirlendim ondan dolayı2 yıldız verdim yoksa güzel bir oyun 💓💞🌠👽👍🏼,0,8.7.0,bugs_performance,negative,False,new,New player frustrated by excessive loading times exceeding one hour upon first launch.,
5914526645,tr,hgkhhjj,5,2020-05-07 12:06:32,😍 çok güzel 😍,Çok iyi bir oyun Rovio.,0,8.6.0,praise,positive,False,unknown,Player compliments Rovio on making a great game.,
5875551256,tr,vknjhffc,5,2020-04-28 14:56:01,Fight,Fight gelsin,0,8.6.0,feature_request,neutral,False,unknown,Player requests a Fight mode be added to the game.,
5854278167,tr,aslı SERT,5,2020-04-23 20:27:16,Çok güzel,Ben çok beğendim ve bence bu oyunu öneriyorum ❤️❤️❤️,0,8.6.0,praise,positive,False,unknown,Player highly recommends the game and loves it.,
5851719915,tr,Spoilerci -i,5,2020-04-23 08:06:02,Güzel,Oyun süper ama ileriki seviyelerin çok zor açılması sıktı,0,8.5.0,progression_difficulty,neutral,False,unknown,Player enjoys the game but finds unlocking later levels tediously slow.,
5221458210,tr,shnmusty,1,2019-12-01 14:56:19,new version is sucks,in the latest version the game is constantly error,0,7.6.1,bugs_performance,negative,False,unknown,Player reports constant errors in the latest version of the game.,
5195045040,tr,dylan7535,1,2019-11-25 09:57:48,Çok kötü olmuş...,Lütfen eski haline dödürün oyunu,0,7.6.1,other,negative,False,unknown,Player dislikes recent changes and asks for the game to be reverted to its previous state.,
5188528787,tr,Gokmenyuksel,2,2019-11-23 21:02:32,Şok geçiriyoruz...,Yıllardır ailece oynadığımız oyunun tüm arayüzleri değişti. Karmakarışık bir hal aldı. Iphone 11 ile bile kasıyor oyun. Lütfen acilen eski haline döndürün yada bir çözüm üretin. Yolunda gitmeyen birşeyler var.,0,7.6.1,ux_ui,negative,False,veteran,"UI overhaul made the game confusing and laggy even on iPhone 11, urging devs to revert changes.",
5175919590,tr,Redframed,1,2019-11-21 08:22:46,The worse update ever,I don’t understand why would you destroy your own app with this update. I lost my motivation to play after years of daily routin,0,7.6.1,ux_ui,negative,True,veteran,Player lost motivation to continue after a destructive update ruined their daily routine.,
4994042616,tr,işbank sever,5,2019-10-21 19:12:49,Angry Bird,Süper bir oyun.,0,6.0.5,praise,positive,False,unknown,Short praise calling it a great game.,
4973451058,tr,Yahova,5,2019-10-19 07:47:39,Stresimi ancak bu oyunla atabiliyorum.7 yıl oldu oynuyorum...,"Yaşıma göre değil amma, oynamaktan büyük bir haz alıyorum sevgiler",0,6.0.5,praise,positive,False,veteran,7-year player enjoys the game as a stress reliever despite feeling it's not age-appropriate.,
4752250985,tr,gazeteci32,5,2019-09-09 07:49:54,Eğlence,Mükemmel bir oyun,0,6.0.4,praise,positive,False,unknown,Brief praise calling it an excellent game.,
4573559250,tr,nicknick9984,5,2019-08-05 16:00:50,Efsane,Çok güzel,0,6.0.0,praise,positive,False,unknown,One-word praise calling the game legendary and beautiful.,
4560440903,tr,Dağdöşülü,5,2019-08-03 08:21:51,angry bırds,mükemmel 😁,0,6.0.0,praise,positive,False,unknown,Short positive review calling the game excellent.,
4480869055,tr,ahmet daki,2,2019-07-18 17:00:41,Ahmet daki,Buba niye 🚘 araba 🚘 çıkıyor,0,6.0.0,other,neutral,False,unknown,Player asks why cars appear in the game with no further context.,
4386016766,tr,Alpihan,5,2019-06-29 12:16:21,Super,Super,0,6.0.0,praise,positive,False,unknown,Single-word praise calling the game super.,
4106329342,tr,dünbekçi,5,2019-05-05 22:09:21,Harika,Çok güzel,0,5.8.0,praise,positive,False,unknown,Brief positive review calling the game great.,
4099647737,tr,liontamer23,4,2019-05-04 14:37:53,SÜPER OLMUŞ !..,Kaçırılmayacak Bir Oyun !..,0,5.8.0,praise,positive,False,unknown,Player calls it an unmissable game.,
4068882066,tr,Sekerat,5,2019-04-27 21:04:44,Sorun yok,SıKıcı değil......,0,5.8.0,praise,positive,False,unknown,Player notes the game is not boring.,
3789262802,tr,Neciper,5,2019-02-19 13:34:01,Comment,Great game of all times. Thank you guys.,0,5.4.0,praise,positive,False,unknown,Player calls it a great game of all times and thanks the developers.,
3564855575,tr,AndromedaN7,1,2018-12-23 20:52:52,All my progress lost,After consistent “no network please check your internet connection” error I deleted game and reinstalled. After almost 2 years All my progress so far got lost. Until it fixed my rating is 1 star.,0,5.3.0,bugs_performance,negative,False,returning,Persistent network errors forced a reinstall that wiped nearly two years of progress.,
3316366378,tr,Range Classic,5,2018-10-18 16:31:01,Başarılı,44 yaşındaki bir adam bu oyunu oynar mı? Oynar 😄,0,5.1.2,praise,positive,False,unknown,44-year-old player humorously admits enjoying the game.,
2437072084,tr,sülo53,5,2018-04-18 13:20:36,Çok teşekkür ediyorum süper,Bir oyun,0,4.5.0,praise,positive,False,unknown,Short grateful praise for the game.,
2031883677,tr,alipastos,5,2017-12-27 11:39:32,Good,Best game,0,4.1.2,praise,positive,False,unknown,Brief review calling it the best game.,
2015086944,tr,AS ........mükemmel,5,2017-12-21 15:55:10,Mükemmel ötesi,Çok seviyorum,0,4.1.2,praise,positive,False,unknown,Short positive review expressing love for the game.,
1972865665,tr,onfonur,5,2017-12-05 16:25:19,Kuşçuklar,Oyun harika tebrikler (ZEHİR),0,4.0.0,praise,positive,False,unknown,Player congratulates the team calling the game amazing.,
1964629082,tr,Kkkfseyolnbca,5,2017-12-02 11:21:47,Müthişşşşşş,Yıllardır oynuyorum zevkle tam,0,4.0.0,praise,positive,False,veteran,Long-time player expresses continued enjoyment of the game.,
1789713440,tr,smlkblmmn,1,2017-09-14 13:45:06,Kaydedemiyor,Saving deyip öyle bekliyor. Bir sürü altın harcattırıyor boşu boşuna.,0,3.7.0,bugs_performance,negative,False,unknown,Game gets stuck on saving screen and wastes players' gold coins in the process.,
1786648180,tr,Ala kurt,5,2017-09-12 13:24:41,Oyun,Hiç oynamadım bakacaz,0,3.7.0,other,neutral,False,new,"Player just downloaded and hasn't played yet, waiting to see how it is.",
1620877108,tr,Çelikdemirg,5,2017-05-22 08:41:23,Daha iyi olabilir,Kesinlikle,0,3.4.0,other,neutral,False,unknown,Very brief comment suggesting the game could be better.,
1565504618,tr,Ariza.li1i,1,2017-03-16 09:12:49,Sorunlu uygulama,"Sorunlu ,problemliOyunun en onemli bolumunde, uygulama aniden kapaniyor.bu cok sinir bozucu.ayrica surekli yavaslama ve donmalar da yasaniyor.bu sorun giderilmedigi takdirde 5 para etmez uygulama",0,3.2.1,bugs_performance,negative,True,unknown,"App crashes at critical moments and suffers constant slowdowns and freezes, threatening its worth.",
1544411826,tr,Zümrüduanka,4,2017-02-14 14:52:45,Help,Oyun güzel ama açılmıyo sorunumu giderirseniz sevinirim Apple,0,3.1.0,bugs_performance,negative,False,unknown,Game is not opening and player requests a fix from Apple support.,
1523577513,tr,UĞUR ÖZKÖK,5,2017-01-16 15:56:52,Enjoy and exiting!,"I love it. Very nice, thanks for your efforts.",0,3.1.0,praise,positive,False,unknown,Player loves the game and appreciates the developers' efforts.,
1519733807,tr,Heeywtqywkn,4,2017-01-11 08:51:01,Oyun,Güzell...,0,3.1.0,praise,positive,False,unknown,Short positive review calling the game beautiful.,
1503343493,tr,Burcurs,5,2016-12-17 05:17:28,Merhaba arkadaslar,Angry birds cok guzel bir oyun indirmenizi tavsiye ederim,0,3.1.0,praise,positive,False,unknown,"Player recommends downloading Angry Birds, calling it a great game.",
1501651664,tr,Marlin34,5,2016-12-14 10:12:19,Güzel,Haftada en az 2 yeni bolum.,0,3.0.0,live_events,positive,False,unknown,Player appreciates at least two new levels being added each week.,
1487722413,tr,Aişe'ye,5,2016-11-20 06:36:17,Best game ever😄,Harika bir oyun ancak bir dünya ug var 10 milyon bug bulduk⌚️🖥📲📱💻😞,0,3.0.0,bugs_performance,neutral,False,unknown,Player enjoys the game but reports encountering many bugs.,
1470375337,tr,Ali kaygisiz,5,2016-10-21 08:31:04,☺️,Super,0,2.8.1,praise,positive,False,unknown,Very brief positive review expressing enthusiasm.,
1469080173,tr,Boş oyun,4,2016-10-18 21:43:35,Mobilde daha etkinl oyunlAr olmalı,İyi işte,0,2.8.1,feature_request,neutral,False,unknown,Player suggests more engaging mobile content should be added.,
1431061206,tr,Bgermen,5,2016-08-11 13:12:55,Very good,Appealing,0,2.6.1,praise,positive,False,unknown,Player finds the game appealing.,
1395535599,tr,Enegin,5,2016-06-16 20:41:04,Bos vakit eglencesi,Kafa boşaltmak için ideal,0,2.5.0,praise,positive,False,unknown,Player says the game is ideal for passing free time and clearing the mind.,
1392838758,tr,Nforay,3,2016-06-11 20:41:32,Ehhh,Fena değil. Zaman iyi geçiyor,0,2.5.0,praise,neutral,False,unknown,Player finds the game decent and a good way to pass time.,
1392557570,tr,Yahooom,5,2016-06-11 09:52:45,Süperrrr,Her yeni bölümü merakla bekliyorum,0,2.5.0,live_events,positive,False,unknown,Player eagerly looks forward to each new level release.,
1391448942,tr,Bukebukebuk,5,2016-06-09 10:21:33,Hoş vakit,Stress atmak için iyi bir şey,0,2.5.0,praise,positive,False,unknown,Player finds the game a good stress reliever.,
1318720078,tr,Turkbuyugu,5,2016-01-19 02:36:29,Last version,Bring back the free power ups 👎👎👎👎👎,0,2.1.3,economy_rewards,negative,False,unknown,Player requests the return of free power-ups that were previously available.,
1307542589,tr,Cengiz Kılıc,1,2015-12-28 14:04:34,Mukemel,Cok güzel oyun bence oynamıya deger,0,2.1.3,praise,positive,False,unknown,Player considers the game excellent and worth playing despite the low star rating.,
1285133362,tr,BarışGökalp,5,2015-11-11 13:33:55,Oyun,Oyun güzel bayıldım,0,2.1.0,praise,positive,False,unknown,Player loves the game.,
1228042997,tr,Ricerd parker,5,2015-07-16 08:15:45,Angry birds frendes,Iyi Face de de oynanıyor,0,1.9.0,social_account,positive,False,unknown,Player notes the game also works well on Facebook.,
1216630979,tr,Bayyorum,5,2015-06-23 13:58:54,HASTASIYIZ DEDE!!!!!!!!!!!!!!!!!!!,Harika,0,1.8.2,praise,positive,False,unknown,Player enthusiastically praises the game as fantastic.,
1196590641,tr,AviatorFatih,5,2015-05-13 08:01:23,Good Game,👍👍👍,0,1.8.2,praise,positive,False,unknown,Player gives a thumbs-up rating with no further detail.,
1061182083,tr,Kfkilci,4,2014-09-08 20:51:01,Mantik nosyonu daha çok dikkate alinmali bence...,"Bazen oyun sonunda, bu kadar her turlu kurala aykiri seyi kurgulayan mantiga pes dogrusu demekten, insan kendini alamiyor dogrusu... ;-)",0,1.5.0,progression_difficulty,neutral,False,unknown,Player feels some game logic and rules seem unreasonable or arbitrary.,
970794842,tr,Mübembel,4,2014-04-03 20:45:10,Oğuzhan,İdare eder.,0,1.4.1,praise,neutral,False,unknown,"Player gives a lukewarm, passable rating with no elaboration.",
890277186,tr,Minimalist1,5,2013-11-02 08:48:40,Super,Arkadaşlarla kapışma harika,0,1.3.0,social_account,positive,False,unknown,Player finds competing against friends a great experience.,
888571273,tr,Mehmet.06,3,2013-10-28 20:16:05,2 bölüm nasıl geçiliyor,Bilen varsa bir cevap yazsın 2. Bölümün hepsi 3 yıldıZ ama bölüm değişmiyor.,0,1.3.0,progression_difficulty,negative,False,unknown,Player is stuck and unable to progress past level 2 despite three-starring it.,
869262142,tr,Bay koray,5,2013-09-12 20:34:22,Bay Koray,İşte benim oyunum,0,1.2.1,praise,positive,False,unknown,Player enthusiastically claims this game as their own favourite.,
853771748,tr,blnıyyegffjj,5,2013-08-14 07:32:24,angry bird,angry birds is a very good game,0,1.1.0,praise,positive,False,unknown,Player calls Angry Birds a very good game.,
844471198,tr,Oghmatr,5,2013-07-28 20:05:51,Çok güzel bir oyun,Çok eğlenceli ve güzel bir oyun,0,1.1.0,praise,positive,False,unknown,Player describes the game as very fun and beautiful.,
834276527,tr,Bahoby,5,2013-07-10 09:07:24,Angaralı birds,Süper oyundur sıkıntıya 1e1 tavsiye ederim,0,1.0.2,praise,positive,False,unknown,Player highly recommends the game and finds it super.,
823720678,tr,Taurusnarmolaya,5,2013-06-20 16:36:47,Cok Guzel,Super,0,1.0.2,praise,positive,False,unknown,Very brief positive praise for the game.,
818861369,tr,Bercinyusuf,4,2013-06-11 12:29:47,Güzel oyun,Bağımlılık yapıo aşama geçemeyince sinir ediyo,0,1.0.2,progression_difficulty,neutral,False,unknown,Player enjoys the game but gets frustrated when unable to pass levels.,
813686724,tr,Vezir avcisi,5,2013-06-01 10:17:09,Ang,"Harika bir oyun yani 1.200,e kadar 200 tanne olulrsa yldiz inizi düşurüm ona gore hemen düşün",0,1.0.2,praise,positive,False,unknown,Player calls it a great game but threatens to lower rating if stars drop.,
812065147,tr,İva66,4,2013-05-29 04:27:30,Always loading,I don't like how it loads the scores on the right side of the game area.,0,1.0.1,ux_ui,neutral,False,unknown,Player dislikes how scores load on the right side of the game area.,
809882713,tr,ercumania,1,2013-05-25 00:16:33,Hevesim kaçtı...,PC'de oynayanların çoğu hile yapıyor. Mozilla eklentisi var bunun için her şey sınırsız...,0,1.0.1,tournaments_fairness,negative,True,unknown,Player lost interest because PC players use browser extensions to cheat with unlimited resources.,
806343245,tr,Tyslts,5,2013-05-18 04:36:46,Guzel,Ellerinize sağlık...,0,1.0.1,praise,positive,False,unknown,Brief compliment thanking the developers.,
806152392,tr,Halid kök,5,2013-05-17 19:48:04,Eh işte,Daha yükleniyor güzel olabilir güzel olmayabilirde,0,1.0.1,bugs_performance,neutral,False,unknown,Player notes the game is still loading and is uncertain about quality.,
805578103,tr,Angry Human68,4,2013-05-16 16:04:37,Efsane olacak,Angry Birds onceki versiyonlari ile zaten efsane oldu. Bu versiyonda efsane devam ediyor. Beklentilerimizi fazlasiyla karsiliyor. Uzulmeyeceksiniz.,0,1.0.1,praise,positive,False,unknown,Player praises this version as continuing the legendary legacy of previous Angry Birds titles.,
803987241,tr,123122vg,5,2013-05-13 14:34:42,Giriş sorunu,Kaç gündür girebiliyorduk ama şimdi giremiyoruz. Neden acaba ?,0,1.0.1,bugs_performance,negative,False,unknown,Player reports being unable to log in for several days despite previously being able to.,
801726450,tr,Windyİstanbul,3,2013-05-09 15:19:45,Fena diil,Fena diil,0,1.0.1,other,neutral,False,unknown,Player gives a brief neutral assessment saying the game is not bad.,
799576072,tr,OsmanK.,1,2013-05-05 12:16:20,Facebook hatasî,Facebook baglan diyorum izinde veriyorum baglanmiyor cozumunu bilen var mi,0,1.0.1,social_account,negative,False,unknown,Player cannot connect to Facebook despite granting permissions and is seeking a solution.,
799525756,tr,Romadondurmacısı,1,2013-05-05 10:13:38,...,Ben olmuşum angry bird :),0,1.0.1,other,neutral,False,unknown,Very brief and unclear review with no actionable feedback.,
799328140,tr,blue1910,3,2013-05-05 01:49:12,Denemek lazım,Deneyelim görelim iniyor ...,0,1.0.1,other,neutral,False,unknown,Player is in the process of downloading to try the game.,
799119969,tr,Fk bitc,5,2013-05-04 16:54:04,Eh,Bedava bir uygulamaya göre fena değil yani sizde aman aman birşey beklemeyin onlar 12tl civarında parayı bas onları al,0,1.0.1,monetization,neutral,False,unknown,Player says the free version is acceptable but notes paid items cost around 12 TL.,
798631809,tr,Mühendis44,1,2013-05-03 21:48:48,Facebook olayina karsiyim,"Facebook hesabina baglanmazsa oyun oynanmiyor, Ben seninle neden sifremi paylasayim? Bu yuzden hemen sildim",0,1.0.1,social_account,negative,True,unknown,Player deleted the game because it requires Facebook login and they refuse to share credentials.,
798297834,tr,Aside23643,5,2013-05-03 07:28:22,Amazing,What a lovely game.,0,1.0.1,praise,positive,False,unknown,Player finds the game lovely.,
798283853,tr,zeydd86,1,2013-05-03 06:45:03,Begenmedim,İlk cikan angry birda ve rio guzel digerleri bes para etmez,0,1.0.1,other,negative,False,unknown,Player prefers the original Angry Birds and Rio over newer versions.,
798076210,tr,BlackFreez3,5,2013-05-02 21:15:09,İyi düşünülmüş,"Facebook arkadaşlarıyla rekabetin olması gerçekten hoş olmuş. Ayrıca yeni temalar, yeni özellikler, yeni kuşlar var :) Kesinlikle tavsiye ederim.",0,1.0.0,social_account,positive,False,unknown,"Player loves competing with Facebook friends and appreciates new themes, features and birds.",
798051169,tr,Togyyyy,5,2013-05-02 20:05:18,Süperrr,Olmazsa olmaz süper,0,1.0.0,praise,positive,False,unknown,Player calls the game a must-have and rates it as super.,
797917855,tr,Ebubekir :),5,2013-05-02 14:25:42,Super,İndir vakit kaybetme 😄😄😄,0,1.0.0,praise,positive,False,unknown,Player enthusiastically recommends downloading without hesitation.,
