reviewId,country,userName,score,at,title,content,thumbsUpCount,appVersion,category,sentiment,churn_risk,tenure,summary
8d1ca79d-0ee2-45e9-8727-b2184d29319e,us,John Iberson,5,2026-08-24 05:19:31,,love this,0,unknown,praise,positive,False,unknown,Player expresses simple love for the game.
030fa916-ba7a-46ed-a9bb-344c9ab0d5ce,us,Matthew Briggs,4,2026-08-24 01:16:40,,"Been playing the real Og recently and some stages are more unfair than I remembered/Almost impossible to 3 star even with powers, at which point it stops being fun. Sadly its not here and won't get balancing updates. I played AB friends on FB when it launched too. Personally, I feel like the physics and destruction is more satisfying than the og, but I'd still like it to be relaunched and updated.",0,14.6.0,progression_difficulty,neutral,False,veteran,"Veteran player finds some stages unfair and near-impossible to 3-star even with power-ups, and wishes classic AB would be updated."
cef21df5-f6a9-4930-92a3-44a631782bd2,us,Official Magar,5,2026-08-23 18:14:52,,nice game 💯,0,14.6.0,praise,positive,False,unknown,Player gives a brief positive endorsement of the game.
29fc2a0f-bf20-4f51-93e0-b8838907a647,us,Elie Wallow,5,2026-08-23 17:14:11,,I really love all the basic fun games like this five stars,0,14.6.0,praise,positive,False,unknown,Player loves simple fun games and gives five stars.
ec3f196f-c5f1-46df-92a1-1a0e2c35f47b,us,Kaleb Corado (Kale and spinach),5,2026-08-23 15:21:26,,cool geam,0,14.6.0,praise,positive,False,unknown,Player briefly praises the game as cool.
3eee3f46-599b-4f48-8f34-ee86731fff12,us,Ziporah Ngabirano,5,2026-08-23 15:04:22,,it is radical,0,14.6.0,praise,positive,False,unknown,Player describes the game as radical.
ffdb8d4e-bfa5-4618-aba8-0235e11a4a8a,us,Adan Campos,3,2026-08-23 14:52:41,,it's fun but we want all the classic games back plsss,0,14.6.0,feature_request,neutral,False,unknown,Player enjoys the game but requests the return of all classic game content.
acaa85e4-dc6f-49e0-96b4-fbc15b8995f5,us,SANJAY MISHRA,5,2026-08-23 13:51:57,,Have played this game before.Am playing it again.,0,14.6.0,praise,positive,False,returning,Returning player is back and enjoying the game again.
27e8da62-9b6c-4f70-beff-ea42413b9d24,us,Michael Amandy,5,2026-08-23 09:58:32,,Super fun and cool to,0,unknown,praise,positive,False,unknown,Player finds the game super fun and cool.
3e3aa0e0-8ec6-474d-8752-4f39faa6cb32,us,O Tselmeg,5,2026-08-23 06:56:37,,very good,0,14.6.0,praise,positive,False,unknown,Player gives a brief positive rating.
e31bfbd9-2334-4de3-b3a6-d3ba1ac56543,us,Kanagaraj Gunsekaran,5,2026-08-23 06:16:56,,super,0,unknown,praise,positive,False,unknown,Player gives a one-word positive endorsement.
9f73d22d-a1d2-4908-ac19-1f4548342fd6,us,Lena Binkley,5,2026-08-23 05:44:58,,so much fun!! my first time to playthis game!! I really like it!!;),0,14.6.0,praise,positive,False,new,First-time player is having a lot of fun with the game.
a4d87f45-5d3f-4e28-bf53-ff43129f7760,us,Leong Aik Yap,5,2026-08-23 04:35:22,,Nice game,0,14.6.0,praise,positive,False,unknown,Player briefly praises the game.
828ca3a2-300d-4b26-bdae-f4660c3f7a5a,us,Ryan,5,2026-08-23 01:01:36,,amazing 🤩,0,14.6.0,praise,positive,False,unknown,Player finds the game amazing.
47c9e3fe-def1-410d-8997-fbc53a135fb2,us,Zack Strydom,5,2026-08-22 19:47:42,,Just an absolute classic,0,14.6.0,praise,positive,False,unknown,Player describes the game as an absolute classic.
fa50039d-d0f1-463a-8a7d-712389c5110a,us,Joshua Rangel,3,2026-08-22 16:20:25,,"The game was practically good, although it would be better if you used the classic bird sounds.",0,14.6.0,ux_ui,neutral,False,unknown,Player likes the game but prefers the classic bird sounds over the current ones.
eda3bb94-f1a9-4ed7-8035-6f02090dba47,us,Andrew Pelechaty,5,2026-08-22 15:05:04,,So much better than AB2. No pressure to spend money or complete annoying Daily Challenges. As close as we'll get to the simplicity of the original game.,0,14.6.0,monetization,positive,False,unknown,Player praises the game for lacking pressure to spend money compared to AB2.
047720a8-be50-4d1d-b7e0-b75d062aafdc,us,Vinay Agnihotri (Radhe Radhe),5,2026-08-22 13:46:22,,radhe radhe,0,unknown,other,neutral,False,unknown,Review contains only an unrelated phrase with no game feedback.
5bf18100-9a63-44c9-b793-e78f971d95a5,us,Helen Wiley,4,2026-08-22 12:31:34,,It's not loading again.,537,14.6.0,bugs_performance,negative,False,unknown,Player reports the game is not loading again.
b3032337-e002-443f-8962-bacba0388217,us,Huda Drawi,4,2026-08-22 12:17:18,,❤️‍🔥❤️‍🔥🔥,0,14.6.0,praise,positive,False,unknown,Player expresses enthusiasm with fire and heart emojis.
0b08f6c9-3b87-4da6-a94f-b6883c55dfa3,us,Chintu Nellam chintu,5,2026-08-22 11:50:50,,good app,0,14.6.0,praise,positive,False,unknown,Player gives a brief positive endorsement.
3a781f19-75e7-461f-9777-bfc8866ca5e5,us,BELLARY SYED KHAJAMOINUDDIN,1,2026-08-22 10:45:05,,"looks like some issues with your game, i couldn't open, tried installing again and again, no use fix it",0,unknown,bugs_performance,negative,True,unknown,Player cannot open the game despite multiple reinstalls and demands a fix.
101370e8-e891-4f88-a87e-07c4bdceff4c,us,Temujin Munkhulzii,5,2026-08-22 09:58:16,,awsome spinoff game and hal is the goat,0,14.6.0,praise,positive,False,unknown,Player praises the game as an awesome spinoff and highlights Hal as a favourite.
56167d0e-7759-4595-80f9-b8353dd83d26,us,Sk Re juan,3,2026-08-22 08:53:59,,Very good 😊,0,unknown,praise,positive,False,unknown,Player briefly rates the game as very good.
69006cb6-86cd-4ec9-ba08-821b4872cb93,us,Em Maglian,2,2026-08-22 08:08:14,,more birds,0,14.6.0,feature_request,neutral,False,unknown,Player requests more birds be added to the game.
b4a9cf34-78e8-499b-ae00-fa7b0a81e35e,us,Deep saha Deep saha,2,2026-08-22 05:29:32,,good,0,14.6.0,other,neutral,False,unknown,Minimal review with a single word offering no useful detail.
277f1bc5-d653-42ba-a7c6-6eeb681ec938,us,Priyanka Tudu,3,2026-08-22 05:09:52,,can you fully play this game without network connection,0,14.6.0,feature_request,neutral,False,unknown,Player asks whether the game can be played offline without a network connection.
8ba2b5d7-6b36-4318-acc5-66f31fa4f76d,us,Ram Devi,5,2026-08-22 04:33:53,,very joyful game . after about 10 years I downloaded this game. it recovers my all childhood memories,0,unknown,praise,positive,False,returning,Returning player after about ten years finds the game nostalgic and joyful.
5f876f22-e435-4616-a6d7-7e7784a20929,us,Craig Brewer Jr.,5,2026-08-22 03:33:51,,"There's nothing to say really, except the Birds are f'N Angry",0,14.6.0,praise,positive,False,unknown,Playful one-liner expressing enthusiasm for the game's core premise.
5c72d9c5-c2df-42ff-98bd-2eb2cacddf39,us,Arian Barcelon,3,2026-08-22 03:29:13,,i just wanna rate a 3 stars because I don't have experience about this game.,0,unknown,other,neutral,False,unknown,Player gives three stars simply because they have no experience with the game yet.
c48e0024-34cd-4c3f-aa19-b918377f46be,us,Luka Abuladze,5,2026-08-21 22:31:51,,I liked this game Soo much! it's like Angry birds reloaded 2.0!,0,14.6.0,praise,positive,False,unknown,Player loves the game and compares it favourably to Angry Birds Reloaded.
6edb1387-b65e-4da5-a7ba-d922b484549b,us,Abner Nicolau,5,2026-08-21 18:12:44,,my favorite,0,14.6.0,praise,positive,False,unknown,Player calls it their favourite game.
83f6dcb5-60de-410f-abb9-1016a3b14858,us,Shahid Talukdar,1,2026-08-21 17:53:38,,it's a little potato game i regularly play pc game. pc game is Big potato game,0,unknown,other,negative,False,unknown,Player dismisses the mobile game as small compared to PC games they prefer.
dec188f3-4a74-44cf-9b9e-28d6211c9afe,us,Matthew Corcoran,5,2026-08-21 17:42:11,,🥰🥰🥰🥰🥰,1,14.6.0,praise,positive,False,unknown,Enthusiastic emoji-only five-star review expressing love for the game.
12aef53f-6e15-40a3-a262-a2469b5770b8,us,robin cimino,5,2026-08-21 15:14:59,,Love it!,0,14.6.0,praise,positive,False,unknown,Brief and enthusiastic expression of love for the game.
010ce94e-b23c-41a0-bc64-837a9232fff3,us,Jari Vil,5,2026-08-21 12:44:39,,Fun!!!,0,14.6.0,praise,positive,False,unknown,Player finds the game fun in a brief one-word review.
f299f72e-10a9-4939-9d24-3f7d5bb59c14,us,Muhammad Arshiyam,5,2026-08-21 10:03:13,,Very fun game good concept The way the make these funny noises is so funny,0,14.6.0,praise,positive,False,unknown,Player enjoys the fun concept and finds the bird sound effects amusing.
4386f0c4-6837-49af-a8bf-73607e4bef47,us,Brando Bunyard,5,2026-08-21 08:17:37,,Hoot of a time,0,14.6.0,praise,positive,False,unknown,Player describes having a great time with the game.
3a0eb44f-8070-425e-97da-50bba1da6863,us,Vann aiden chico,5,2026-08-21 06:37:54,,the birds and the graphics is amazing!,0,14.6.0,praise,positive,False,unknown,Player praises the birds and graphics as amazing.
81fafa1c-d586-47b8-a524-0c4debfb1f09,us,Johnny Boudreau,3,2026-08-20 21:26:24,,3.5 slow start,0,14.6.0,progression_difficulty,neutral,False,unknown,"Player notes the game has a slow start, giving it a middling rating."
a129952d-7f01-4f16-8f7b-3af16b2deeaa,us,Carly Waugh,5,2026-08-20 17:51:52,,banging,0,14.6.0,praise,positive,False,unknown,Single-word enthusiastic endorsement of the game.
89f84220-3ca2-43f0-9ee1-41670956896c,us,lemuel harry,5,2026-08-20 17:33:25,,fun and explosive collateral damage,0,14.6.0,praise,positive,False,unknown,Player enjoys the fun and destructive gameplay.
219c1ece-bd1d-4d11-9013-8848d094a371,us,Ali Zuhaib,5,2026-08-20 15:24:07,,wonderful game my fav...,0,14.6.0,praise,positive,False,unknown,Player calls it a wonderful favourite game.
2fa480c5-7323-4019-88d5-24bb3333ff94,us,Lucas DeGaetani,5,2026-08-20 11:47:04,,this game is something else,0,14.6.0,praise,positive,False,unknown,Player expresses strong positive sentiment about the game standing out.
72060abc-8e09-4538-8f03-0a6e71cd0b11,us,Marius Scappini,5,2026-08-20 07:28:53,,w game,0,14.6.0,praise,positive,False,unknown,Slang approval rating indicating the player thinks the game is great.
482da9a2-9188-489e-b542-65a082068331,us,James Blake,5,2026-08-20 04:48:06,,recommended for YouTube videos,0,14.6.0,praise,positive,False,unknown,Player recommends the game for YouTube content creation.
47a8f963-672d-4f6e-99ee-2c863651f6ee,us,siva kumar,5,2026-08-20 04:46:35,,cool and relaxation,0,unknown,praise,positive,False,unknown,Player finds the game cool and relaxing.
6438fc73-7f84-43d8-904e-591e008451e7,us,Anthony Caldwell,1,2026-08-19 19:34:59,,"Started out so well. Then more and more and more in-game ads, until I had to sit through multiple ads for each level, some of which crashed the game. Just as bad as previous versions. Rovio, what happened to you??",0,14.6.0,ads,negative,True,unknown,Player is frustrated by an overwhelming and escalating ad load that crashes the game and drives them away.
3d99aed0-27a1-44e1-9d72-477c1a8e05d5,us,obriam gutierrez,5,2026-08-19 18:51:03,,A Classic,0,14.6.0,praise,positive,False,unknown,Player appreciates the game as a classic.
42567f09-3d83-4d0e-a107-967d9808c555,us,babita kalita,4,2026-08-19 16:17:15,,this game is really good 👍😊,0,unknown,praise,positive,False,unknown,Player rates the game highly and finds it really good.
97e1e47c-e7db-434f-9bf9-1eb82f0711ed,us,Ramesh madagani babu,4,2026-08-19 14:44:26,,good,0,14.6.0,praise,positive,False,unknown,Brief positive rating with no specific feedback.
af501eeb-1e02-40b5-9816-eaf52b5677a6,us,Jeray Hernandez,5,2026-08-19 14:35:01,,i love angry birds my favorite childhood games :),0,14.6.0,praise,positive,False,unknown,Player expresses childhood nostalgia and love for the game.
2ceb730f-b7a9-48b2-be33-08896dc70fab,us,S. G.,2,2026-08-19 10:18:24,,When working properly its fun to play. In the star cup when I get the exploding pigs they never launch. The power up never launches. As of 8/19/2026 the exploding pigs power up is still not working and that causes a disadvantage when playing the star tournament.,0,14.6.0,bugs_performance,negative,False,unknown,"Exploding pigs power-up consistently fails to launch in Star Cup, creating a competitive disadvantage."
8625cf78-5f9e-45ca-991a-24297686fe45,us,Nasari Sahak,5,2026-08-19 07:40:52,,so fun,0,14.6.0,praise,positive,False,unknown,Brief positive review calling the game fun.
2d502eab-0b34-43d5-8266-1777d649492f,us,Rahul Sharma,5,2026-08-19 04:22:03,,best,0,unknown,praise,positive,False,unknown,Single-word enthusiastic endorsement of the game.
9ff89991-7d1c-42ca-ab2c-8e4ecd182c74,us,Zain Edward Alcober,5,2026-08-18 22:56:19,,good,0,14.6.0,praise,positive,False,unknown,Brief positive rating with no specific feedback.
afda0e15-ab08-40be-a47c-badc47c8e2b1,us,John,2,2026-08-18 16:50:47,,"Used to be fun but now before going to each level, there's a 5 second ad followed by a 5 second countdown timer followed by another 3second timer before u can close it. It's getting excessive and i will be uninstalling it.. i think its time to find something else guys",1,14.6.0,ads,negative,True,unknown,Player is uninstalling due to excessive and lengthy ads before every level.
209bedb2-e49d-445a-aa62-d6f3f5c8a28e,us,Michael Adekunle,1,2026-08-18 15:02:06,,"Don't download. they're scammer!!!! I downloaded the app and opened it, but it remained in a perpetual state of loading for approximately two hours. Don't waste your data.......",0,unknown,bugs_performance,negative,True,new,"App stuck in endless loading loop on first launch, player warns others not to download."
38615c6f-0e5a-4e09-9e0f-d4f28f486495,us,Michael Moroney,5,2026-08-18 14:41:18,,Microsoft version shut down why,0,13.1.1,other,neutral,False,unknown,Player questions why the Microsoft version was shut down.
4548901a-5c87-4320-ac02-440a44e75bdc,us,Atul Kumar,1,2026-08-18 08:26:21,,verry bad game don't download,0,14.6.0,other,negative,False,unknown,Strongly negative review with no specific reason given.
26cd8815-89cd-4be3-8f86-6c316e11aa10,us,sumithra anchil,1,2026-08-18 05:52:27,,It is not working,0,unknown,bugs_performance,negative,False,unknown,Player reports the game is not functioning at all.
8be74f90-3af7-408a-b13a-f7ca45d90132,us,Adrian Simeon Pabon Nardo,5,2026-08-18 05:27:52,,can you change the bird animations it looks so bad like less aniamtions even the birds look bland when they get hurt and not only that when I see the bride in the cage it's so bad but the game however is fun so I'll leave 5 stars but change the bird textures the pigs look good but I don't know but please this game is good but it's so stiff.,0,14.6.0,ux_ui,neutral,False,unknown,Player finds the bird animations stiff and textures bland but still enjoys the game overall.
a479d9ef-12b0-482d-988e-c36244899c05,us,Curtis Hooten,5,2026-08-17 23:31:31,,love it,0,14.6.0,praise,positive,False,unknown,Brief positive expression of love for the game.
329483d1-3f7d-41a2-b81b-bd367a5f89f0,us,Mahdi Fallah,5,2026-08-17 21:53:51,,I miss the og angry birds but this remaster is amazing. double thumbs up,0,14.6.0,praise,positive,False,unknown,Player misses the original Angry Birds but praises this remaster highly.
3f649c5a-622d-4a7d-b522-ac97d0cee626,us,Emma Louise,1,2026-08-17 13:35:59,,Pay 2 win,3,14.6.0,monetization,negative,False,unknown,Player dismisses the game as pay-to-win in a brief one-liner.
75b9da02-5400-47ae-8c48-4073c7b588df,us,Bhagat Singh,5,2026-08-17 10:15:58,,GOOD,0,14.6.0,praise,positive,False,unknown,Brief positive rating with no specific feedback.
12f0ff88-a5a3-4d3d-bfab-8acf594644a3,us,Siddhant Nardele,5,2026-08-17 07:52:02,,nice,0,14.6.0,praise,positive,False,unknown,Brief positive rating with no specific feedback.
324b5aba-4634-4249-bd66-3d436a08a7e0,us,grace tan,5,2026-08-17 07:41:16,,ts is the holy grail of games,0,unknown,praise,positive,False,unknown,Player enthusiastically calls it the best game ever.
fbae2a22-7feb-4a27-af31-c0e5fb33432a,us,Flin Gyan Itchon Masong,5,2026-08-17 01:14:52,,Good,1,unknown,praise,positive,False,unknown,Brief positive rating with no specific feedback.
9fa16fdd-73a8-4a14-bde3-2ef18a239b37,us,Aminu Usman,5,2026-08-16 22:58:11,,great app.,0,unknown,praise,positive,False,unknown,Brief positive rating calling it a great app.
518b897a-b3e5-4b69-9600-e109fcc33445,us,Butch Bullard,5,2026-08-16 21:11:56,,Great game,0,14.6.0,praise,positive,False,unknown,Brief positive rating calling it a great game.
45e93486-fb6e-4a6f-8cee-ee49374f887d,us,Michael Norris,5,2026-08-16 19:46:06,,"This game is really good but seriously Rovio, bring back the original Angry Birds please I'm starving",0,14.6.0,feature_request,positive,False,unknown,Player enjoys the game but explicitly requests Rovio bring back the original Angry Birds.
2c2d1613-887b-4677-a025-af7292f1e2d8,us,MD Bellal Hossen,5,2026-08-16 17:28:31,,A very beautiful game. I am enjoying playing the game.,0,14.6.0,praise,positive,False,unknown,Player describes the game as beautiful and enjoyable.
6fec3c19-eb3f-4764-ba1b-604b62d5e653,us,Guru G,4,2026-08-16 17:00:30,,good time pass,0,14.6.0,praise,positive,False,unknown,Player recommends it as a good casual time-killer.
7b251873-918d-4a8f-83bf-82004e47a7a4,us,Sarita Roy,4,2026-08-16 14:54:10,,my grandmother likes to play it. but I think bring the old OG angry bird back🫠,1,14.6.0,feature_request,neutral,False,unknown,Player notes their grandmother enjoys it but requests the original Angry Birds be brought back.
d7d2693b-607d-4f2b-9684-470e60ee55ee,us,Mohan Reddy s,5,2026-08-16 12:25:28,,good,0,14.6.0,praise,positive,False,unknown,Brief positive review with no specific detail.
c3f328f4-b849-430b-a67d-57d4512b3f7c,us,Archa VR,1,2026-08-16 11:27:08,,can't log in to app it is loading for a whole day,0,14.6.0,bugs_performance,negative,False,unknown,Player cannot log in due to endless loading.
aa98cc11-2247-4b8f-afdf-c3976f04fe61,us,Faatimah,5,2026-08-16 11:19:28,,It's a very cool game,0,unknown,praise,positive,False,unknown,Player finds the game very cool.
f75fb714-1bfe-469b-a963-714384d1b971,us,Alicia Ruvalcaba,5,2026-08-16 00:34:10,,I used to play this in 2023 it was the best game I've ever seen,0,14.6.0,praise,positive,False,returning,Returning player recalls the game fondly from 2023.
b22c8ba1-ce8f-49b0-8c3a-4645ce7a51fc,us,Henry MacMillan,1,2026-08-15 14:35:04,,"Absolutely terrible. I don't think this is a skill issue, as I played AB1, but a lot of the levels you HAD to use power ups to get 3 stars or even beat the level. On top of that, the power ups cost money that either you buy with real money, or you get basically none unless you get 3 stars. Barely similar to the original game.",1,unknown,monetization,negative,True,unknown,"Player complains levels are designed to force power-up purchases, making it pay-to-win."
0da04641-f2c2-4e2e-8660-0da9c6b2d40e,us,Mustafa Kemal Akkaṣ,5,2026-08-15 14:19:24,,so cool,0,14.6.0,praise,positive,False,unknown,Brief enthusiastic positive review.
877bf3ea-4e41-47d3-927e-7bf86575396a,us,Gaz Lodge,2,2026-08-15 12:20:03,,it's a good game but it's full of cheaters and bugs,0,14.6.0,tournaments_fairness,negative,False,unknown,Player enjoys the game but reports widespread cheating and bugs.
bef556a4-350a-4d52-ac7d-edaf7262207c,us,Debbie Hampton,5,2026-08-15 09:52:54,,I Like Angry Birds..,0,14.6.0,praise,positive,False,unknown,Short positive expression of enjoyment.
b1343da2-c9ee-4561-832c-d294bb32dd98,us,Chidanand Nagraj,5,2026-08-15 09:46:26,,good,0,14.6.0,praise,positive,False,unknown,Brief positive review with no specific detail.
6db8ab04-081d-4dd7-a112-a04333919bdf,us,anwarhossain khan,5,2026-08-15 08:59:52,,My favourite OG game,0,14.6.0,praise,positive,False,unknown,Player calls it their favourite classic game.
0b551a29-b748-4907-938d-48ff8dcb24e0,us,Danna Donnell,5,2026-08-15 05:57:18,,I want to say thank you ROVIO team for helping out with my other device. I was forced to uninstall and restart. you helped with recovering where I left off and I appreciate that. 12 stars for you my friends. thanks again. super game team.,26,14.6.0,social_account,positive,False,unknown,Player praises Rovio support for successfully recovering their progress after a forced reinstall.
095722cd-cd9f-4eb4-8aa5-8e139778f8ae,us,Steven Schmidt,5,2026-08-14 22:26:29,,fun,0,14.6.0,praise,positive,False,unknown,Single-word positive review.
0811348c-47ea-4cf7-b335-370f80613861,us,Trinidad Campos,1,2026-08-14 12:29:25,,"What happened? I lost my game! I was at level 225 on the tower and close to 1100 in tournament play! Now i am back at start and in a Red's club. I am so angry and disappointed. Aug. 14, 2026. I give up. This game freezes after viewing rewards videos. I have to reboot my phone each time just to play. And now I am getting ""package mismatch"" error messages. I quit. There are ALOT more advanced games out there I am ready to enjoy.",6,14.6.0,bugs_performance,negative,True,veteran,Veteran player lost significant progress and is quitting due to repeated freezes and errors.
2255b65e-faae-475b-aef8-ca32d48950bc,us,Chiu Owen,5,2026-08-14 12:17:24,,absolute of fun game,0,14.6.0,praise,positive,False,unknown,Player describes the game as absolutely fun.
89d8104e-d849-422a-b1a5-94621b555401,us,Shayan Dahri,1,2026-08-14 08:29:24,,ragebaiting pay 2 win game 😭✌️💔,0,unknown,monetization,negative,False,unknown,Player dismisses the game as a rage-baiting pay-to-win title.
07be8559-cfb3-4404-b072-d0a0ccbc1b8f,us,Ajuluchukwu Johnpaul,5,2026-08-14 05:44:41,,Nice game,0,14.6.0,praise,positive,False,unknown,Brief positive review.
d35a3da0-e490-44ad-9867-84de3520e1b0,us,Gejo George Philip,1,2026-08-14 03:48:33,,"after installing update even we completed a level and see a video for additional bird, game restarts and we lose the level....very disappointing...",0,14.6.0,bugs_performance,negative,False,unknown,"Post-update bug causes the game to restart after watching a reward video, losing level progress."
c70e2b9a-1d64-4cd7-9e33-57b52c598973,us,Jess Mcclelland,4,2026-08-14 03:15:37,,really like it 🙂,0,14.5.0,praise,positive,False,unknown,Player rates the game highly and expresses enjoyment.
1f89841c-4a27-4e3a-b1f1-2b1c6644e10e,us,odette g,5,2026-08-14 01:47:07,,me gusta 😎,1,14.6.0,praise,positive,False,unknown,Short positive review expressing enjoyment in Spanish.
9b3aa705-0cc2-40e5-a8ca-baa7c15e6d9a,us,shubham sukhdane,5,2026-08-13 17:22:15,,excellent game,1,14.6.0,praise,positive,False,unknown,Player rates the game as excellent.
d72acbe5-3517-4a23-9fe4-fcfc866caadb,us,Shubham Biswas,3,2026-08-13 14:53:36,,good,0,14.6.0,praise,neutral,False,unknown,Brief neutral-positive one-word review.
765f34aa-8d31-43ab-8309-90c0cc866394,us,Joa,5,2026-08-13 13:48:02,,Es lo mejor de todo,0,14.6.0,praise,positive,False,unknown,Player says the game is the best of all in Spanish.
946c6ac2-6886-46e4-b63b-e8a4f14f9c5d,us,E Rizka,5,2026-08-13 11:38:25,,ini sangat bagus⭐⭐⭐⭐⭐⭐⭐⭐,1,14.6.0,praise,positive,False,unknown,Player gives a glowing review in Indonesian calling the game very good.
86ca1e8f-7e9b-4fd7-8b04-c2d17d650ef5,us,Jk Tigno,5,2026-08-13 08:01:41,,you get all the maps compete anyone,0,14.6.0,praise,positive,False,unknown,Player highlights ability to access all maps and compete with anyone.
a717c182-0d01-4027-b7ad-eed92a6073fb,us,clarence vallangca,5,2026-08-13 07:13:01,,No ads just pure nonsense,0,14.6.0,ads,positive,False,unknown,Player positively notes the absence of ads in the game.
ea2d225c-4122-47a5-b4fb-476cf701c1a6,us,Reneshkumar Abi,1,2026-08-13 06:35:05,,worst,0,unknown,other,negative,False,unknown,One-word negative review with no specific detail.
8ebc5b2f-cc45-42fb-819f-a05bcbafe837,us,Nestor Zepeda,5,2026-08-13 02:30:11,,❤️❤️❤️❤️❤️,0,14.6.0,praise,positive,False,unknown,Player expresses love for the game with heart emojis only.
f932ce40-f646-411a-a03a-19acf14d4cab,us,Quincy Brown,5,2026-08-13 01:18:52,,"The game is alright so far, nothing to really criticize or bad to say about it.",0,14.6.0,praise,positive,False,unknown,Player finds the game fine with nothing negative to note so far.
9877df00-3a19-4df4-9b7f-ec5b82245cd0,us,Tookeet Alaska,5,2026-08-13 00:22:01,,"it's really really, really great game amazing",0,14.6.0,praise,positive,False,unknown,Player enthusiastically calls the game really great and amazing.
72128d9e-02e1-4f78-b3aa-6196e61dab23,us,ᏚᴀɴJꫝƳ,5,2026-08-12 14:03:38,,"how many angry Birds game come, this is OG❤️‍🔥",0,unknown,praise,positive,False,unknown,Player celebrates this game as the original Angry Birds experience.
f23c7e9e-9494-4a6f-b2f4-57fc53bc61c6,us,Bilal bilal,3,2026-08-12 12:51:15,,good 👍,0,14.5.0,praise,positive,False,unknown,Brief positive thumbs-up review.
0c0b0a70-fb68-4d3f-acc2-d572b48a5c43,us,Mikey Wazowski,5,2026-08-12 12:50:16,,i reach too many levels until i get so many birds that will be my coolest one,0,unknown,progression_difficulty,positive,False,unknown,Player enjoys progressing through many levels and unlocking birds.
246c793e-2d62-4428-8e7c-d3107422971c,us,Nagaraju Madi,5,2026-08-12 12:32:32,,it was very satisfying,0,14.6.0,praise,positive,False,unknown,Player finds the game very satisfying.
17a71e5e-5846-4fc5-b954-1b8c294d256c,us,emaans alt,5,2026-08-12 11:51:32,,super good and very nice to play if you're bored,0,14.6.0,praise,positive,False,unknown,Player recommends the game as a great boredom buster.
2588cc58-8434-4b76-989d-21611cea9ae6,us,Holly Keppel,4,2026-08-12 10:33:08,,"Unable to win lately. Something changed in the last month or so. Makes it harder to win 3 stars. Kinda makes me not want to okay anymore 😕 Update: that problem was fixed, but now another update on 1/27/22. Can't open the game since. Update to the update. 2026.... keep losing connection. Makes me lose my spot and I go allllll the way back to where I started. Seems to happen at 630am or 7am every few days.",40,14.6.0,bugs_performance,negative,False,unknown,"Player reports difficulty changes, inability to open the game after an update, and repeated connection drops causing progress loss."
431e8540-4584-4b11-a149-750dc0338d30,us,Robert Cvarovsky,5,2026-08-12 02:29:53,,Different from AG2 but I like it,0,14.6.0,praise,positive,False,unknown,Player likes the game despite it being different from Angry Birds 2.
5e0784ad-93b6-4c7c-aee7-cc8cb20af8d7,us,Elijah or eli Morrison,2,2026-08-12 01:36:20,,it is the best phone app but the worst enemy phone application whe. I feels like there is a wire tap listening and recording me all the time in the times of my life I have spent trying to make calls for works jobs. so I still spend my time with this appli atio . I play this game when I am alone at home in my own home. it gets me motivated to stay awake during Sunday morning.,0,14.4.0,other,neutral,False,unknown,Incoherent review mixing privacy concerns with mild praise for the game as a pastime.
7be5a825-df2f-4f70-8d9b-951e0dc8042e,us,Sam Achy,5,2026-08-11 11:47:34,,So far so good.. Great in time spender for waits at airports,0,14.6.0,praise,positive,False,unknown,Player enjoys the game as a time-killer during airport waits.
b1019d94-c40c-4fe9-81ad-19aaa793fd6f,us,Caleb Ball,5,2026-08-11 05:41:59,,one of the best games ever thank you 💯😀,0,14.6.0,praise,positive,False,unknown,Player calls it one of the best games ever.
250fc8a6-b1e5-4ac4-a226-857b082890c8,us,Doruk Akdülger,3,2026-08-10 16:50:22,,the leagues fully depend on pay to win. if you have more powerups you will get better scores. and to get power ups you need coins. if you dont have any of them getting good scores is impossible,0,unknown,monetization,negative,False,unknown,Player says leagues are pay-to-win because power-ups require coins and are essential for competitive scores.
2c8e1b96-217f-46de-985b-e10b97a369a5,us,Unais N,5,2026-08-10 16:49:48,,kollam,0,unknown,praise,positive,False,unknown,Single-word positive review in another language.
a89533e2-ec26-4e34-850a-77c504942771,us,shivam 007,5,2026-08-10 16:14:04,,nice game,0,unknown,praise,positive,False,unknown,Brief positive review calling it a nice game.
0c0dfc10-6e7e-43aa-9c30-82bf894aca5c,us,MD Sakib,4,2026-08-10 13:23:13,,"I think it's good for my passa time, But I cannot play it without Data/Wifi 🙂",0,14.5.0,bugs_performance,neutral,False,unknown,Player enjoys the game but is frustrated by the requirement for a constant internet connection.
6b63cfab-8303-4289-8bd3-a578930f9ba6,us,LKNANML,1,2026-08-10 12:18:38,,"Look up Monetary dark patterns. Sums the game up perfectly. Ok support. Your up. Buttons switch places and colors without are you sure you want to spend standard step, making you waste coins.Buggy garbage. Ads CONSTANTLY freeze the game. Physics CONSTANTLY change. I don't believe half of the good reviews. Play any other game in the series. This one is a glorified slot machine.",4,14.6.0,monetization,negative,True,unknown,"Player accuses the game of dark monetization patterns, confusing UI that wastes coins, buggy ads, and inconsistent physics, calling it a glorified slot machine."
304b0753-a6ae-4558-9e18-8984babcee83,us,ميور فريد,1,2026-08-10 12:08:14,,"THE ADS ALWAYS INTERRUPTED MY GAMEPLAY, ALL MY HIGH SCORES IN STAR CUP ARE GONE AFTER ADS PLAY. PLEASE SOLVE THIS!!!",0,unknown,ads,negative,False,unknown,Ads constantly interrupt gameplay and wipe Star Cup high scores when they play.
8750ccdb-9e5c-4d5f-8b36-4567cffbba23,us,Devadethan Mottu,5,2026-08-10 10:31:34,,good,0,unknown,praise,positive,False,unknown,Single-word positive review.
9a62f2a9-bde7-4265-a2f3-f2813a902d9f,us,Griffin Bautista,5,2026-08-10 06:28:22,,add silver plssssss,0,unknown,feature_request,neutral,False,unknown,Player requests the addition of a silver element to the game.
e46c7749-04cd-43a8-881f-6ab81222d597,us,Boob Noob,4,2026-08-10 03:35:58,,nice,0,14.6.0,praise,positive,False,unknown,Single-word positive review.
052260b3-a9ea-4c26-9288-18a747d30651,us,Moonstone Mama,5,2026-08-10 01:29:32,,love,0,14.6.0,praise,positive,False,unknown,Single-word expression of love for the game.
78617763-7ce9-4502-843e-c64f33c37208,us,Leon Allen,5,2026-08-09 23:34:08,,it's so fun for us it's like so fun and a good experience for kids and it's so fun,0,14.6.0,praise,positive,False,unknown,Player highlights how fun and kid-friendly the game is.
bac755cc-2a10-4caf-96af-a35da19e1c7e,us,Usman Khan,3,2026-08-09 22:56:39,,nice,0,14.6.0,praise,neutral,False,unknown,Brief neutral praise with no specific detail.
6edb5f74-131e-46cc-a4b2-2f942994e3c3,us,Grayson,4,2026-08-09 21:27:31,,"awesome game, the nostalgia levels are crazy. I don't understand how some people don't like this game. w game.✌️",0,14.6.0,praise,positive,False,unknown,Player loves the nostalgic levels and recommends the game.
84b0f30a-b16c-47c3-a577-c6902f8dd1c9,us,Karim Benfarhat,5,2026-08-09 20:02:36,,very fun music is ammmmmazzzzingggg,0,unknown,praise,positive,False,unknown,Player finds the game very fun and especially loves the music.
184903ca-91c0-49bd-a71e-cf3c2d384dad,us,Kabeer Inside,5,2026-08-09 19:31:34,,Nice,0,14.5.0,praise,positive,False,unknown,Brief positive one-word review.
99321b36-d5f1-48ec-9e21-58781ff5a02a,us,Raj Gadhavi,5,2026-08-09 15:56:12,,good game 🎮🎮,0,14.6.0,praise,positive,False,unknown,Short positive review calling it a good game.
a4bdc985-3a17-46da-a480-77afdbf2d07d,us,Xtreme Killer,1,2026-08-09 13:26:57,,passed the intro levels it immediately ramps up in difficulty to encourage buying power ups. trash game.,1,14.6.0,progression_difficulty,negative,True,unknown,"Player says difficulty spikes immediately after intro to push power-up purchases, calling it a trash game."
51677c8d-0deb-476a-b3fb-8c0588fa2ac9,us,Ahmad ariza zakaria,5,2026-08-09 12:18:56,,in the begining the game play eazy to play for me and for kids,0,14.6.0,praise,positive,False,unknown,Player finds the game easy and accessible for kids.
148bfcb2-188d-4435-8000-130d31db469c,us,Jico Ramos,5,2026-08-09 11:08:40,,"this game brings back all my memories as a kid. it's rlly a good game, the style is very good too, this is the best game to ever exist",0,unknown,praise,positive,False,unknown,Player praises the game for evoking strong childhood nostalgia and calls it the best game ever.
6d31abc4-6df9-4f2e-86aa-74894118b482,us,Tabassum Aktar,3,2026-08-09 10:07:50,,good game,0,unknown,praise,neutral,False,unknown,Brief neutral positive review.
165efacc-7e09-46b1-81fd-3f68d308ab4b,us,Douglas Nyaribo,5,2026-08-09 08:43:51,,great for relaxation,0,14.6.0,praise,positive,False,unknown,Player finds the game great for relaxation.
852ae8ff-94f9-451a-acd6-5d94515c833f,us,Abi Abinaya,5,2026-08-09 07:57:59,,excellent,0,14.6.0,praise,positive,False,unknown,Single-word glowing review.
feb13178-01b2-4d5b-abfe-03b212d05696,us,Gemma Seron,4,2026-08-09 07:20:40,,I hope if you comeback the Angry Birds Classic one! 😢😢😢,0,14.6.0,feature_request,neutral,False,unknown,Player requests the return of Angry Birds Classic.
ab51ee8d-b073-471f-a2f7-1f50aa966ab8,us,Govinda Reddy,2,2026-08-09 06:44:13,,app is not loading. it is not working for a couple of days and then it starts working again. Now it's been not loading from 3 days,0,14.6.0,bugs_performance,negative,True,unknown,"App has not been loading for three days, making the game unplayable."
e62f487c-eabf-4f1c-a6cc-8281f86c6953,us,Heather Jean Hoover-Shaw,3,2026-08-09 03:07:13,,"I was enjoying it, but I've reached level 60 & had to watch YouTube videos to find out how to solve it. No matter how precisely I follow the same steps, the belts never move so I can't complete it. Is this a bug? If so, please fix it. If not, please assess whether this level is solvable for most of your players. It's not fun if it's so hard that you have to play the same level for several weeks trying to get it exactly right. Also, I wish I could zoom in more. I can't tell what birds I'm using.",0,14.5.0,bugs_performance,negative,False,unknown,"Player suspects a bug on level 60 where belts never move, and also requests a better zoom feature."
fd532bf6-b1b5-422c-81b6-0b83a4cfd67d,us,Michael Sargood,4,2026-08-08 18:35:37,,lovely,0,14.6.0,praise,positive,False,unknown,Brief positive one-word review.
75577bc5-f520-4f0c-b3fb-b85e56f083b3,us,rathod meet,5,2026-08-08 17:35:00,,the best game for aver,0,14.6.0,praise,positive,False,unknown,Player calls it the best game ever.
eb020bec-a48e-4638-9b42-d3a74fdff921,us,Sarah Valdez Kazakov,5,2026-08-08 17:34:45,,it brings me back memories it's like the og angry birds,0,14.6.0,praise,positive,False,unknown,Player enjoys the nostalgia of the original Angry Birds experience.
b6197f31-b6c4-4c46-a039-9ca3c3e4fdf1,us,Ikj Dhammarathana,5,2026-08-08 10:27:26,,Good Game 🔪,0,14.6.0,praise,positive,False,unknown,Short positive review praising the game.
0963da66-ac58-4a15-948b-626bf8688ed3,us,kamal swami,5,2026-08-08 09:47:59,,absolute OG Vibes,0,14.6.0,praise,positive,False,unknown,Player loves the original classic vibe of the game.
13cc4426-e5a8-4237-8f93-794f96f7226f,us,Abhishek Banshkar,1,2026-08-08 05:22:59,,ok,0,unknown,other,neutral,False,unknown,Ambiguous one-word review providing no useful signal.
2ead80c1-c0c1-46ef-8794-4f89b1828343,us,Charlene Gregory,4,2026-08-08 02:57:10,,who doesn't like angry birds? lol. yes a fun game. nothing too complicated so it's mindless fun.,0,14.5.0,praise,positive,False,unknown,"Player enjoys the game for its simple, mindless fun."
b67a2351-e3fa-4b28-9b2e-6b9bcd626384,us,Dina Antiga,5,2026-08-08 02:07:56,,Good for kids learning physics,0,unknown,praise,positive,False,unknown,Player recommends the game as a fun physics learning tool for kids.
382e574a-732d-4fe3-a373-929ea62a3112,us,Chana York,3,2026-08-07 22:46:44,,I would give it 5 stars but half the time I watch a video to get help passing my board it freezes so I lose my board please fix,0,14.6.0,bugs_performance,negative,False,unknown,"Game freezes when watching a video for help, causing the player to lose their board progress."
52cf647e-a524-4f5a-8dfd-07f318f9484c,us,David Craig Owen,5,2026-08-07 20:24:06,,lots of fun when you are bored or have a few minutes to burn,0,14.6.0,praise,positive,False,unknown,Player finds the game a great way to pass time when bored.
ecfe0b6a-e968-4b6b-9b61-8f41db49d919,us,Christian Jesus Urbina,5,2026-08-07 19:40:03,,absolute peak,0,14.6.0,praise,positive,False,unknown,"Player expresses simple, enthusiastic praise for the game."
a5103dbd-a0b0-4f89-95dd-74e54ab163e4,us,Maimbo Hachibamba,5,2026-08-07 19:31:03,,this game is really awesome you have to try it 🤩,0,unknown,praise,positive,False,unknown,Player recommends the game as awesome.
a8a7b472-53a5-4646-b5fd-1ec19ea91ab5,us,Jafrin Hasnat,1,2026-08-07 18:24:57,,nothing beats the og angry birds but that rovio became greedy and deleted both angry birds classic and rio,0,14.6.0,monetization,negative,False,unknown,Player criticises Rovio's greed for removing Angry Birds Classic and Rio.
b171ef8f-c332-4c68-86e8-b2769afe1543,us,MD Imtiaj,5,2026-08-07 17:46:49,,nice game 🎮,0,14.6.0,praise,positive,False,unknown,Player gives a brief positive rating of the game.
bab69f09-cb97-4653-8c61-d3ea3820649c,us,Julius Adams,5,2026-08-07 16:39:25,,"It's a fun game, while just relaxing anywhere, really, have fun playing the game!",1,14.6.0,praise,positive,False,unknown,Player finds the game fun and relaxing to play anywhere.
e1ccafb1-db14-43d6-bc52-62b092851fce,us,Joseph Ichalla,4,2026-08-07 16:39:23,,I'll rate it 4 stars cus u removed the OG and also the OG soundtrack,0,14.6.0,live_events,neutral,False,unknown,Player docks a star for removal of original content and soundtrack.
cb50c465-1350-4487-b884-4c5846c82e35,us,First NMe,1,2026-08-07 16:39:14,,"games take much time to load, even Battle royal games takes few seconds to load ln my phone, while this shyt takes about 2-5 minutes.",0,14.6.0,bugs_performance,negative,True,unknown,Player reports excessively long load times of 2–5 minutes compared to other games.
229a151e-7cad-4386-8bc6-c18ad86c7473,us,Motorola Edge 60 MotoEdge60,5,2026-08-07 16:25:54,,I love it no adds,0,14.6.0,ads,positive,False,unknown,Player appreciates the absence of ads in the game.
9cc3b779-58c5-4166-9ed6-d2cd7caee5b0,us,SYED Ali,1,2026-08-07 16:15:27,,Before it was my favourite game but now it's garbage coz some of the levels impossible to complete now they've giving very hard task to complete level with few birds,0,14.6.0,progression_difficulty,negative,True,unknown,"Player says levels have become impossibly hard with too few birds, ruining a formerly favourite game."
a032e3a4-c69b-4851-bb2a-2f6c7f6a47fd,us,Jaswanth Rajapaksha,4,2026-08-07 13:44:51,,it's an good game for me because I'm started to play this game at my childhood it's very enjoyable game,0,unknown,praise,positive,False,veteran,Long-time player since childhood finds the game enjoyable and nostalgic.
fedaa3df-b5b2-44cc-a9f4-19514c5d6db1,us,Diane Weir,1,2026-08-07 13:42:36,,Use to love this game been playing it for some years.. and now all it does is freezes all the time so you can't play also freezes my phone so annoying.... still playing on this thing spent lot of money on this over the years now ive noticed in a week while playing you dont get freebies anymore like you use to..🤔,2,14.1.0,bugs_performance,negative,True,veteran,Veteran spender reports constant freezes and a notable reduction in free rewards over time.
99f6faef-c520-4348-aae0-324a7cd637d9,us,Free apk,5,2026-08-07 11:47:14,,best game,0,unknown,praise,positive,False,unknown,Player gives a simple best-game endorsement.
b4450404-e720-41b7-850b-5869b91aa150,us,Brittany Karau,1,2026-08-07 10:35:05,,You used to not have to use power ups and now its impossible not to,0,14.5.0,progression_difficulty,negative,False,unknown,Player complains that levels are now impossible without power-ups unlike before.
e197bb83-3e6b-45c9-ac27-6a334b089d71,us,Gumilang Gumilang,5,2026-08-07 05:23:48,,Very fun .,0,14.6.0,praise,positive,False,unknown,Player briefly praises the game as very fun.
893dddb0-c4d6-40d0-8f18-07e37ee03b0a,us,Devin Houck,4,2026-08-07 04:05:57,,"This is a nostalgic game for the original game, but I could be better with more things... like custom levels, some bad piggies content (example: pigs in cars in some levels), etc.",1,14.6.0,feature_request,neutral,False,unknown,Player requests custom levels and Bad Piggies-style content to improve the game.
934d1b22-6ebe-4f44-99c8-f2e3f4133f10,us,B Mac,3,2026-08-07 02:31:20,,"It's fun when it works but it's almost like they are just trying to get more money by lowering the ""friends"" prizes and adding more games.",0,14.6.0,economy_rewards,neutral,False,unknown,Player suspects Rovio is cutting friend prizes to drive more monetisation.
11dd9683-38a9-44d4-a24a-01e5bb655583,us,Marivic Brizo,5,2026-08-07 02:01:18,,I'm having fun,0,14.6.0,praise,positive,False,unknown,Player simply states they are having fun.
695fa036-22a3-41d4-9ba3-8e5b679389f2,us,Lora Zimmerly,5,2026-08-06 23:50:13,,it's fun,0,14.6.0,praise,positive,False,unknown,Player gives a brief positive review calling the game fun.
102ec85e-9dc5-4e93-aadb-7ab3d9dd5ba6,us,Yasmin Moustafa,5,2026-08-06 20:30:43,,literally my fav game since i was a kid,0,14.6.0,praise,positive,False,veteran,Player calls it their favourite game since childhood.
c755a8f9-f3d2-42a2-9136-f90a95d20b11,us,Methika Sadusha,5,2026-08-06 18:46:32,,i used to play the og version when i was a kid . now its not the same but still nostalgic ^_^ i miss the old times,0,14.6.0,praise,positive,False,returning,Returning childhood player finds the game nostalgic despite it being different from the original.
14182921-ac0c-4839-ac43-cc79ed818bc1,us,Arun _V_,5,2026-08-06 16:45:44,,getting back into past memories,0,14.6.0,praise,positive,False,unknown,Player enjoys the nostalgia of revisiting past memories through the game.
5f5887b1-b8c6-4622-8d8a-e858a59034ed,us,xXSamSandeich830Xx,5,2026-08-06 14:25:06,,"Dear Rovio, this is one of the greatest game I ever played, there are no ads during the gameplay, and i also love the art style of the game, is like the original Angry Birds but even better! Is a awesome and great game, highly recommend!",0,unknown,praise,positive,False,unknown,"Player praises the game's lack of gameplay ads, art style, and overall quality."
8176c2be-4eb7-49d3-b75d-8441a21b94f5,us,Patricia Avalos,5,2026-08-06 14:15:01,,FUN 😁,0,unknown,praise,positive,False,unknown,Player expresses simple enthusiasm for the game.
8e48269f-68fe-47ef-8d82-54dd056fe831,us,Abhishek Jadhav,4,2026-08-06 12:32:18,,super game,0,unknown,praise,positive,False,unknown,Player gives a brief positive review calling the game super.
0d487f3f-bb22-41a7-88cd-eb831ae04d6a,us,Walter Johnson,5,2026-08-06 11:35:36,,fun fun fun,1,14.6.0,praise,positive,False,unknown,Player enthusiastically describes the game as fun.
d927aa1c-b570-4834-83ec-bf2431f1269b,us,Suklal Das,3,2026-08-06 10:09:58,,"it is good,but we miss the old angry birds. If you guys want to make it enjoyable then add lively sea beach in the background and add some boats. Don't try to make it techy.It should be natural, connect it with the beauty of nature and wide area view with details.",2,14.6.0,feature_request,neutral,False,unknown,Player misses classic nature-themed visuals and requests scenic backgrounds like beaches and boats.
62b3d36c-a39e-4ba2-9872-16e4fd01e1fa,us,Fishingman21,5,2026-08-06 07:53:23,,one word nostalgia,0,14.6.0,praise,positive,False,unknown,Player expresses pure nostalgia for the game in one word.
fc760d5b-d302-4b5f-8d97-0a30464757a9,us,MrWoodywodpecker,1,2026-08-06 06:52:00,,Every time when i watch an add for power up reward the game freezes itself so i had to restart it. This game offered me a lot of fun but now it is impossible to play. whit every update the thigs go more wrong. Can you do something about that.,1,14.5.0,bugs_performance,negative,True,unknown,"Game freezes every time an ad is watched for a power-up reward, worsening with each update."
a543850c-affb-4d9e-afd6-89a196caf87c,us,Soheil Aghamohseni,5,2026-08-05 23:05:25,,doesn't have any glitches compared to Angry Birds 2!,0,14.5.0,praise,positive,False,unknown,Player praises the game for being glitch-free compared to Angry Birds 2.
13eed60e-71a9-43d8-ae1e-f048d80abf65,us,nurhan,3,2026-08-05 20:18:36,,it's all good but the same PROBLEM that i ALWAYS occur is when the game would froze and won't let me do ANYTHING after I WATCH AN AD to get a power up. This is very NOT FAIR ROVIO. FIX THIS PLEASE. ITS BEEN DOING THIS FOR YEARS and it feels rigged.,0,unknown,bugs_performance,negative,False,unknown,"Longstanding bug causes the game to freeze after watching an ad for a power-up, which player calls unfair."
3c8c7d0e-bbcb-45f4-9544-7cffb83a1ae8,us,Sandra,5,2026-08-05 19:27:56,,such a good time playing it,1,14.6.0,praise,positive,False,unknown,Player simply expresses enjoyment of the game.
6eb07010-eaed-4cdd-a8d9-7b592d7b5520,us,Fahad,1,2026-08-05 18:40:29,,"Excessive Ads have ruined this game, even restarting the level plays an Ad now and on top of that after the Ad is done the game gets stuck because of the ad and all progress is lost, Uninstalling, It was good while it lasted",1,14.5.0,ads,negative,True,unknown,Excessive ads on every restart combined with post-ad freezes and progress loss led player to uninstall.
4ae99981-3add-48cd-a97c-73b0174ea4e8,us,Pharmacist Medical,2,2026-08-05 16:49:30,,good👍,0,14.5.0,praise,positive,False,unknown,Brief positive rating with minimal comment.
cf7d985a-3abb-4e68-b8cb-ddb08e7e19c6,us,Antquane Thomas,5,2026-08-05 12:02:57,,its great and its my new favorite game to play,0,14.6.0,praise,positive,False,new,Player says it is great and has become their new favorite game.
098c956b-069e-4fc2-842a-ddbd01714fdc,us,Daumantas Navickas,1,2026-08-05 11:46:41,,multitask split screen stopped working,0,14.6.0,bugs_performance,negative,False,unknown,Multitask split-screen functionality has stopped working.
9045eb6a-5c77-4ffc-a54a-3eeb0a93639f,us,Sheh Rivera,5,2026-08-05 10:28:10,,this is the og angry birds i absolutely like it,0,14.5.0,praise,positive,False,unknown,Player appreciates the game as the original Angry Birds experience.
067eb91a-3e8c-4e82-be1a-d895546e6ff7,us,Maya Spilkucic,5,2026-08-05 07:31:25,,It is so much fun and Iconic 👍👍👍👍👍👍👍👍👍👍👍👍👍👍👍👍👍👍👍👍👍👍👍👍👍👍👍👍👍👍👍👍👍👍👍👍👍👍👍👍👍👍👍👍👍👍👍👍👍👍👍👍👍,0,14.6.0,praise,positive,False,unknown,Player finds the game fun and iconic.
2e5b8905-d366-4d81-8e0f-104cb8372c34,us,Vandolf Camaso,5,2026-08-04 17:52:53,,"fun , enjoying",0,14.5.0,praise,positive,False,unknown,Player describes the game as fun and enjoyable.
60eb0f41-36cc-4333-8cb3-cc322648235f,us,Manuel Cisneros,5,2026-08-04 17:49:53,,I like it,0,14.5.0,praise,positive,False,unknown,Player briefly expresses liking the game.
ded0bad2-11ef-40ce-ab7b-36d49999d3cd,us,Ken Azad Mohammed,4,2026-08-04 17:48:36,,"it,s a good game I like how it is iconic i had fun with kinda hard but I still like it if you are reading this you should try it it,s fun",0,14.5.0,praise,positive,False,unknown,Player enjoys the iconic game despite finding it somewhat challenging and recommends it to others.
d4f90bfa-c9f7-466d-bc28-3a29fdafb5dc,us,Anjali Shinde,5,2026-08-04 17:06:10,,good,0,14.5.0,praise,positive,False,unknown,Player gives a simple positive one-word review.
81a8d242-e408-4bd6-8299-89e7f2a483e0,us,Summa Urgent,5,2026-08-04 16:54:47,,good game 🎮🎯,0,14.5.0,praise,positive,False,unknown,Player briefly calls the game good.
2709dcfd-f751-4b12-90c8-240b42cd8db4,us,Menaka Senavirathna,1,2026-08-04 16:40:08,,wast of time,0,14.5.0,other,negative,True,unknown,Player dismisses the game as a waste of time.
f8f9cb2b-432f-4d6e-b505-3caa697c5fd0,us,sumaya khatun,5,2026-08-04 15:58:24,,best game of world,0,unknown,praise,positive,False,unknown,Player calls it the best game in the world.
48792a11-01e3-40fd-a87a-28e434f01790,us,Haitem Haitem,1,2026-08-04 13:05:15,,doesn't work,0,unknown,bugs_performance,negative,True,unknown,Player reports the game simply does not work.
ff3eeb48-f843-4ee6-8401-066b24b09fb5,us,LKNANML,2,2026-08-04 13:03:45,,Buggy ads that CONSTANTLY freezes AFTER the ads across devices. Random walls of give us more money to keep playing. The more they update the more unstable it gets. I really miss their older versions that they removed.,0,14.5.0,bugs_performance,negative,False,unknown,"Buggy ads that freeze the game after every ad, combined with increasing instability and aggressive monetization prompts, frustrate a player who misses older versions."
e5bac2f6-92d1-43a4-9a14-13d4dde332c1,us,Ralph's Micheal,5,2026-08-04 10:23:47,,I love this game,0,14.5.0,praise,positive,False,unknown,Player expresses simple love for the game.
0174484f-086a-4e76-b26a-30933ca6208b,us,Jug Knezevic,5,2026-08-04 10:06:38,,this is much better than angry birds 2!,0,14.5.0,praise,positive,False,unknown,Player rates this game higher than Angry Birds 2.
bf95fe1e-bc45-4cc6-94db-48f244a8f149,us,Essam El Swes,1,2026-08-04 09:49:33,,"Another game issues firstly, angry birds friends on Google Play doesn't work secondly, I downloaded old angry birds friends from uptodown and it kept crashing so please fix this game.",0,13.6.1,bugs_performance,negative,False,unknown,Game does not work on Google Play and keeps crashing on an alternative download source.
2ca812bf-4de3-4690-97a6-634addda6690,us,FORTUNE Nthakomwa,5,2026-08-04 09:04:53,,EVENTS AND CHALLENGES,0,14.5.0,live_events,positive,False,unknown,Player enthusiastically highlights events and challenges as a positive feature.
f6e4be06-4d8c-4867-9349-a7237b6b4eb7,us,Rahman,1,2026-08-04 08:23:48,,bad experience 💔,0,unknown,other,negative,False,unknown,Player had a bad experience with no further detail given.
c4ac0132-b4e8-47cf-8639-020299a93bd6,us,Gary Andrews,3,2026-08-04 06:49:20,,infuriating how this game continues to freeze & the owners either don't know how to fix it or can't be bothered. shame because when it works it is quite entertaining,0,14.5.0,bugs_performance,neutral,False,unknown,"Game repeatedly freezes and the developer appears unwilling or unable to fix it, despite being entertaining when it works."
5da63e7d-8590-49f0-ada8-f2a7e8e2f029,us,SHAMAL DEVON SLEGERS,5,2026-08-04 04:34:18,,funny,0,14.5.0,praise,positive,False,unknown,Player finds the game funny.
a6983937-cffb-4211-972b-b3421c394ebe,us,toshit patidar,5,2026-08-04 03:45:31,,one of the most calm yet engaging games ever!!,0,unknown,praise,positive,False,unknown,Player praises the game for being calm yet highly engaging.
ca0855c4-2f6f-4245-844a-24c8010984c1,us,Marimar Manlusoc,5,2026-08-04 02:51:51,,it's fun to play,0,14.5.0,praise,positive,False,unknown,Player simply says the game is fun to play.
32ec6755-4f1b-47b3-8c28-21b096aafeb1,us,Dawn Higgins,5,2026-08-04 02:45:55,,"It fun , and a good way to relive stress",1,14.5.0,praise,positive,False,unknown,Player enjoys the game as a fun stress reliever.
c34197f8-0f15-4039-a58e-f25e947bcc52,us,Matthew Arvelo,5,2026-08-03 17:23:40,,I love this,0,14.5.0,praise,positive,False,unknown,Player expresses simple love for the game.
ab3bbb25-2d5c-47cb-9dd1-3b6cf58615b8,us,Ken,3,2026-08-03 00:54:23,,lousy game,0,14.5.0,other,negative,False,unknown,Player briefly dismisses the game as lousy with no further detail.
73374d24-df88-4e75-9e6e-14240d23d304,us,Pathwalker,4,2026-08-03 00:27:51,,Good fun,0,14.5.0,praise,positive,False,unknown,Player finds the game good fun.
d60dafbc-b66b-4586-930f-68c10450e8e1,us,Zoya Khan,3,2026-08-02 12:10:53,,it's good.,0,14.5.0,praise,neutral,False,unknown,Player gives a mildly positive but unenthusiastic assessment.
6067fd24-8aa0-433d-aa11-93f4195d9019,us,Master Km13,5,2026-08-02 11:56:36,,Great game I like this game very much,0,unknown,praise,positive,False,unknown,Player says it is a great game they like very much.
020bc81e-346f-45b5-98c8-ac1922111072,us,Saranya sankaran,5,2026-08-02 08:43:01,,very usefull for realise stress😀😁🙂🙂,0,unknown,praise,positive,False,unknown,Player finds the game very useful for stress relief.
929327f6-b279-4fa6-b97e-832627bf5899,us,dennisius dennis,5,2026-08-02 04:42:55,,😁😁😁😁✅️,0,14.5.0,praise,positive,False,unknown,Player expresses positive feelings through emoji only.
30ddc1d6-e614-4840-bf62-032a6aa9fd40,us,Swastika B,1,2026-08-02 03:50:39,,"you people just lag. if I choose for any ad for any reward it doesn't start again. it's just stuck. I lose all progress, all the time.",2,14.5.0,bugs_performance,negative,False,unknown,"Ad videos freeze the game, causing the player to lose all progress repeatedly."
533033b7-eb43-4dfb-872d-fbaae566b096,us,Mitchell Feinstein,1,2026-08-01 20:34:17,,Not a fun game anymore. Very annoying to play now. A lot of changes from my previous review back in 2019. I'm thinking of uninstalling if things don't change. My post from yesterday was somehow deleted. I went into even more detail than this. Let's see if this one gets deleted.,3,14.5.0,live_events,negative,True,veteran,Long-time player notes many unwelcome changes since 2019 and is considering uninstalling if things do not improve.
c5e27d8d-e12f-4f23-b6e4-ae1edb1e971a,us,Pavel Kavalchuk,4,2026-08-01 17:49:06,,Classic,0,14.5.0,praise,positive,False,unknown,"Player describes the game with a single positive word, 'Classic'."
cbd8da47-1cec-44be-a56c-6c0abdf2fa64,us,Jennifer Wood,1,2026-08-01 13:22:28,,This one level is 100% immobile I oly had 3 birds and one pig was so far away that it was very hard to hit do to the unmount of stuff in the way.,0,unknown,progression_difficulty,negative,False,unknown,Player finds one level nearly impossible due to a distant pig and too many obstacles blocking the shot.
01c31e95-85fc-46f4-8c23-5c4383ce72d7,us,elizardo polanco,5,2026-08-01 12:41:37,,This is the best of the Angry Birds Series!! Enough said!! Highly recommend to play and have a blast!!,0,14.5.0,praise,positive,False,unknown,Player declares this the best Angry Birds title and highly recommends it.
1e105028-a359-4a2d-a9f3-f568b2845018,us,Efren Diolosa,5,2026-08-01 09:49:40,,ABSOLUTE 💎💎,0,14.5.0,praise,positive,False,unknown,Player gives the game an enthusiastic gem-rated endorsement.
c3d03d51-6cce-4224-b1a6-8da45cac2439,us,Ilja Zib,4,2026-08-01 08:51:39,,I will add 5/5 stars if they add MIGHTY EAGLE!,0,14.5.0,feature_request,neutral,False,unknown,Player wants Mighty Eagle added before awarding a full five-star rating.
c90ff774-fc45-4ff3-a290-6ae5cce5be6d,us,Humza 313,5,2026-07-31 21:15:06,,best game I ever played in my life,0,14.5.0,praise,positive,False,unknown,Player calls it the best game they have ever played.
b91cbe5f-66a5-466d-980c-d7df139faeac,us,mohmmad Shaikh,5,2026-07-31 18:52:30,,best time pass game,0,14.5.0,praise,positive,False,unknown,Player recommends the game as a great time-passer.
d430454e-7bde-420f-a9fc-cd9dbccd8b0c,us,Wildan Lukman,5,2026-07-31 15:53:30,,my old game btw,0,unknown,praise,positive,False,returning,Player notes this is an old favourite game of theirs.
1e97cabf-9774-4d3b-8749-36d24cf44239,us,Elizabeth Garcia hip hithip ujio9999o r,5,2026-07-31 15:15:51,,this game reminds me of the classic og angry birds game,0,unknown,praise,positive,False,unknown,Player enjoys how the game evokes the classic original Angry Birds experience.
b2d50e4c-91c1-4ec8-a090-01b82fef34b0,us,Daksh SHARMA,5,2026-07-31 14:31:40,,good game as always,0,14.5.0,praise,positive,False,unknown,Player gives a brief positive endorsement saying the game is as good as always.
d021e9ba-b23d-4581-ab8d-ba5b8edf4fba,us,Mayilvaganan Nkl,5,2026-07-31 06:19:27,,super vera leavl ❤️💕💕💖💖💖💕💖,0,unknown,praise,positive,False,unknown,Brief enthusiastic praise with heart emojis.
55edac7a-16d3-436d-836d-dc888f0a3607,us,Fam Rippey,4,2026-07-30 23:43:47,,This game has normal angry birds and that's why I play. I tried AB 2 and it was Pay2Play 100%. This game is a much better alternative.,1,14.5.0,monetization,positive,False,unknown,Player prefers this game over AB2 due to its less aggressive pay-to-win monetization.
08ecfe85-dcb8-4952-aa39-527628d36c1c,us,Olga Cruz,5,2026-07-30 18:15:05,,it's easy but fun I love the abilities good job=),2,14.5.0,praise,positive,False,unknown,"Player finds the game easy, fun and enjoys the bird abilities."
b4c9ea0d-a186-476b-b71a-92ec2bc355d9,us,Nancy Gilliland,5,2026-07-30 16:36:15,,I love this game. Very good fun and addicting.,1,14.5.0,praise,positive,False,unknown,Player loves the game and finds it fun and addicting.
b0c111f2-35df-4efb-b6a3-a654f9bb8a29,us,Probodh Shiuli,4,2026-07-30 15:15:02,,good,0,14.5.0,praise,positive,False,unknown,Short positive rating with no elaboration.
8d7c6d0e-5dd4-4673-803e-aca3df32a6e6,us,Brian Goldsworthy,3,2026-07-30 12:58:38,,it is an alright game but you gotta bring back the OG first angry birds,0,unknown,feature_request,neutral,False,unknown,Player thinks the game is alright but wants the original Angry Birds brought back.
2592f6dd-fe8f-4ef5-a4ed-e0aff7216474,us,Novonita Sarkar,5,2026-07-30 11:42:36,,excellent game,0,14.5.0,praise,positive,False,unknown,Simple one-word praise calling the game excellent.
01c41488-ff9e-4f13-aae2-aad5c6dbfcca,us,Angela Mcdaniel,5,2026-07-30 11:28:18,,i had fun playing this game cool destruction,1,14.5.0,praise,positive,False,unknown,Player had fun and enjoyed the destruction mechanics.
2026835a-d86e-4e00-be4b-0ceb1f977216,us,Erwin Adi,5,2026-07-30 09:34:20,,btw i love this game because there all episode <3,0,unknown,praise,positive,False,unknown,Player loves the game and appreciates having all the episodes.
c45bd9ca-c664-4758-ab2f-438996a7f9c8,us,Nameles Intelect,1,2026-07-30 08:21:02,,"so bad...I really used to like this game a lot. it's clear that they have simply run out of ideas to make it fun, so now the levels are just packed with garbage. The biggest mistake in my opinion are the nonsensical chain reactions you have to trigger to get a decent score. there should be some rhyme or reason as to how to defeat the level, but most of the time it's just a mess. had to lower to 1 star after a week of playing many hours. the tournaments made me rage quit. they're really awful",4,14.5.0,tournaments_fairness,negative,True,unknown,Player rage-quit after a week due to awful tournaments and frustratingly nonsensical level design.
88c0ee81-47df-48ed-ba56-cd97055d0239,us,etters dorf,5,2026-07-30 08:17:05,,I like it,0,14.5.0,praise,positive,False,unknown,Brief positive review expressing simple enjoyment.
a247520f-6625-41dc-986d-5c6c7447b218,us,Sunil Sing,5,2026-07-30 07:07:15,,this is very nice game,0,14.5.0,praise,positive,False,unknown,Player calls the game very nice.
aba08ecc-e28c-44e0-89da-24014cd79ce2,us,Shasthi Biswas,5,2026-07-30 05:27:49,,good game. this is my childhood favourite game,0,14.5.0,praise,positive,False,veteran,Player praises the game as a good childhood favourite.
b2ca12a0-89d4-41a7-8931-79ee3ac69092,us,Owen Tainter,3,2026-07-30 04:56:20,,"Compared to the original games it's pretty bad but on its own it's ""fine"" I guess, especially considering the only other option is Angry Birds 2 and that one is way worse in terms of the mobile monetization garbage that they forced to make the game worse. Though this one's levels are significantly worse compared to 2.",0,14.5.0,monetization,neutral,False,unknown,Player finds the game merely fine compared to originals but prefers it over AB2's worse monetization.
fce45794-50a5-48c1-a218-a5d94dc041ce,us,Kevin Lopez,5,2026-07-29 23:53:57,,This is soo fun I really like it!!!!,0,14.5.0,praise,positive,False,unknown,Player finds the game very fun.
343586e1-da32-4084-92b3-491562aaa2e9,us,Saima Aqil,1,2026-07-29 23:42:35,,when I play this game it's always telling me to update the game,0,14.5.0,bugs_performance,negative,False,unknown,"Game repeatedly prompts player to update, preventing play."
cf6f0e26-e9ea-4277-8b93-8a68caf4fec7,us,Sastha K,4,2026-07-29 14:26:44,,fantastic game but old angry birds re entry game best game delopement future,0,unknown,praise,positive,False,unknown,Player finds the game fantastic and wishes for old Angry Birds content to return.
3b2bdb2e-11e8-4410-9e3c-adcb5bdc97e3,us,Arisha Hassan Zoya,5,2026-07-29 10:35:40,,this game is very Cool,0,14.5.0,praise,positive,False,unknown,Player simply says the game is very cool.
b504b5a2-67d3-4791-ad98-57b874506c15,us,Md Mahfuzur Rahman,5,2026-07-29 06:49:12,,childhood game,0,unknown,praise,positive,False,veteran,Player nostalgically refers to the game as a childhood favourite.
33ea487e-7152-459f-be33-d66ab3ac00a5,us,R Cowboy Mcbride,5,2026-07-28 19:41:35,,"awesome, fun game",0,14.5.0,praise,positive,False,unknown,Player calls the game awesome and fun.
e3932f29-0db9-4499-94f3-bb22d8b6ccf9,us,strom gaming,5,2026-07-28 17:02:25,,angry bird my old game,0,unknown,praise,positive,False,veteran,Player nostalgically references Angry Birds as an old favourite game.
615e9249-e9d3-468d-8db9-fc1eb69578d0,us,mahejabin chawakwala,4,2026-07-28 15:07:05,,OK . even I lost 22000.. points..I started with New game.. Thanks,2,14.5.0,bugs_performance,neutral,False,unknown,"Player lost 22,000 points and had to start a new game, but remains somewhat positive."
d45c730e-2fcf-4d43-a1e3-c0f15f15548c,us,Santanu ku Sahoo,1,2026-07-28 14:52:54,,bekar game,0,14.5.0,other,negative,False,unknown,Player calls the game useless with no further detail.
89e995bf-5847-483c-b8ed-5fff95a3d035,us,Shalom Aronin,5,2026-07-28 13:27:47,,good,0,14.5.0,praise,positive,False,unknown,Single-word positive review.
3bf97ff9-091b-4cfa-9ce5-d824980fb973,us,Tony Varghese,5,2026-07-28 12:36:39,,it's fun,0,14.5.0,praise,positive,False,unknown,Player briefly states the game is fun.
de4e5df2-8da4-4fd6-8099-753df95200e7,us,Champatrao Shinde,5,2026-07-28 10:36:26,,nice.,0,unknown,praise,positive,False,unknown,Brief positive rating with no specific feedback.
79935b07-8bda-42f5-a070-a8444d2be906,us,Mike Nathaniel S. Accad,1,2026-07-28 06:44:44,,"The game automatically accepts unauthorized payment. I downloaded it and misclicked their ""bundle"" by accident and it auto debited my account that wasn't even linked to my account but somehow was debited to my bank account.",1,14.5.0,monetization,negative,True,new,Player reports an unauthorized payment was auto-debited after accidentally tapping a bundle offer.
437638be-53b1-4167-99ae-0e383478f403,us,Gar,5,2026-07-28 05:29:50,,why is the 75 keep going down after two angry birds friends cuz you can hear woods in the ground (cuz you might see the whole thing cuz you will hear some woods in the ground got) and 85 can't hear woods it doesn't have enough ground gas (cooler),0,unknown,other,positive,False,unknown,Incoherent feedback referencing level numbers and in-game sounds.
c478ee75-dc69-4091-a680-e1cd629e3a7f,us,Parveen Suresh,5,2026-07-28 02:05:49,,good,0,14.5.0,praise,positive,False,unknown,Single-word positive review.
2bedfa22-4e55-4198-84df-52d9359a6aee,us,John Justice,5,2026-07-27 20:21:56,,great game,1,14.5.0,praise,positive,False,unknown,Brief positive praise with no specific detail.
e0d8a276-1920-42ae-b184-299fee097324,us,Chelsye Lane (Immortal Jellyfish Studio),5,2026-07-27 17:10:14,,this is the best,0,14.5.0,praise,positive,False,unknown,Player calls the game the best with no further detail.
001b2d22-c045-459e-98d9-302b72cb833d,us,Aqsam Ali,3,2026-07-27 15:58:19,,I think it is offline but it's not therefor I give three stars,0,unknown,ux_ui,neutral,False,unknown,"Player expected offline play and was disappointed it requires a connection, giving three stars."
fbe9d2ac-44f6-4ec9-8eed-7082ef07b89c,us,Abdulrahman Melegy,5,2026-07-27 13:28:49,,good 👍,0,14.5.0,praise,positive,False,unknown,Short thumbs-up positive review with no detail.
5eadbe0d-89bc-4d65-9cd6-3e50eca8c3b2,us,Depak Kumar,5,2026-07-27 13:22:41,,FULL ❤️ ENJOY ❤️🫶❤️👍,0,14.5.0,praise,positive,False,unknown,Enthusiastic short praise expressing full enjoyment.
4409726d-fc1c-4495-b03f-333ebd4954d3,us,WG Optical,2,2026-07-27 09:57:58,,"If you make the levels too hard, it isn't fun anymore. Then I will rather play a game that is easy and relaxing.",0,14.5.0,progression_difficulty,negative,True,unknown,Player finds levels too hard and says they would rather switch to an easier game.
f4adfd6a-fe18-4fb0-9791-469e22eb851a,us,kugan nathan,5,2026-07-27 09:51:03,,excellent game,0,14.5.0,praise,positive,False,unknown,One-word positive rating calling the game excellent.
dfd03105-b30b-4d74-975c-3568250c6aad,us,Mahesh Saini,1,2026-07-27 08:24:31,,still loading it's not going to forward 😞,0,unknown,bugs_performance,negative,False,unknown,Game is stuck on loading screen and will not progress.
d9e1e205-ad3c-454e-a449-e63a416bb5b2,us,I miss jenna marbles,5,2026-07-27 07:24:34,,so peak,0,14.5.0,praise,positive,False,unknown,Very brief slang praise indicating the game is great.
ad355727-980f-47ec-8147-f15104ef3768,us,deepthi reddy n,5,2026-07-27 04:51:09,,Nice game!,0,14.5.0,praise,positive,False,unknown,Short positive review calling it a nice game.
caa81567-1f9f-4bf8-b891-82778308b4e2,us,Kim Caffee,5,2026-07-26 21:25:14,,"fun, fun,fun",0,14.5.0,praise,positive,False,unknown,Player emphasizes the game is fun repeatedly.
c48f9181-6547-40fc-9816-db9e187e4cb8,us,Maggie Shanti Sabin,5,2026-07-26 20:20:32,,I love this game I like all the levels I love the All the birds It's a very fun game,0,14.5.0,praise,positive,False,unknown,Player expresses love for the levels and birds calling it very fun.
8895c7eb-c4c8-48fe-8ad1-6f789ffe2b76,us,Dammjan Oljaca,5,2026-07-26 17:34:01,,its a cool game but it keeps wiping my reds club account when i reopen the game,0,14.5.0,bugs_performance,negative,False,unknown,Player's Red's Club account data is wiped every time the game is reopened.
ea643556-9bc8-4043-8828-da7e75fd4009,us,Даніл Тітуленко,2,2026-07-26 14:45:24,,"next is angry birds friends... idk? Just, fix everyone's problems, like add the bird avatar from the old angry birds friends, add new birds like, jo, ruby, Tony, ice bird, Stella's flock, melody, silver... the classic look not the movie one, anything that will be here, and next is the graphics. I say we have to change it. its so unappealing, we should change back to the classic look. and add a (legit) level editor. because the (fake) level editor. is just nothing like a level editor at all! & mm",0,14.5.0,feature_request,negative,False,unknown,"Player requests adding classic bird avatars, new birds, revamped graphics, and a real level editor."
8cc7bc04-9287-4615-828b-7117556037f8,us,Dean Arkinstall,2,2026-07-26 09:59:07,,too many ads. I'd prefer to just buy the game. uninstalling,0,14.5.0,ads,negative,True,unknown,"Player found too many ads and uninstalled, preferring a one-time purchase option."
a33b2d73-bd95-4757-b6e8-3d0cb7a842c0,us,Rohan mohapatra,5,2026-07-26 04:22:12,,good,0,14.5.0,praise,positive,False,unknown,Single-word positive review.
c1ba6a8c-df84-4b00-abb5-7f734a1dd534,us,Pablo Rosas,5,2026-07-26 03:15:18,,the app is so funny 😂🤣 LoL!,0,14.5.0,praise,positive,False,unknown,Player finds the game funny and entertaining.
25fff8ab-afed-48df-abdf-1542dacc605d,us,NAIRIT MANAK,1,2026-07-26 02:09:27,,hang maar gaya chala hi nhi baad me 🤬,0,unknown,bugs_performance,negative,False,unknown,Game hangs and does not load at all for the player.
0041b68c-04fc-4d3c-bdca-0026fd77595f,us,Jaeger,5,2026-07-26 02:02:38,,fun!,0,14.5.0,praise,positive,False,unknown,Short one-word positive review.
16d8c6e5-136f-4405-8021-2cfb1012447d,us,Glenn Harris,5,2026-07-25 23:31:52,,My favorite game of all time. Been playing it for years,0,14.5.0,praise,positive,False,veteran,Long-time player calls it their all-time favorite game.
95774b3f-aa01-4fbf-94ad-a68bbad79db5,us,Josiah Salazar,5,2026-07-25 22:38:35,,"this game is really fun! it's a great way to play more traditional angry birds unlike ab2. lots of new levels regularly keep the game from going stale, and is the best free option for traditional ab! some of the levels might be a bit pay to win, but it's not like there is a premium currency that's only available scarcely for free. downloaded yesterday and but 90 minutes into it no intrusive ads other than pause menu ads for other games.",6,14.5.0,praise,positive,False,new,"New player praises traditional gameplay, regular new levels, and non-intrusive ads while noting slight pay-to-win elements."
c5178f7a-f671-4fe3-9c9b-8f94bd678103,us,John Debest,5,2026-07-25 20:24:13,,"Fun, easy to get going.",0,unknown,praise,positive,False,unknown,Player finds the game fun and easy to pick up.
2bcf53fb-60c5-4766-a706-e958ef2ddaa0,us,Sebastian Kolka,1,2026-07-25 19:13:25,,does not work without internet access. bring back the classic,0,14.5.0,feature_request,negative,False,unknown,Player complains the game requires internet and wants the classic version back.
86f2e851-3ef4-477a-b044-dbfd686bf4ba,us,Psycen Arcenal,3,2026-07-25 16:51:08,,"it's a good game as someone who's pretty new to the angry birds franchise as I wasnt even born yet when the first game came out, but it bugs me SO MUCH that the game doesn't even teach you the basics and it doesn't tell you anything about the birds abilities, it just expects you to know.... I don't like that",0,14.5.0,ux_ui,neutral,False,new,New player frustrated that the game lacks a tutorial explaining bird abilities.
62835bb4-d365-4b14-a692-9b4bd3266dcb,us,Denys Sneygans,5,2026-07-25 15:31:46,,Fantastic game,0,14.5.0,praise,positive,False,unknown,Player calls the game fantastic.
7e747e6c-cc22-441a-b511-b6bb75a0808d,us,Gopal Krishna Ghadei,1,2026-07-25 14:47:14,,Frustrating,0,14.5.0,other,negative,False,unknown,Player finds the game frustrating with no further detail.
1333e816-543d-4671-b183-c0ea282384fa,us,dqzeropb,4,2026-07-25 11:22:43,,it's great but I wish there's an option to switch soundtrack and hear the old classis one just like subwaysurfers ❤️,0,14.5.0,feature_request,positive,False,unknown,Player enjoys the game but requests an option to switch to the classic soundtrack.
f4d81bd8-e4ec-4614-a40e-b2294f29d3a2,us,isli kurti,3,2026-07-25 10:52:33,,"So when I opened the game, I thought that the Bird's designs were taken to Angry Birds toons. After I went to Floor 10, I played the Tournament. The thing that this game nails is that they had Fun stages than Angry Birds 2's Reused structures. But the downfall that became so popular is The Designs. AB Friends, A game that used beloved designs like the original had, now starts taking designs from Toons, Why. & the 2nd downside is the Power ups, I spended all 920 coins for Power ups. 6/10 By Rovio",0,14.5.0,ux_ui,neutral,False,unknown,Player praises level variety but criticizes the shift to Toons character designs and costly power-ups.
08f2000d-0e11-40c6-9893-faa69a90967f,us,Jelena snjegota,5,2026-07-25 10:32:29,,super 💯,0,14.5.0,praise,positive,False,unknown,Player gives a brief enthusiastic endorsement.
7ac27b2a-e2a6-4969-9bf5-b934e3e7a25a,us,Raju Dhibar,5,2026-07-25 09:23:02,,this is a nice app,0,14.5.0,praise,positive,False,unknown,Player simply says the app is nice.
0861a11d-f498-43c2-a3db-6c658c205793,us,John Cena,5,2026-07-25 08:14:48,,"Absolute masterpiece! The levels are so creative and charming. A huge thank you to the developers for keeping this game so delightful!""",0,14.5.0,praise,positive,False,unknown,Player praises creative levels and thanks the developers for keeping the game delightful.
aa507ef6-8c86-4151-a150-b7e622f113ec,us,Thrishan A,5,2026-07-25 01:19:50,,it very nice but in next update please add mighty eagle so game will become so nice next time coming update please add mighty eagle okay,1,14.5.0,feature_request,positive,False,unknown,Player enjoys the game and requests Mighty Eagle be added in a future update.
a2ee5b9b-d955-4447-8a09-14a37555af24,us,Commander Colt,5,2026-07-24 19:31:17,,peak gaming I feel like I'm playing the og one on my old kindle 10/10 if you wanna have a fun mobile game to play on long roads trips or when you're sitting on your rocking chair on your cover red patio,0,14.5.0,praise,positive,False,unknown,Player loves the nostalgic feel and rates it a perfect 10 for casual play.
a40335bc-58e7-4ff6-bfe0-3233a6dcc8b9,us,Gabriel,1,2026-07-24 17:03:37,,"not fun, bad graphics, not recommend",1,14.5.0,other,negative,False,unknown,Player finds the game unfun with bad graphics and does not recommend it.
636c2bd2-a794-40b6-a3f1-6ff091e54463,us,Hari Haran,5,2026-07-24 16:12:27,,nice game,0,14.4.0,praise,positive,False,unknown,Player briefly praises the game.
38fee27c-8ed5-4404-a214-b676ba4f7dc4,us,Aw shucks,5,2026-07-24 15:35:45,,this was kind of awesome,0,14.5.0,praise,positive,False,unknown,Player finds the game awesome.
65a4c971-1926-47bf-b600-e3d1b75db6be,us,Stephen Townsend,1,2026-07-24 12:47:53,,"Another angry birds game that's gone straight for money, level design is far to complicated for standard play if you don't spend money you are going nowhere. Can't progress with dialy league levels or any other kind of level unless you pay real cash!",1,14.5.0,monetization,negative,True,unknown,"Player says progression is blocked behind real-money purchases, making the game pay-to-win."
fcf9e516-b9b0-4696-820b-0005908ce2f2,us,AMR 977 (AMR977),1,2026-07-24 08:09:36,,it's not working even tho i have a strong internet connection,0,14.5.0,bugs_performance,negative,False,unknown,Player reports the game is not working despite a strong internet connection.
5791c862-46ec-4f73-a544-d3d3319d1504,us,Edan Ciurea,5,2026-07-24 07:58:07,,it's peak,0,14.5.0,praise,positive,False,unknown,Player calls the game peak.
40250016-9160-4a09-87eb-0d8a605152c9,us,Paul,5,2026-07-24 01:36:01,,very good angry Bird,0,14.5.0,praise,positive,False,unknown,Player gives the game a positive endorsement.
3797f6cb-6240-44b2-bfea-9be2675da8b7,us,Jonas Rodrigues Barbosa Abreu,5,2026-07-23 21:32:01,,i love this game,0,14.5.0,praise,positive,False,unknown,Player expresses love for the game.
1f78ecb2-d966-4dc5-bd31-f244acc30b2f,us,Rob Mugs,2,2026-07-23 19:15:04,,"Fun but if you press the wrong button on the Floors portion, you go from level 5 to 2. Ridiculous attempt at a pay to play To the person that replied to my review, it has been uninstalled. I did spend some money on the game but that was the last straw.",0,unknown,monetization,negative,True,unknown,Player uninstalled after a pay-to-play mechanic reset their floor progress unexpectedly.
62049992-7737-4831-b402-55728f10b2de,us,Viper,5,2026-07-23 17:21:51,,super fun,0,14.5.0,praise,positive,False,unknown,Player finds the game super fun.
e7d2e94d-ea26-4907-807c-db9c304b4c23,us,Scott Schaefer,1,2026-07-23 14:44:25,,game is absolute trash. makes you lose more than let you win. dont waste your time.,0,unknown,tournaments_fairness,negative,True,unknown,Player feels the game is rigged to make them lose and advises others not to bother.
494d2411-4fea-42da-a50c-105117d87ab2,us,Abhi ram,1,2026-07-23 10:30:09,,struck a lot,0,14.5.0,bugs_performance,negative,False,unknown,Player reports the game freezes or gets stuck frequently.
39d5a47d-36b6-470b-b996-118c93f80a49,us,Seema Prasad,3,2026-07-23 05:41:43,,good game but no MIGHTY EAGLE that's bad rovio,0,unknown,feature_request,neutral,False,unknown,Player enjoys the game but is disappointed that Mighty Eagle is missing.
80f7bc14-25e9-444b-881d-e7a63016fa04,us,Abdul Smith,2,2026-07-23 05:20:30,,very good 👍,0,unknown,praise,positive,False,unknown,Brief positive rating despite the low star score.
74d46ce9-acfe-43c5-99dd-a30df43568a2,us,David Wilson,2,2026-07-23 02:07:01,,"Definitely the best game Rovio currently has available by far. Its gotten much worse since it first came out, the physics feel off and there are way too many visual effects that cover the screen, but it's playable. Much better than 2 but still in the shadow of the classics.",1,14.5.0,praise,neutral,False,unknown,Player considers it Rovio's best current game but notes degraded physics and excessive visual effects compared to earlier versions.
4d7cdb54-191b-428f-9706-72e52d59902f,us,Ezekiel Chaparro,5,2026-07-23 00:09:27,,liked it,0,14.5.0,praise,positive,False,unknown,Simple positive one-word review.
d3693e77-e86b-4503-8ff8-49043c0747b4,us,Jon Bredensteiner (Jr),1,2026-07-23 00:06:10,,"This is my favorite game of all time. I play pretty much every day, but I'm about to uninstall it because it is way too expensive to play! They should allow us to pay a monthly fee to have unlimited power-ups. Update: This is still my favorite game, but as I said before, this company is greedy AF! Now they make the levels so hard, which would be awesome if it wasn't so D. expensive. Honestly, it's easy to blow close to $50-$100 a week playing this game if you really want to win...!",7,14.5.0,monetization,negative,True,unknown,"Daily player threatens to uninstall due to extremely high costs, claiming players can spend $50–$100 a week to be competitive."
0db97590-125c-4446-bb17-9115b2bd5041,us,Jaxon Perez,5,2026-07-22 23:07:57,,"This game is similar to the old angry birds, which is great for me.",0,14.5.0,praise,positive,False,unknown,Player appreciates the similarity to classic Angry Birds.
fe8c3aa2-8a17-4db3-a3d5-f3061a5275bd,us,Jacob Valdez Ruiz,4,2026-07-22 17:59:11,,I wish there an option to change the sprites to classic angry birds,0,11.19.1,feature_request,neutral,False,unknown,Player requests an option to switch sprites to classic Angry Birds art style.
c5f305f0-3dc6-4b99-a968-6176e27ec729,us,Saravanan M,4,2026-07-22 09:15:22,,i like this game,0,unknown,praise,positive,False,unknown,Short positive review expressing enjoyment of the game.
a0cb4057-edfc-4056-ac4c-e3718eae92b5,us,Altab Hussain,1,2026-07-22 02:48:01,,good game,0,unknown,praise,positive,False,unknown,Describes the game as good despite leaving a 1-star rating.
6c27c5a7-9e7d-452c-a04b-b4855c11560f,us,dandy dandy,5,2026-07-21 19:45:41,,its a good game I'm only writing this because i have to,0,14.5.0,praise,positive,False,unknown,Reluctant reviewer acknowledges it is a good game.
6ce86a3f-2194-4ebc-8a94-6a88f0614edb,us,Vicki Ford,3,2026-07-21 19:22:34,,good game,0,14.5.0,praise,positive,False,unknown,Brief positive review calling it a good game.
6a4feb83-479c-4b09-a003-5916b6f2d164,us,Carla Eauslin,1,2026-07-21 15:58:14,,game played fine until last week. Now I can't play it at all,0,unknown,bugs_performance,negative,True,unknown,Game was working fine until last week and is now completely unplayable.
92a50f3a-b67f-42f9-b7fd-65b1958d8e86,us,Ammiel Juico,5,2026-07-21 09:14:44,,I miss the old version :(,0,14.5.0,live_events,negative,False,unknown,Player misses the old version of the game.
4187c86a-f5f4-472c-b9a0-f5038bc54de8,us,M Zachary Cocuaco,5,2026-07-21 09:06:55,,its good,0,14.5.0,praise,positive,False,unknown,Simple positive one-word review.
f59f54e6-f349-49e4-8b26-7fbcea993632,us,Dal Alek,5,2026-07-21 06:36:17,,Kiriakou reminded me of my childhood safe haven.,0,14.5.0,praise,positive,False,unknown,Game evokes nostalgic childhood memories for the player.
fc3be1a7-05f4-4d15-92a3-ad7771812a40,us,Lachie James,3,2026-07-21 05:49:19,,"The gsme gets good, and it's the most classic angry birds that's still there, but the levels are so hard. The levels are sometimes so big that I don't know how to reach them. Microtransactionsy but not as much as Angry Birds 2. Could be better.",0,unknown,progression_difficulty,neutral,False,unknown,"Player enjoys the classic feel but finds levels excessively hard and large, with moderate microtransaction concerns."
24f5b5ca-7f51-415d-ae4e-50065f849bc6,us,Chase Vinson,3,2026-07-21 05:47:13,,"this game is fun, I mean it's the only good slingshot game besides angry birds 2 that's actually still supported, but something about the art style is lifeless and it feels too commercial and there isn't even much passion anymore. still a fine game overall but I wish it was better",0,unknown,live_events,neutral,False,unknown,Player finds the game fun but criticizes its lifeless art style and lack of passion in content updates.
dddf872a-24d8-4cfc-8283-0df880df4b15,us,Simon Jan,3,2026-07-21 02:40:01,,old is Gold,0,14.5.0,praise,positive,False,unknown,Short nostalgic remark favouring the older version.
1ea112bf-1897-44ac-a138-a41a7e1aaa3e,us,Craig Dunn,5,2026-07-20 23:03:38,,good,0,14.5.0,praise,positive,False,unknown,Single-word positive review.
460888a7-2c4a-4374-a8ed-524ab034b8d7,us,Bridgett Hall,5,2026-07-20 22:03:21,,"just started back after a short rest, even more fun! new bird added on!",4,14.5.0,praise,positive,False,returning,Returning player finds the game even more fun after a break and appreciates the new bird addition.
48651555-e31f-4aa7-8ae7-25ccd287423d,us,J Trausti Jonsson,2,2026-07-20 19:10:58,,"Still freezing, they answer for 2 years now saying it will be fixed but its not fixed. Giving up on this game app still freezing after ads, put in 070726. 2026- still freezing after ads, just plays the ad and then nothing can be done but close the app and loose previous power ups. 2025-Lately game freezes after ads and you loose moves and level, game still getting worse. 2023-Would have rated it to five but they just started to put some ads in between moves and that is horrable...",4,14.5.0,bugs_performance,negative,True,veteran,"Long-term player reports persistent freezing after ads for years, losing power-ups and progress, with no fix from the developer."
458ba13a-8029-4ccf-a404-bf944a14dd1e,us,William Gomez,5,2026-07-20 18:50:22,,It's seems to be cool and I enjoy it. 🙂,1,unknown,praise,positive,False,unknown,Player finds the game cool and enjoyable.
16ed4f4c-a189-442c-af57-5f24755f950c,us,Donna Fouladi,5,2026-07-20 17:10:55,,I really like this game! It reminds me of the original Angry Birds but only new and different.,0,14.5.0,praise,positive,False,unknown,Player enjoys the game as a fresh take on the original Angry Birds experience.
e8dd645a-58f4-40ca-b630-8628bce77c9d,us,plz sub,5,2026-07-20 15:06:31,,"this game is *WAY* better than angry birds 2 as there's no penalty for losing, there's easier levels, not many microtransactions and there's fun events.",0,14.5.0,praise,positive,False,unknown,"Player praises the game for having no penalty for losing, easier levels, fewer microtransactions, and fun events compared to Angry Birds 2."
09769634-75f8-48bf-a14c-0ea9b3159836,us,chandina rohini,1,2026-07-20 14:55:49,,meke offline kiyala thibbata online ne,0,unknown,feature_request,negative,False,unknown,Player requests an offline mode as the game currently requires an online connection.
3499b8a2-873b-430a-9587-769b9ac2676c,us,Dharmendra sinh Dayama,5,2026-07-20 13:02:36,,nice 👍,0,unknown,praise,positive,False,unknown,Brief positive review giving a thumbs up.
e9184308-e4fb-4295-99ba-4766a6ffa462,us,Uttam Gandhi,5,2026-07-20 11:41:29,,nice game,0,14.5.0,praise,positive,False,unknown,Player finds the game nice with no further detail.
6e550b66-ce99-496e-b57f-5e0e77f2c821,us,Barbara Cavazos,5,2026-07-20 11:28:51,,it's been fun,0,14.5.0,praise,positive,False,unknown,Player says the game has been fun.
22ed1721-e2b2-4d56-bcbc-db160c020f52,us,Amit Rajput,5,2026-07-20 08:32:09,,very good,0,14.5.0,praise,positive,False,unknown,Brief positive rating calling the game very good.
44cfe1f8-8c25-4849-918d-461afaaa6251,us,Ankur Sahu,5,2026-07-20 07:26:07,,mast time pass,0,14.5.0,praise,positive,False,unknown,Player enjoys the game as a casual time-pass activity.
fe3065e1-c3ed-4643-9650-f685a1cc12a1,us,Saracitra Pudewa,5,2026-07-20 06:15:32,,this game so funny and I superrrr like this game,0,14.5.0,praise,positive,False,unknown,Player finds the game funny and expresses strong enthusiasm.
73101738-b4e6-4732-b506-559cd4c65e13,us,Pedro Jr Buucan,5,2026-07-20 02:21:41,,angry birds was a cool game and it was so much fun it's time i shoot them what does slingshot,3,14.5.0,praise,positive,False,unknown,Player highlights the fun slingshot gameplay of Angry Birds.
1483d418-504a-40fd-9ba4-2e6990b5d280,us,Maxwell Myntsies,5,2026-07-20 00:08:45,,Nai lekke,0,14.5.0,praise,positive,False,unknown,Short positive review in another language expressing approval.
a70d5fd8-287b-4793-bc96-f97ab41f4568,us,Dillan Brisbane,5,2026-07-19 22:40:00,,who is the most best game this one it represented the OG angry birds forever keep up the good work!,0,14.5.0,praise,positive,False,unknown,Player praises the game as the best and a true OG Angry Birds experience.
ebbaf38c-52ce-44e5-b5ec-e7655e09753d,us,john fox,5,2026-07-19 21:36:19,,fun and entertaining,0,14.5.0,praise,positive,False,unknown,Player finds the game fun and entertaining.
7c26bb73-1373-4223-ba56-967f32d19514,us,Tebza Erol,4,2026-07-19 17:44:34,,good,0,14.5.0,praise,positive,False,unknown,Brief positive review simply calling the game good.
c73f1870-0ddd-4e07-a4f5-c336c72268e4,us,Ivey Shankle,5,2026-07-19 16:59:29,,great game,0,14.5.0,praise,positive,False,unknown,Player rates the game as great with no further detail.
da4f48f8-28cd-4c27-87e5-582ac8353dfc,us,Bouatiya Khadija,5,2026-07-19 13:30:39,,it's a funny game that makes boring go away,1,14.5.0,praise,positive,False,unknown,Player says the game is a fun way to beat boredom.
b843407f-09b1-46fb-8066-b50a10b9feb9,us,Rajat jayanti Kushwaha,5,2026-07-19 12:21:51,,this is very nice and fun game,0,14.5.0,praise,positive,False,unknown,Player describes the game as very nice and fun.
8fffca95-9d1c-42ff-8e4f-9e68d42def74,us,Noah,5,2026-07-19 07:38:08,,IM A HUGE FAN OF THE MOVIEE AND THE GAME,0,14.5.0,praise,positive,False,unknown,Player is a huge fan of both the Angry Birds movie and the game.
eee758f5-0c86-496d-a868-82f8d0586269,us,radit natharo,5,2026-07-19 07:12:05,,sulit tapi seru,0,14.5.0,praise,positive,False,unknown,Player finds the game challenging but exciting.
a507f8fc-81b3-42d3-938a-5cd8eaf3169e,us,Shiva Sanju,5,2026-07-19 07:09:33,,My All Time Favourite.,0,unknown,praise,positive,False,unknown,Player calls Angry Birds their all-time favourite game.
18959cd4-8b34-430b-91fc-3005862f89ae,us,parmjit garcha,5,2026-07-19 06:58:16,,very nice game,0,unknown,praise,positive,False,unknown,Brief review calling the game very nice.
5ec037c3-02fb-4d86-93ac-d8ca8638976e,us,devin oliver,5,2026-07-19 06:31:56,,good og game,0,14.5.0,praise,positive,False,unknown,Player appreciates the game as a good original classic.
b7cf0dd8-ab45-4e2a-966c-0a4dc5ab3ec0,us,rhea calderon,5,2026-07-19 06:05:39,,very peak,0,unknown,praise,positive,False,unknown,Player gives a brief but enthusiastic positive rating.
be9ad25e-cdc1-4151-96e5-fc400c0812a8,us,Christian Polines,1,2026-07-19 04:43:17,,its not working.,0,unknown,bugs_performance,negative,True,unknown,Player reports the game is not working at all.
6ce08e99-6163-4ab2-bdb3-f6bb48e0e326,us,Deepak Kannan,4,2026-07-19 04:12:20,,gaming experience will be good,1,14.5.0,praise,positive,False,unknown,Player anticipates or notes a good gaming experience.
b6c39870-e302-47b8-b466-1fb21bebd936,us,Bowser Jr,5,2026-07-19 03:51:08,,I've been playing angry birds since I was a little kid,0,14.5.0,praise,positive,False,veteran,Long-time player expresses nostalgic attachment to Angry Birds since childhood.
a3ae23fc-4a0b-4d20-813c-dfa2f478d7c1,us,James,5,2026-07-19 02:45:39,,i love it no ads (that I know of) super fun I have always wanted to play the og version but this is great,3,14.5.0,ads,positive,False,unknown,Player is happy about the apparent lack of ads and praises the fun OG-style gameplay.
48a6f761-ecaa-4364-b011-608d61e2c80d,us,Death Summer,5,2026-07-19 00:39:05,,dont let it loose..plz..our childhood,0,14.5.0,praise,positive,False,unknown,Player urges the developers to keep the game alive as a cherished childhood memory.
c1bf9c7f-1558-482f-9cd9-4a411a7f1829,us,Russell semenjuk,5,2026-07-18 20:48:00,,More fun than I expected!,1,14.5.0,praise,positive,False,unknown,Player was pleasantly surprised by how much fun the game is.
443e0eae-e48f-4a2e-a0c5-490c50975774,us,Shifana Banu,1,2026-07-18 17:44:48,,Very bad,0,unknown,other,negative,False,unknown,Player rates the game very badly with no specific detail.
61ef7cbf-5d57-4d2c-af16-a404d09c1267,us,Hamilton imongan,5,2026-07-18 15:04:14,,what a great way to pass the time,1,14.5.0,praise,positive,False,unknown,Player enjoys the game as a great time-passer.
6d842972-e903-4584-b2a1-c5217a543820,us,Ali okasha,5,2026-07-18 14:58:47,,my game doesn't open whenever I play and it take so long to open fix it please edit:it's fixed now,6,14.5.0,bugs_performance,positive,False,unknown,Player reported slow loading and launch issues but confirms they have since been fixed.
6a0fb285-d835-4712-95b7-1a30067f6d57,us,Diane Mikelashvilii,5,2026-07-18 14:02:57,,FUN GAME FOR KIDS. BIG FAN OF ANGRY BIRDS,1,14.5.0,praise,positive,False,unknown,Player praises the game as fun for kids and expresses being a big fan.
9faa89b3-9e51-42c7-beb2-8e6076f9bf7c,us,Abdul Hadi khan,5,2026-07-18 13:06:35,,THIS GAME IS SOOOOOOOOOOOOOOOOOO AWSOME I LIKE IT BRO 😻😻😻😻😻😻😻😻,0,14.5.0,praise,positive,False,unknown,Player enthusiastically expresses how awesome the game is.
71716474-9e85-4816-8c11-f03f96b7f57d,us,Ţhømąś BY,1,2026-07-18 11:55:08,,it's trash cause it's online.,0,unknown,other,negative,True,unknown,Player dislikes the game for requiring an internet connection.
dc927cf1-93c1-48e4-badc-013667c2da5f,us,Roya Rozati,1,2026-07-18 10:33:56,,angry bird,0,13.4.0,other,neutral,False,unknown,Review contains no meaningful content beyond the game name.
d77e5727-950f-4fab-bbfc-f2dabdc66ad0,us,Abhijit Jana,1,2026-07-18 08:33:48,,nice game,0,14.5.0,other,neutral,False,unknown,Player leaves a one-word positive comment despite a 1-star rating.
bf9bc250-2390-45f4-aaec-1e720b76c5cd,us,Eressa Enriquez,5,2026-07-18 08:17:30,,over all for endurance,0,14.5.0,praise,positive,False,unknown,Player briefly praises the game for endurance.
e3a80dbc-6dd2-476a-ae7d-6b4e99419bcc,us,Jhaira Bantilo,5,2026-07-18 02:24:17,,i like this game so much that I could play it all day and I am so absolutely obsessed with it and even playing it everyday,0,14.5.0,praise,positive,False,unknown,Player expresses deep enjoyment and daily obsession with the game.
caade4fc-606f-4fe3-b6ec-5e9831fc1965,us,Mrinal Hossan,1,2026-07-18 00:22:55,,so bad game 😡,0,14.5.0,other,negative,False,unknown,Player expresses strong dislike of the game with no specific detail.
17cea708-64c4-4773-93e2-5d345417207d,us,Sam Pasco,5,2026-07-17 22:48:11,,no ads,0,14.5.0,ads,positive,False,unknown,Player positively notes the absence of ads.
e78817a9-c369-4a77-9eed-310b98d04826,us,Deb Lerew,1,2026-07-17 19:10:00,,"For the past few months, this game has been locking up on me. I've deleted the game, downloaded it again, and restarted my phone, but nothing works. Editing this review a year and a half later to say that the same garbage is happening again. Well, here I am editing my review yet again for the same problem yet again. Guess what just happened AGAIN? Can you do more than give lip service and ""sorry for the issues?"" Like fix the issue? And once again. Same issue, nothing fixed",1451,14.5.0,bugs_performance,negative,True,veteran,Long-term player reports a recurring game lockup issue that has never been properly fixed despite multiple edits over years.
bafe062b-7d22-4da1-9b6b-cbf5c73a1d14,us,Victoria Satterwhite,5,2026-07-17 18:42:14,,real flying could get very fast,0,14.5.0,other,positive,False,unknown,Player leaves a vague positive comment about flying speed.
6d1bf867-147a-4998-87bc-aa26a570b81b,us,Abraham Abu,5,2026-07-17 18:04:07,,I love the game. most especially the sound effect,0,14.5.0,praise,positive,False,unknown,Player loves the game and especially appreciates its sound effects.
4fb62ea7-7a32-4b1b-92f6-50008b455dbf,us,BILLION DOLLAR MOMMY,5,2026-07-17 17:17:01,,nice,0,14.5.0,praise,positive,False,unknown,Player leaves a brief positive one-word review.
ad52e946-6aaf-4982-8254-c2753576f6c5,us,Tomatoトマト,1,2026-07-17 14:10:16,,"After watching ads video to get power up to play, game freezes; have to restart game. All efforts wasted and lose points scored midway. Super Disappointing!",4,14.5.0,bugs_performance,negative,False,unknown,"Game freezes after watching an ad for power-ups, causing loss of progress and points."
4a408100-1a5c-4d95-8ecd-67a209a1f277,us,Habeeb Adewale idris,1,2026-07-17 14:00:29,,"At Level 57, When there was only one pig left. i tried to use the birdquake, but the pig did not fall, fix it,rovio🙄🙄🙄",0,14.5.0,bugs_performance,negative,False,unknown,Player reports a bug where the Birdquake power-up failed to kill the last pig.
d7f9b73f-c915-444f-afaf-9653fd1bb4ac,us,Eduardo Nakpil,5,2026-07-17 13:01:30,,Is the best game I have ever seen rovio the developers of angry birds is been 7 years since they got deleted from apple app store in google play it was angry birds classic,0,14.5.0,praise,positive,False,veteran,Long-time fan praises Rovio and reflects on Angry Birds' history since being removed from app stores.
c4be2eb3-2142-4508-9949-5f3eda0fd826,us,Michael Tomlin,5,2026-07-17 11:45:30,,fun loving friends and family 👪 friendly ❤,0,14.5.0,praise,positive,False,unknown,Player praises the game as fun and family-friendly.
2f8e3f98-b1a4-4896-ad9f-928f09fceee8,us,I'm Muni,5,2026-07-17 11:07:50,,super,0,14.5.0,praise,positive,False,unknown,Player leaves a brief one-word positive review.
8eccfd2d-b0ef-4704-8aee-10a08c467324,us,Sumi. Shafaq,5,2026-07-17 10:21:56,,gud,0,14.5.0,praise,positive,False,unknown,Player leaves a brief positive review calling the game good.
2e1887da-5daa-454b-9fc5-33eb49ba7bbf,us,Shivam Vishwakarma,4,2026-07-17 09:13:48,,very nice,0,14.5.0,praise,positive,False,unknown,Player gives a brief positive review describing the game as very nice.
bb4a3578-1102-4249-a20e-ce3fa1586f65,us,Kushall Sasste,5,2026-07-16 15:52:33,,best 🍗🍗🍗🍗🍗🍗🍗🍗🍗🍗🍗🍗🍗🍗🍗🍗🍗🍗🍗🍗🍗🍗🍗🍗🍗🍗🍗🍗🍗🍗🍗🍗🍗🍗🍗🍗🍗🍗,0,14.5.0,praise,positive,False,unknown,Player rates the game as the best with enthusiastic emoji use.
626ffbf9-be13-4b23-8b16-951e88f22db0,us,Fitriani Mustafa,5,2026-07-16 11:49:19,,AB Friends,0,14.5.0,praise,positive,False,unknown,Player leaves a minimal positive review referencing the game by name.
a4a02cde-21c0-4bbb-af73-881042ee2338,us,Ahad Jawed,5,2026-07-16 09:59:01,,its SUPER GREAT!,0,unknown,praise,positive,False,unknown,Player enthusiastically praises the game with no specific details.
8583520b-f81f-4f48-be02-748920db4f44,us,RENX Editz,5,2026-07-16 05:19:47,,don't read just download it and play it,0,14.5.0,praise,positive,False,unknown,Player strongly recommends downloading and playing the game.
39729a7a-f05e-41ba-9838-1a5c91feb10d,us,Anil Pokhrel,5,2026-07-16 04:10:50,,good,0,14.5.0,praise,positive,False,unknown,Brief positive one-word review.
56326ec6-a9bc-4e18-b17b-9790a5325c9b,us,Red PortalClanGamer2010,5,2026-07-16 02:45:04,,This Game Is So Nostalgic to me,0,unknown,praise,positive,False,unknown,Player expresses nostalgic fondness for the game.
314b52d7-adaa-46fa-8fe8-5193fc0642da,us,Little Caesars,3,2026-07-16 02:23:43,,"The game starts out fun. But after level 34 the difficulty noticeably increases. To the point you're forced to spend coins on PowerUps to win. This is awful as some players want to save their coins, not buy PowerUps. And the cheapest option to buy PowerUps being 2 for 60 coins is awful, as probably not everyone has enough coins to buy the PowerUps. So they have to spend real cash to get coins. And not everyone has cash to spend. So please fix this. By a professional (unofficial) Game Critic.",1,unknown,progression_difficulty,negative,False,unknown,Player criticizes forced coin spending on power-ups after level 34 due to a sharp difficulty spike.
ec585ad4-a29a-42c9-8b14-e3729b1456c3,us,Russell,5,2026-07-16 01:55:58,,been years since i played angrybirds its still good,1,14.5.0,praise,positive,False,returning,Returning player is happy to find the game still enjoyable after years away.
eb36df09-9cc8-4c73-9471-5beab5717187,us,Brent Marin,5,2026-07-15 19:31:22,,great way to pass time in a waiting room,1,14.5.0,praise,positive,False,unknown,Player enjoys the game as a casual time-passer.
c1a5ba39-685f-487f-a312-669954704325,us,Chosen Egiebor,5,2026-07-15 16:31:41,,angry birds game is amazing,0,14.5.0,praise,positive,False,unknown,Player calls the game amazing with no further detail.
ff694770-cb2d-46b4-967a-43c5df1367f5,us,Francheska Aragones,4,2026-07-15 16:19:38,,rilly goud!,0,14.5.0,praise,positive,False,unknown,Short positive review expressing enjoyment.
4e94020b-f7a5-442d-9f92-840a9a9c4dd9,us,András Nagy Dávid,5,2026-07-15 11:36:56,,Childhood,0,unknown,praise,positive,False,unknown,Player associates the game with childhood nostalgia.
95da8859-00a7-4693-ae11-7df992233e6f,us,Krishna Thakure,1,2026-07-15 06:38:39,,hang again and again,0,14.5.0,bugs_performance,negative,False,unknown,Player reports the game freezes or hangs repeatedly.
a4c9ea5d-bbf1-41d5-9ffa-4f46740cf106,us,RealRed,5,2026-07-14 19:42:19,,Best Angry Birds Game Ever!,0,unknown,praise,positive,False,unknown,Player calls it the best Angry Birds game ever.
f7293766-2f1d-4c01-991a-1c70310b10a8,us,Ubaid Ubaidullah,5,2026-07-14 19:24:55,,ok,0,14.5.0,praise,neutral,False,unknown,Minimal one-word review with no specific feedback.
7a663f54-4f6e-4d85-9bd4-165d0c3c11dd,us,Miguel lopes,5,2026-07-14 16:47:06,,Yay,0,14.5.0,praise,positive,False,unknown,Brief enthusiastic one-word positive review.
96d07b2c-7edc-42e4-bd11-97be8a42fd0c,us,Juvy Mae Lanonte,1,2026-07-14 16:36:16,,"game was good at first few play but then when u reach level 60, the button that was supposed to work is not working! searched it in YT and this has been an issue a long time ago and until now it is not fix yet. dont download this game!",2,14.5.0,bugs_performance,negative,True,unknown,Player reports a longstanding unresolved button bug at level 60 and warns others not to download.
a3f637e7-0831-4f80-915e-4139a233393d,us,AMIR NIAZI,5,2026-07-14 14:23:31,,its a really fun game no ads i think this game is a 5 star honestly,0,14.5.0,praise,positive,False,unknown,Player praises the game as fun and highlights the absence of ads.
9ecb04c6-0ec8-4248-94f1-d140436a3f11,us,Matthew,1,2026-07-14 10:28:17,,new auto playing adverts in star cup,0,14.5.0,ads,negative,False,unknown,Player complains about new auto-playing adverts appearing in Star Cup mode.
88cd7089-7117-4211-9772-910be2014940,us,Jessica Elinsky,3,2026-07-14 09:31:28,,"it's cute but a Lil boring. honestly,there's probably better games that pop bubbles. I love panda pop or pop designs games.",2,14.5.0,other,neutral,False,unknown,Player finds the game cute but boring and prefers bubble-popping games instead.
0c3928f8-8a04-4ee6-94cc-0df78fdfe1ed,us,Lesley Scott,5,2026-07-14 06:43:39,,"My favourite game, ever!! So cool. I love the themed events and that I can now connect via Google. The levels are always challenging. So many games within a game. Excellent, thank you Rovio.",0,unknown,praise,positive,False,unknown,"Player loves the themed events, Google login, and overall variety of the game."
9a25a65b-9d09-48b7-8c7d-583827bfe01c,us,PRAVIN PATEL,5,2026-07-14 05:37:53,,Excellant,0,14.5.0,praise,positive,False,unknown,Short enthusiastic positive review.
1fecb925-1665-4d6d-a45f-18f308562ecb,us,john rock,1,2026-07-14 03:30:17,,I just uploaded this game I gave it a good review but now I'm changing my mind and I'll tell you why. when you get to level 41 you can't get past it unless you don't mind spending your real money for coins or birds. Don't waste your time unless you like to waste money 💯. And you really don't deserve the 1 star I'm giving you but it won't let me comment unless I do.,1,14.5.0,monetization,negative,True,new,New player is frustrated by a hard paywall at level 41 requiring real money and warns others away.
cc97474f-f5c4-44f0-9fca-06d36e301dba,us,Evan Archer,5,2026-07-14 02:21:15,,"Fun, also has no ads which is great.",2,14.5.0,praise,positive,False,unknown,Player praises the game for being fun and ad-free.
dac12cbd-f094-40a7-a2bb-de8743b40ff7,us,Cobus Grobbelaar,1,2026-07-14 02:11:59,,Stupid uprade and fonts are too small. Zoom function is worse than the past Still trying to figure out how to get the most points per level. It's different from the game I used to play loooong ago! 💪,0,14.5.0,ux_ui,negative,False,veteran,Veteran player is frustrated by a UI update with tiny fonts and a worse zoom function compared to the old version.
fb7eaf4d-5858-409a-860d-35e774884217,us,Shadaf Makrani,3,2026-07-13 19:17:10,,good,0,14.5.0,praise,positive,False,unknown,Brief one-word positive review.
8647c082-1720-4a97-86be-0813ddfc6f18,us,Kat,4,2026-07-13 17:05:33,,why is level 46 so rigged? it doesn't matter if I get the pigs AND all of the fixtures; the highest score I can manage is 1 star.,0,14.5.0,tournaments_fairness,negative,False,unknown,Player feels level 46 scoring is rigged as maxing out gameplay still only yields one star.
ef3c9efc-a787-4045-a73f-dbc8946e738b,us,Jerwin Alimuin,5,2026-08-27 12:28:13,,best game ever,0,14.6.0,praise,positive,False,unknown,Player simply calls it the best game ever.
30b27764-95c0-4b14-a6e4-93b3e50158bd,us,Noble McCorkle Jr.,5,2026-08-27 08:34:40,,Excellent App,0,14.6.0,praise,positive,False,unknown,Player gives a brief excellent rating with no further detail.
4e0346d2-2dec-4f09-80c9-13fe06231a85,us,Danna Donnell,5,2026-08-27 06:02:07,,I'm having a blast folks !! Love the game . Thank you ROVIO team.,58,14.6.0,praise,positive,False,unknown,Player is thoroughly enjoying the game and thanks the Rovio team.
58701ff1-2413-4ce3-81a9-113491052721,us,Bryan Fry,2,2026-08-27 02:53:59,,"Update... used to be fun and relaxing. Not so much now. The levels are very difficult. Apparently, the cost of the cloud servers is forcing harder game play, requiring purchases of helper items in order to clear levels with 3 stars. Not fun now. Game kept crashing, uninstalled-reinstalled. lost all my progress. It's now gonna stay uninstalled. It was fun while it lasted. --Gee thanks for the response",4,14.6.0,bugs_performance,negative,True,unknown,Repeated crashes and lost progress after reinstall led player to uninstall permanently.
b9de89ee-a972-407f-af53-756f26dd9778,us,Emit Bailey,1,2026-08-26 23:15:09,,power ups,0,14.6.0,economy_rewards,negative,False,unknown,Player leaves a one-star review referencing power-ups with no further explanation.
df5c3c56-e933-4ff9-a240-e06f98ac93ac,us,Moosa Wajudhee,5,2026-08-26 12:06:11,,this was my childhood i couldnt get the original but i found this one and its just like the original,0,14.6.0,praise,positive,False,unknown,Player nostalgic from childhood enjoys this version as a substitute for the original.
e9cf67a0-60e9-4798-a5ff-27f92eb269d7,us,Qelyn Titian,4,2026-08-26 10:10:32,,I think they have no level - 52 I cannot find it,0,14.6.0,ux_ui,neutral,False,unknown,Player cannot locate level 52 and wonders if it exists.
83b1670d-a3bd-49d2-b309-0f57ad22b79c,us,Seema Singh,5,2026-08-26 05:39:40,,I like this game,0,unknown,praise,positive,False,unknown,Player briefly expresses enjoyment of the game.
12dd7fe9-e9ba-40a6-94a4-bebc5b39f273,us,Rachel McNeese,2,2026-08-26 03:04:23,,"I love the actual playing, but Playing Bomb's Garden for building my tower, I've gotten to level 27 (checkpoint) 3 times now and EVERY time, mid-day, I am randomly booted back down to the previous checkpoint (level 21) without having lost the games. I have contacted support twice, to which I was given the checkpoint rewards and told that theyre working on fixing the issue, but was left at level 21. I did buy some power ups and all were wasted, so there's all you need to know. $$ scheme.",1,14.6.0,bugs_performance,negative,False,unknown,"Player is repeatedly reset to an earlier checkpoint mid-progress in Bomb's Garden tower mode, wasting paid power-ups."
93504453-621b-4198-834d-2a2a3956abaa,us,Andrew Caffarelli,5,2026-08-26 01:08:36,,Awesome they don't try and charge you youtlr weekly paycheck to play this game like the do the other Angry Birds that are out nowadays.,0,14.6.0,monetization,positive,False,unknown,Player praises the game for not requiring heavy spending compared to other Angry Birds titles.
27fb5df5-8fa6-4680-a36b-c2dc62a1bbb5,us,Phoenix Hager,5,2026-08-25 22:25:04,,"this game is awesome it's offline competitive and fun to play id definitely recommend it and support it it's fun and mayhem lovers will adore it love you angry birds and rovio is a good company I adore angry birds, fly birdies fly",0,14.6.0,praise,positive,False,unknown,"Player enthusiastically recommends the game, praising its offline competitive fun."
42dd0af6-5df2-4045-8b15-d3abb52794ad,us,Charles Brown (ChuccBreezy),5,2026-08-25 19:26:28,,good game,0,14.6.0,praise,positive,False,unknown,Player gives a brief positive rating.
4e2ee194-3321-4fa3-b584-be81c1b7c933,us,Ishaant Nirmal,5,2026-08-25 18:01:06,,best,0,14.6.0,praise,positive,False,unknown,Player rates the game with a single superlative word.
6537cbd4-3af1-4545-86a1-268775428bda,us,Leonel Venegas Arias,4,2026-08-25 17:25:24,,love it,0,14.6.0,praise,positive,False,unknown,Player briefly expresses love for the game.
0bb43ff5-0328-4624-bf20-2d71fae2d175,us,Md Manik Uddin,5,2026-08-25 15:02:29,,this game is amazing,0,unknown,praise,positive,False,unknown,Player calls the game amazing with no further detail.
f8160030-d284-4c18-883c-ffca1515dd06,us,Twilight Zone,5,2026-08-25 14:57:44,,"First time trying angry birds and its funner than expected, wish the game moved along quicker but its worth your time, pretty exciting game, I can see now why it's a hit.",0,14.6.0,praise,positive,False,new,First-time Angry Birds player finds the game more fun than expected and understands its popularity.
861def65-902b-4275-acfb-b40cf13f3922,us,Mohd Aasif,5,2026-08-25 14:20:54,,Good,0,14.6.0,praise,positive,False,unknown,Player leaves a minimal positive rating.
3ec54d79-61ac-4f0f-9d53-02fbf59e9492,us,greyson greyson,5,2026-08-25 08:45:39,,literally og ab,0,14.6.0,praise,positive,False,unknown,Player appreciates the game as the authentic original Angry Birds experience.
918a9d8c-bb31-4d6c-926a-d706108be279,us,Marie Green,5,2026-08-24 23:49:13,,very exciting,0,14.6.0,praise,positive,False,unknown,Player finds the game very exciting.
fc8d989b-dfb6-48de-874e-30d4bb014287,us,Robin Johansen,5,2026-08-24 15:17:29,,"Superb. Simple, not bloated with money eating pay to win offers like AB2",0,14.6.0,monetization,positive,False,unknown,Player praises the game for being simple and free of pay-to-win monetization unlike AB2.
7119007c-cc06-41fe-88ed-f6cf85dd2000,us,Afifa Tasnim Tuhi,5,2026-08-24 14:09:15,,this a wonderful game😊🤍,0,unknown,praise,positive,False,unknown,Player calls the game wonderful.
3b3fb895-6fdf-40c7-b5f1-73b23f5d33f5,us,Jihadul Hasan Nafi,4,2026-08-08 19:57:49,,good gm,0,unknown,praise,positive,False,unknown,Player gives a brief positive rating.
9b07855f-a3ba-43d8-8bb6-6e4fbbe8874f,us,Charlotte Harrison,5,2026-07-29 05:49:31,,excellent!,0,14.5.0,praise,positive,False,unknown,Player rates the game as excellent.
